index,parallelism_deepspeech,parallelism_ffmpeg-0,parallelism_ffmpeg-1,parallelism_ffmpeg-2,parallelism_librosa,target,memory_queue,acquisition,terminated,feasible,ml_mape
171,4.0,4.0,2.0,2.0,6.0,-1.776849611,,,False,True,
235,2.0,2.0,2.0,2.0,4.0,-1.583097222,,,False,False,
20,4.0,4.0,2.0,4.0,4.0,-0.320928667,,,False,True,
199,4.0,2.0,2.0,8.0,2.0,-0.558790042,,,False,False,
107,4.0,4.0,4.0,6.0,2.0,-0.446536125,,,False,True,
0,4.0,2.0,2.0,4.0,4.0,-0.478763889,,,False,True,
132,4.0,2.0,2.0,4.0,2.0,-0.474599083,,,False,True,
17,4.0,2.0,2.0,6.0,4.0,-0.3125,,,False,True,
222,4.0,2.0,2.0,2.0,2.0,-1.028465194,,,False,False,
18,4.0,4.0,2.0,6.0,4.0,-0.312747681,,0.11507469251021676,False,True,0.4097429718834609
117,4.0,4.0,2.0,4.0,2.0,-0.462181681,,0.061861212587194674,False,True,0.17599830921461165
44,4.0,2.0,4.0,6.0,4.0,-0.349742236,,0.05489887297944517,False,True,0.3474508996943994
16,4.0,4.0,4.0,6.0,4.0,-0.309360444,,0.044271151563660724,False,True,0.15982252528279614
65,4.0,2.0,4.0,8.0,6.0,-0.352691847,,0.03326342434491015,False,True,0.6597995754351533
3,4.0,4.0,4.0,8.0,6.0,-0.174361111,,0.03441875322779313,False,True,1.52554144351674
5,4.0,4.0,4.0,6.0,6.0,-0.289680556,,0.01794826480522259,False,True,0.5783637493580933
7,4.0,4.0,4.0,8.0,4.0,-0.233569444,,0.016884059497097925,False,True,0.9341125463188814
13,4.0,4.0,2.0,8.0,6.0,-0.298934014,,0.013634770126925428,False,True,0.28499791227606547
55,4.0,2.0,2.0,6.0,6.0,-0.347265153,,0.008917313045182302,False,True,0.3359161640759111
