index,parallelism_deepspeech,parallelism_ffmpeg-0,parallelism_ffmpeg-1,parallelism_ffmpeg-2,parallelism_librosa,target,memory_queue,acquisition,terminated,feasible,ml_mape
231,4.0,4.0,2.0,2.0,6.0,-2.021638889,,,False,False,
259,4.0,2.0,2.0,2.0,2.0,-0.68475,,,False,False,
204,4.0,4.0,4.0,4.0,2.0,-0.556930556,,,False,False,
74,4.0,4.0,2.0,8.0,4.0,-0.413611111,,,False,True,
179,4.0,4.0,2.0,2.0,2.0,-0.773426778,,,False,False,
50,4.0,2.0,2.0,6.0,4.0,-0.353336194,,,False,True,
228,2.0,2.0,2.0,2.0,4.0,-1.829888889,,,False,False,
272,4.0,4.0,4.0,8.0,2.0,-0.842475736,,,False,False,
269,4.0,4.0,2.0,8.0,2.0,-0.818444444,,,False,False,
0,4.0,2.0,2.0,4.0,4.0,-0.478763889,,0.5264553996023329,False,True,0.014137907337686348
5,4.0,4.0,4.0,6.0,6.0,-0.289680556,,0.5384172661612129,False,True,0.42547399628085714
7,4.0,4.0,4.0,8.0,4.0,-0.233569444,,0.5943695533666381,False,True,1.288149070700792
8,2.0,2.0,2.0,8.0,4.0,-0.240564167,,0.6467429551641474,False,True,0.06251961831499013
9,4.0,4.0,4.0,4.0,6.0,-0.68646125,,0.6804276806953198,False,True,0.06272705199287283
16,4.0,4.0,4.0,6.0,4.0,-0.309360444,,1.0173653259674014,False,True,0.2584684207770817
192,4.0,2.0,2.0,8.0,4.0,-0.5575,,0.9272904249861236,False,False,0.80664639888935
12,4.0,4.0,4.0,4.0,4.0,-0.457125,,0.6115306406064563,False,True,0.02971350955193038
19,2.0,4.0,2.0,8.0,4.0,-0.314709528,,0.8575672648463111,False,True,0.6528671854525231
13,4.0,4.0,2.0,8.0,6.0,-0.298934014,,0.5974347011056458,False,True,0.4674634860210604
