index,parallelism_deepspeech,parallelism_ffmpeg-0,parallelism_ffmpeg-1,parallelism_ffmpeg-2,parallelism_librosa,target,memory_queue,acquisition,terminated,feasible,ml_mape
204,4.0,4.0,4.0,4.0,2.0,-0.556930556,,,False,False,
174,2.0,2.0,2.0,2.0,4.0,-1.632116264,,,False,False,
124,2.0,2.0,4.0,4.0,6.0,-0.550736111,,,False,True,
36,2.0,4.0,2.0,4.0,4.0,-0.359824042,,,False,True,
180,2.0,4.0,2.0,2.0,6.0,-1.863021056,,,False,False,
230,2.0,4.0,2.0,2.0,4.0,-2.073611111,,,False,False,
175,2.0,2.0,4.0,2.0,4.0,-1.691752611,,,False,False,
9,4.0,4.0,4.0,4.0,6.0,-0.68646125,,,False,True,
95,2.0,4.0,2.0,4.0,4.0,-0.576430556,,,False,True,
35,2.0,4.0,2.0,6.0,4.0,-0.329550403,,0.6548607572325598,False,True,0.9515355741378582
33,2.0,4.0,2.0,8.0,6.0,-0.326393083,,0.6590145857668902,False,True,0.5438294579821931
25,2.0,4.0,4.0,8.0,4.0,-0.322285514,,0.7593823685326716,False,True,0.7494459002158219
21,4.0,4.0,2.0,8.0,4.0,-0.313295944,,0.7852119356053081,False,True,0.06209818264226403
121,4.0,4.0,2.0,8.0,2.0,-0.475219681,,0.6664482278063651,False,True,0.10899164093977509
55,4.0,2.0,2.0,6.0,6.0,-0.347265153,,0.9213636923324324,False,True,0.38738816710386387
44,4.0,2.0,4.0,6.0,4.0,-0.349742236,,0.8092091869088895,False,True,0.39810509213862433
65,4.0,2.0,4.0,8.0,6.0,-0.352691847,,0.75382765209964,False,True,0.34895616666224993
43,2.0,2.0,4.0,6.0,4.0,-0.338625681,,0.5623295706223357,False,True,0.6630855509165523
203,2.0,2.0,4.0,8.0,2.0,-0.560458333,,0.6121798330817476,False,False,0.3100114305233826
