index,parallelism_deepspeech,parallelism_ffmpeg-0,parallelism_ffmpeg-1,parallelism_ffmpeg-2,parallelism_librosa,target,memory_queue,acquisition,terminated,feasible,ml_mape
110,2.0,2.0,2.0,4.0,6.0,-0.468694444,,,False,True,
76,4.0,4.0,2.0,6.0,4.0,-0.409236111,,,False,True,
63,4.0,2.0,2.0,6.0,6.0,-0.363416389,,,False,True,
128,2.0,2.0,2.0,8.0,2.0,-0.468699931,,,False,True,
182,4.0,4.0,2.0,2.0,2.0,-1.021298139,,,False,False,
90,2.0,4.0,4.0,6.0,6.0,-0.589277778,,,False,True,
105,2.0,4.0,2.0,8.0,4.0,-0.476013889,,,False,True,
73,2.0,2.0,2.0,6.0,4.0,-0.397555556,,,False,True,
41,2.0,4.0,4.0,8.0,6.0,-0.336847361,,,False,True,
0,4.0,2.0,2.0,4.0,4.0,-0.478763889,,1.0,False,True,0.13535449643057507
3,4.0,4.0,4.0,8.0,6.0,-0.174361111,,0.01934335295512949,False,True,1.2774616429096426
13,4.0,4.0,2.0,8.0,6.0,-0.298934014,,0.013584532453518702,False,True,0.01677332033840765
65,4.0,2.0,4.0,8.0,6.0,-0.352691847,,0.018001856094190263,False,True,0.9285702483034227
5,4.0,4.0,4.0,6.0,6.0,-0.289680556,,0.00663830109935842,False,True,0.938739475286011
0,4.0,2.0,2.0,4.0,4.0,-0.478763889,,1.0,False,True,0.02416690339784335
29,4.0,4.0,2.0,6.0,6.0,-0.329223611,,0.00605768499379819,False,True,0.17174295135520293
7,4.0,4.0,4.0,8.0,4.0,-0.233569444,,0.0060377507535528604,False,True,0.03951041676235685
16,4.0,4.0,4.0,6.0,4.0,-0.309360444,,0.015397921675981124,False,True,0.3311322313317127
59,4.0,2.0,4.0,8.0,4.0,-0.346334431,,0.0071385794829306945,False,True,0.4514813672417124
