index,parallelism_deepspeech,parallelism_ffmpeg-0,parallelism_ffmpeg-1,parallelism_ffmpeg-2,parallelism_librosa,target,memory_queue,acquisition,terminated,feasible,ml_mape
1,4.0,2.0,2.0,4.0,4.0,-0.351947292,,,False,True,
164,4.0,4.0,2.0,2.0,4.0,-1.723588111,,,False,True,
19,2.0,4.0,2.0,8.0,4.0,-0.314709528,,,False,True,
256,2.0,4.0,2.0,4.0,2.0,-0.640430556,,,False,False,
233,4.0,4.0,2.0,2.0,2.0,-1.0745,,,False,False,
90,2.0,4.0,4.0,6.0,6.0,-0.589277778,,,False,True,
219,2.0,4.0,2.0,6.0,2.0,-0.582208333,,,False,False,
195,2.0,4.0,2.0,4.0,2.0,-0.529499708,,,False,False,
19,2.0,4.0,2.0,8.0,4.0,-0.314709528,,,False,True,
35,2.0,4.0,2.0,6.0,4.0,-0.329550403,,0.04720626892769966,False,True,0.24159633884882456
36,2.0,4.0,2.0,4.0,4.0,-0.359824042,,0.05197072676856612,False,True,0.3104491479255225
49,2.0,2.0,2.0,4.0,4.0,-0.340263431,,0.09361420024537845,False,True,0.30236255092050374
3,4.0,4.0,4.0,8.0,6.0,-0.174361111,,0.05677383521497539,False,True,3.4473573968707907
0,4.0,2.0,2.0,4.0,4.0,-0.478763889,,1.0,False,True,0.30363979334183056
5,4.0,4.0,4.0,6.0,6.0,-0.289680556,,0.03267159218714214,False,True,1.5769913379245717
7,4.0,4.0,4.0,8.0,4.0,-0.233569444,,0.03382831642829319,False,True,1.8380372406691716
16,4.0,4.0,4.0,6.0,4.0,-0.309360444,,0.06882199993639032,False,True,0.2160184704720422
8,2.0,2.0,2.0,8.0,4.0,-0.240564167,,0.036130673660807,False,True,0.340919184229454
9,4.0,4.0,4.0,4.0,6.0,-0.68646125,,0.0375195311838243,False,True,0.02871557353685024
