index,parallelism_deepspeech,parallelism_ffmpeg-0,parallelism_ffmpeg-1,parallelism_ffmpeg-2,parallelism_librosa,target,memory_queue,acquisition,terminated,feasible,ml_mape
24,4.0,4.0,2.0,4.0,4.0,-0.379202111,,,False,True,
14,4.0,4.0,4.0,4.0,4.0,-0.506810167,,,False,True,
196,2.0,2.0,2.0,6.0,2.0,-0.53278925,,,False,False,
79,4.0,4.0,2.0,6.0,6.0,-0.416763889,,,False,True,
174,2.0,2.0,2.0,2.0,4.0,-1.632116264,,,False,False,
261,4.0,2.0,4.0,6.0,2.0,-0.702819444,,,False,False,
79,4.0,4.0,2.0,6.0,6.0,-0.416763889,,,False,True,
99,4.0,2.0,4.0,4.0,2.0,-0.439447347,,,False,True,
214,2.0,4.0,2.0,4.0,2.0,-0.573271181,,,False,False,
18,4.0,4.0,2.0,6.0,4.0,-0.312747681,,0.05731795560767795,False,True,0.31024561205018486
169,4.0,2.0,4.0,2.0,2.0,-0.879925569,,0.9452702336648695,False,True,0.8261153489005608
3,4.0,4.0,4.0,8.0,6.0,-0.174361111,,0.95895279932964,False,True,0.8622967692627498
13,4.0,4.0,2.0,8.0,6.0,-0.298934014,,0.9597235950374451,False,True,0.4875928318699911
65,4.0,2.0,4.0,8.0,6.0,-0.352691847,,0.879273483325259,False,True,1.01501691294088
5,4.0,4.0,4.0,6.0,6.0,-0.289680556,,0.9261277967144095,False,True,0.7804357158038607
41,2.0,4.0,4.0,8.0,6.0,-0.336847361,,0.9865939858853701,False,True,0.4976288698810367
61,2.0,2.0,2.0,8.0,6.0,-0.3464265,,0.871956265020281,False,True,0.786722974824396
33,2.0,4.0,2.0,8.0,6.0,-0.326393083,,0.935393694697584,False,True,0.4324022266649116
58,4.0,2.0,2.0,8.0,6.0,-0.368771528,,0.9199895555509006,False,True,0.41817839020897024
