index,parallelism_deepspeech,parallelism_ffmpeg-0,parallelism_ffmpeg-1,parallelism_ffmpeg-2,parallelism_librosa,target,memory_queue,acquisition,terminated,feasible,ml_mape
32,4.0,4.0,2.0,4.0,6.0,-0.345415417,,,False,True,
9,4.0,4.0,4.0,4.0,6.0,-0.68646125,,,False,True,
99,4.0,2.0,4.0,4.0,2.0,-0.439447347,,,False,True,
217,2.0,4.0,4.0,4.0,2.0,-0.575930556,,,False,False,
118,2.0,2.0,4.0,6.0,6.0,-0.469930556,,,False,True,
188,2.0,2.0,4.0,4.0,2.0,-0.537317903,,,False,False,
108,2.0,2.0,2.0,4.0,4.0,-0.457611111,,,False,True,
101,4.0,2.0,4.0,6.0,2.0,-0.441108292,,,False,True,
204,4.0,4.0,4.0,4.0,2.0,-0.556930556,,,False,False,
203,2.0,2.0,4.0,8.0,2.0,-0.560458333,,-0.042256838984584544,False,False,0.07110022689376123
160,4.0,4.0,4.0,2.0,2.0,-0.833162361,,-0.07085975759557438,False,True,0.049335415483394894
137,2.0,4.0,4.0,8.0,2.0,-0.471614069,,-0.007127151786548518,False,True,0.4346431242132595
75,2.0,2.0,4.0,6.0,2.0,-0.391723917,,-0.02974542230945919,False,True,0.5661083406493054
166,2.0,4.0,4.0,2.0,2.0,-0.686595319,,-0.0466747656404347,False,True,0.3273573705825859
107,4.0,4.0,4.0,6.0,2.0,-0.446536125,,-0.06152890604650742,False,True,0.23485830709270317
125,2.0,4.0,4.0,6.0,2.0,-0.4634665,,-0.07076508828703564,False,True,0.15005692545163418
179,4.0,4.0,2.0,2.0,2.0,-0.773426778,,-0.08301440104798237,False,False,0.07480461562502173
164,4.0,4.0,2.0,2.0,4.0,-1.723588111,,-0.062368132289987506,False,True,0.2814163307619148
163,4.0,2.0,4.0,2.0,6.0,-1.661284764,,0.16993808843015126,False,True,0.4914095079982157
