index,parallelism_deepspeech,parallelism_ffmpeg-0,parallelism_ffmpeg-1,parallelism_ffmpeg-2,parallelism_librosa,target,memory_queue,acquisition,terminated,feasible,ml_mape
232,2.0,4.0,2.0,2.0,2.0,-1.063930556,,,False,False,
123,4.0,2.0,2.0,6.0,2.0,-0.461257611,,,False,True,
123,4.0,2.0,2.0,6.0,2.0,-0.461257611,,,False,True,
110,2.0,2.0,2.0,4.0,6.0,-0.468694444,,,False,True,
94,2.0,4.0,2.0,6.0,6.0,-0.453180556,,,False,True,
226,4.0,4.0,4.0,2.0,4.0,-2.279416667,,,False,False,
263,2.0,2.0,4.0,8.0,6.0,-0.730130069,,,False,False,
76,4.0,4.0,2.0,6.0,4.0,-0.409236111,,,False,True,
49,2.0,2.0,2.0,4.0,4.0,-0.340263431,,,False,True,
0,4.0,2.0,2.0,4.0,4.0,-0.478763889,,0.7600774420983222,False,True,0.5033997359239318
5,4.0,4.0,4.0,6.0,6.0,-0.289680556,,0.7235915512170337,False,True,3.3732886040303516
29,4.0,4.0,2.0,6.0,6.0,-0.329223611,,0.9985544053163404,False,True,0.4097140817061111
17,4.0,2.0,2.0,6.0,4.0,-0.3125,,0.9577833793766498,False,True,0.5539151847061754
73,2.0,2.0,2.0,6.0,4.0,-0.397555556,,0.9531044953527008,False,True,0.10222658849448507
3,4.0,4.0,4.0,8.0,6.0,-0.174361111,,0.6902149651181503,False,True,0.14950163672463276
7,4.0,4.0,4.0,8.0,4.0,-0.233569444,,0.7052913047687452,False,True,0.4323838562340363
13,4.0,4.0,2.0,8.0,6.0,-0.298934014,,0.9249715913237245,False,True,0.35673741527163916
9,4.0,4.0,4.0,4.0,6.0,-0.68646125,,0.6916248423121886,False,True,0.45207969507985973
8,2.0,2.0,2.0,8.0,4.0,-0.240564167,,0.651901310743921,False,True,1.7478491750513596
