index,parallelism_deepspeech,parallelism_ffmpeg-0,parallelism_ffmpeg-1,parallelism_ffmpeg-2,parallelism_librosa,target,memory_queue,acquisition,terminated,feasible,ml_mape
253,2.0,2.0,4.0,2.0,6.0,-1.661791667,,,False,False,
101,4.0,2.0,4.0,6.0,2.0,-0.441108292,,,False,True,
274,2.0,2.0,2.0,6.0,4.0,-0.750597222,,,False,False,
50,4.0,2.0,2.0,6.0,4.0,-0.353336194,,,False,True,
94,2.0,4.0,2.0,6.0,6.0,-0.453180556,,,False,True,
194,4.0,2.0,2.0,4.0,6.0,-0.529667778,,,False,False,
15,2.0,4.0,4.0,4.0,6.0,-0.782349653,,,False,True,
224,2.0,4.0,2.0,2.0,2.0,-1.002263889,,,False,False,
243,2.0,4.0,2.0,2.0,6.0,-2.161041667,,,False,False,
3,4.0,4.0,4.0,8.0,6.0,-0.174361111,,0.78370771651338,False,True,4.551996210463316
21,4.0,4.0,2.0,8.0,4.0,-0.313295944,,0.6403638405521175,False,True,0.5945151660661121
16,4.0,4.0,4.0,6.0,4.0,-0.309360444,,0.5166592607388076,False,True,0.4897628206776984
58,4.0,2.0,2.0,8.0,6.0,-0.368771528,,0.41518712690164744,False,True,0.4433516711479619
29,4.0,4.0,2.0,6.0,6.0,-0.329223611,,0.34320166567875166,False,True,0.27070101388260664
31,4.0,2.0,4.0,6.0,6.0,-0.327348181,,0.30801057465856235,False,True,0.22480709731025048
41,2.0,4.0,4.0,8.0,6.0,-0.336847361,,0.24108407748688682,False,True,0.1925696301055118
59,4.0,2.0,4.0,8.0,4.0,-0.346334431,,0.2377994735935875,False,True,0.16833983743029096
183,4.0,2.0,2.0,8.0,2.0,-0.525085903,,0.1854387289108092,False,False,0.2065403566135211
169,4.0,2.0,4.0,2.0,2.0,-0.879925569,,0.17915121236344314,False,True,0.012640821027778632
