index,parallelism_deepspeech,parallelism_ffmpeg-0,parallelism_ffmpeg-1,parallelism_ffmpeg-2,parallelism_librosa,target,memory_queue,acquisition,terminated,feasible,ml_mape
50,4.0,2.0,2.0,6.0,4.0,-0.353336194,,,False,True,
94,2.0,4.0,2.0,6.0,6.0,-0.453180556,,,False,True,
218,4.0,4.0,2.0,6.0,2.0,-0.581611111,,,False,False,
108,2.0,2.0,2.0,4.0,4.0,-0.457611111,,,False,True,
43,2.0,2.0,4.0,6.0,4.0,-0.338625681,,,False,True,
41,2.0,4.0,4.0,8.0,6.0,-0.336847361,,,False,True,
114,2.0,4.0,2.0,6.0,2.0,-0.45505725,,,False,True,
44,4.0,2.0,4.0,6.0,4.0,-0.349742236,,,False,True,
130,2.0,2.0,2.0,6.0,6.0,-0.48275,,,False,True,
179,4.0,4.0,2.0,2.0,2.0,-0.773426778,,-0.04713393450065308,False,False,0.3633622201661213
46,2.0,2.0,4.0,8.0,4.0,-0.341116875,,0.6912394153197032,False,True,0.5535519605495227
25,2.0,4.0,4.0,8.0,4.0,-0.322285514,,0.8536873557428037,False,True,0.0490918829036243
59,4.0,2.0,4.0,8.0,4.0,-0.346334431,,0.8374718782258128,False,True,0.02281498802688821
192,4.0,2.0,2.0,8.0,4.0,-0.5575,,0.8537284914520065,False,False,0.4408564662455491
21,4.0,4.0,2.0,8.0,4.0,-0.313295944,,0.7566910918747715,False,True,0.950398633660798
104,4.0,2.0,2.0,6.0,2.0,-0.445360833,,0.7174936275260768,False,True,0.8185684406960028
155,2.0,4.0,4.0,4.0,2.0,-0.489930597,,0.8849774314801491,False,True,0.4083091909974198
121,4.0,4.0,2.0,8.0,2.0,-0.475219681,,0.7625643870072838,False,True,0.49776167508007074
58,4.0,2.0,2.0,8.0,6.0,-0.368771528,,0.6031921643156547,False,True,0.21424434481741814
