index,parallelism_deepspeech,parallelism_ffmpeg-0,parallelism_ffmpeg-1,parallelism_ffmpeg-2,parallelism_librosa,target,memory_queue,acquisition,terminated,feasible,ml_mape
60,2.0,2.0,4.0,6.0,6.0,-0.347250847,,,False,True,
270,2.0,4.0,2.0,8.0,2.0,-0.836875,,,False,False,
116,2.0,2.0,2.0,4.0,4.0,-0.513097222,,,False,True,
172,2.0,4.0,2.0,2.0,4.0,-1.909765486,,,False,True,
7,4.0,4.0,4.0,8.0,4.0,-0.233569444,,,False,True,
124,2.0,2.0,4.0,4.0,6.0,-0.550736111,,,False,True,
244,2.0,4.0,2.0,2.0,4.0,-2.045125,,,False,False,
32,4.0,4.0,2.0,4.0,6.0,-0.345415417,,,False,True,
175,2.0,2.0,4.0,2.0,4.0,-1.691752611,,,False,False,
157,4.0,4.0,4.0,8.0,2.0,-0.507875,,0.08813912777177083,False,True,0.2171665194029722
5,4.0,4.0,4.0,6.0,6.0,-0.289680556,,0.04556205794971432,False,True,0.49617038394304663
3,4.0,4.0,4.0,8.0,6.0,-0.174361111,,0.05374195454829758,False,True,0.8810560127460286
29,4.0,4.0,2.0,6.0,6.0,-0.329223611,,0.1460067013291043,False,True,0.09073213374459581
58,4.0,2.0,2.0,8.0,6.0,-0.368771528,,0.06491912810472576,False,True,0.27145853992910723
203,2.0,2.0,4.0,8.0,2.0,-0.560458333,,0.06571963097947077,False,False,0.16349886407113315
41,2.0,4.0,4.0,8.0,6.0,-0.336847361,,0.06132802252244396,False,True,0.4731702381828527
139,4.0,4.0,4.0,2.0,6.0,-2.581552792,,0.05728135966243155,False,True,0.143389970392757
210,4.0,2.0,2.0,2.0,6.0,-0.572237847,,0.06281083816685512,False,False,0.28606326464607906
13,4.0,4.0,2.0,8.0,6.0,-0.298934014,,0.04829861696142257,False,True,0.19592903096230244
