index,parallelism_deepspeech,parallelism_ffmpeg-0,parallelism_ffmpeg-1,parallelism_ffmpeg-2,parallelism_librosa,target,memory_queue,acquisition,terminated,feasible,ml_mape
101,4.0,2.0,4.0,6.0,2.0,-0.441108292,,,False,True,
266,2.0,4.0,2.0,8.0,2.0,-0.745151792,,,False,False,
212,4.0,2.0,2.0,2.0,6.0,-1.265793236,,,False,False,
175,2.0,2.0,4.0,2.0,4.0,-1.691752611,,,False,False,
221,2.0,4.0,4.0,4.0,2.0,-0.581986111,,,False,False,
86,4.0,4.0,2.0,4.0,6.0,-0.514958333,,,False,True,
184,4.0,4.0,2.0,2.0,4.0,-1.912622528,,,False,False,
150,4.0,2.0,2.0,2.0,4.0,-1.702361111,,,False,True,
262,4.0,2.0,2.0,2.0,6.0,-0.753805556,,,False,False,
104,4.0,2.0,2.0,6.0,2.0,-0.445360833,,0.554263504586636,False,True,0.07796398685142107
153,4.0,4.0,2.0,6.0,2.0,-0.487353861,,0.6981289558632656,False,True,0.022482326523556837
0,4.0,2.0,2.0,4.0,4.0,-0.478763889,,0.447119288073657,False,True,0.25284943149674566
17,4.0,2.0,2.0,6.0,4.0,-0.3125,,0.46990198098728586,False,True,0.7664389526369069
5,4.0,4.0,4.0,6.0,6.0,-0.289680556,,0.5253866985481456,False,True,0.4590238411940358
3,4.0,4.0,4.0,8.0,6.0,-0.174361111,,0.5704371201152776,False,True,0.9141232446085794
29,4.0,4.0,2.0,6.0,6.0,-0.329223611,,1.0121225246461005,False,True,0.26889134818700033
7,4.0,4.0,4.0,8.0,4.0,-0.233569444,,0.6436624550335035,False,True,0.12931228496499056
0,4.0,2.0,2.0,4.0,4.0,-0.478763889,,1.0,False,True,0.1002298921378733
16,4.0,4.0,4.0,6.0,4.0,-0.309360444,,1.0320116317967507,False,True,0.36749168109948516
