index,parallelism_deepspeech,parallelism_ffmpeg-0,parallelism_ffmpeg-1,parallelism_ffmpeg-2,parallelism_librosa,target,memory_queue,acquisition,terminated,feasible,ml_mape
157,4.0,4.0,4.0,8.0,2.0,-0.507875,,,False,True,
53,2.0,2.0,4.0,4.0,4.0,-0.353006875,,,False,True,
222,4.0,2.0,2.0,2.0,2.0,-1.028465194,,,False,False,
209,2.0,4.0,4.0,8.0,2.0,-0.569402778,,,False,False,
17,4.0,2.0,2.0,6.0,4.0,-0.3125,,,False,True,
195,2.0,4.0,2.0,4.0,2.0,-0.529499708,,,False,False,
258,4.0,2.0,2.0,8.0,4.0,-0.680513889,,,False,False,
48,4.0,2.0,4.0,6.0,4.0,-0.342658708,,,False,True,
28,2.0,4.0,4.0,4.0,4.0,-0.407666667,,,False,True,
43,2.0,2.0,4.0,6.0,4.0,-0.338625681,,0.06888550190989501,False,True,0.41209175642136936
29,4.0,4.0,2.0,6.0,6.0,-0.329223611,,0.945861263351132,False,True,3.3362207235707264
0,4.0,2.0,2.0,4.0,4.0,-0.478763889,,1.0,False,True,0.4510890629531752
40,2.0,4.0,4.0,6.0,6.0,-0.354989264,,0.9708158148935747,False,True,0.89483761793394
55,4.0,2.0,2.0,6.0,6.0,-0.347265153,,0.9750099810108163,False,True,0.2506919411007549
3,4.0,4.0,4.0,8.0,6.0,-0.174361111,,0.9643158056630554,False,True,0.5087437129363901
5,4.0,4.0,4.0,6.0,6.0,-0.289680556,,0.9403062030233267,False,True,1.6364841679643503
16,4.0,4.0,4.0,6.0,4.0,-0.309360444,,0.9386053809480873,False,True,0.6633668206942643
104,4.0,2.0,2.0,6.0,2.0,-0.445360833,,0.9098412627670842,False,True,0.30236334693711825
65,4.0,2.0,4.0,8.0,6.0,-0.352691847,,0.902865855543018,False,True,0.03450739849985351
