index,parallelism_deepspeech,parallelism_ffmpeg-0,parallelism_ffmpeg-1,parallelism_ffmpeg-2,parallelism_librosa,target,memory_queue,acquisition,terminated,feasible,ml_mape
9,4.0,4.0,4.0,4.0,6.0,-0.68646125,,,False,True,
92,2.0,4.0,4.0,8.0,4.0,-0.452111111,,,False,True,
144,2.0,4.0,4.0,2.0,6.0,-2.553500542,,,False,True,
190,2.0,2.0,2.0,4.0,6.0,-0.527102625,,,False,False,
207,2.0,2.0,2.0,2.0,6.0,-2.025200306,,,False,False,
126,2.0,2.0,4.0,4.0,6.0,-0.556583333,,,False,True,
158,4.0,2.0,4.0,8.0,6.0,-0.506138889,,,False,True,
91,2.0,4.0,2.0,8.0,6.0,-0.442208333,,,False,True,
102,2.0,4.0,4.0,8.0,6.0,-0.515444444,,,False,True,
169,4.0,2.0,4.0,2.0,2.0,-0.879925569,,0.09120845160288447,False,True,0.6182138557213946
21,4.0,4.0,2.0,8.0,4.0,-0.313295944,,0.07477850617541065,False,True,0.41188752360698544
121,4.0,4.0,2.0,8.0,2.0,-0.475219681,,0.05380859560675315,False,True,0.16320109202701896
13,4.0,4.0,2.0,8.0,6.0,-0.298934014,,0.08245013192380195,False,True,0.2303330506493687
175,2.0,2.0,4.0,2.0,4.0,-1.691752611,,0.04605256834818761,False,False,0.21017531691822022
29,4.0,4.0,2.0,6.0,6.0,-0.329223611,,0.1497580951742278,False,True,0.487366656753989
163,4.0,2.0,4.0,2.0,6.0,-1.661284764,,0.067940852635199,False,True,0.5838783709620189
157,4.0,4.0,4.0,8.0,2.0,-0.507875,,0.8944903889411834,False,True,0.3224913348228237
179,4.0,4.0,2.0,2.0,2.0,-0.773426778,,0.8507474898380695,False,False,0.46086949231976315
18,4.0,4.0,2.0,6.0,4.0,-0.312747681,,0.0923625574847113,False,True,0.042662657181146015
