index,parallelism_deepspeech,parallelism_ffmpeg-0,parallelism_ffmpeg-1,parallelism_ffmpeg-2,parallelism_librosa,target,memory_queue,acquisition,terminated,feasible,ml_mape
251,4.0,2.0,2.0,4.0,6.0,-0.624513889,,,False,False,
166,2.0,4.0,4.0,2.0,2.0,-0.686595319,,,False,True,
206,2.0,4.0,2.0,6.0,2.0,-0.564430556,,,False,False,
180,2.0,4.0,2.0,2.0,6.0,-1.863021056,,,False,False,
183,4.0,2.0,2.0,8.0,2.0,-0.525085903,,,False,False,
23,2.0,4.0,4.0,4.0,4.0,-0.457704472,,,False,True,
65,4.0,2.0,4.0,8.0,6.0,-0.352691847,,,False,True,
19,2.0,4.0,2.0,8.0,4.0,-0.314709528,,,False,True,
193,4.0,2.0,4.0,8.0,2.0,-0.544234181,,,False,False,
41,2.0,4.0,4.0,8.0,6.0,-0.336847361,,0.9248075448214202,False,True,1.10806747650466
3,4.0,4.0,4.0,8.0,6.0,-0.174361111,,0.9945902559069059,False,True,4.246914893785861
170,4.0,2.0,4.0,2.0,4.0,-1.748654097,,0.8415960206528892,False,True,0.5099935361668859
13,4.0,4.0,2.0,8.0,6.0,-0.298934014,,0.9256649256807957,False,True,0.6720499245113156
25,2.0,4.0,4.0,8.0,4.0,-0.322285514,,0.8002887391944881,False,True,0.177037961320414
58,4.0,2.0,2.0,8.0,6.0,-0.368771528,,0.9135738601561147,False,True,0.2650843728850645
192,4.0,2.0,2.0,8.0,4.0,-0.5575,,0.8677505390349226,False,False,0.4325805456667571
189,2.0,2.0,4.0,2.0,6.0,-1.738330417,,0.9946899043910754,False,False,1.2180245904570495
137,2.0,4.0,4.0,8.0,2.0,-0.471614069,,0.8537506332431313,False,True,0.29701229209960434
33,2.0,4.0,2.0,8.0,6.0,-0.326393083,,0.8035150284942993,False,True,0.1977971960694389
