index,parallelism_deepspeech,parallelism_ffmpeg-0,parallelism_ffmpeg-1,parallelism_ffmpeg-2,parallelism_librosa,target,memory_queue,acquisition,terminated,feasible,ml_mape
233,4.0,4.0,2.0,2.0,2.0,-1.0745,,,False,False,
196,2.0,2.0,2.0,6.0,2.0,-0.53278925,,,False,False,
168,2.0,2.0,4.0,6.0,2.0,-0.523680556,,,False,True,
125,2.0,4.0,4.0,6.0,2.0,-0.4634665,,,False,True,
168,2.0,2.0,4.0,6.0,2.0,-0.523680556,,,False,True,
220,4.0,2.0,4.0,2.0,6.0,-0.579277778,,,False,False,
133,2.0,2.0,4.0,6.0,4.0,-0.483902778,,,False,True,
134,4.0,4.0,4.0,4.0,2.0,-0.472590528,,,False,True,
19,2.0,4.0,2.0,8.0,4.0,-0.314709528,,,False,True,
25,2.0,4.0,4.0,8.0,4.0,-0.322285514,,0.023111545926774536,False,True,0.16739816902731397
33,2.0,4.0,2.0,8.0,6.0,-0.326393083,,0.02888582511542279,False,True,0.36921239201214134
7,4.0,4.0,4.0,8.0,4.0,-0.233569444,,0.027273294993471937,False,True,0.19101061503716985
3,4.0,4.0,4.0,8.0,6.0,-0.174361111,,0.018018415596476118,False,True,0.595537787837463
0,4.0,2.0,2.0,4.0,4.0,-0.478763889,,-1.7976931348623157e+308,False,True,0.1864715100204044
65,4.0,2.0,4.0,8.0,6.0,-0.352691847,,0.013581036852083691,False,True,0.40513300025633175
169,4.0,2.0,4.0,2.0,2.0,-0.879925569,,2.4082355386247405e-05,False,True,0.05370181737309678
13,4.0,4.0,2.0,8.0,6.0,-0.298934014,,0.014965850861452456,False,True,0.5609465652035382
55,4.0,2.0,2.0,6.0,6.0,-0.347265153,,0.002060429598394823,False,True,0.6017026257949742
5,4.0,4.0,4.0,6.0,6.0,-0.289680556,,0.012562671566547511,False,True,1.568148407318226
