index,parallelism_deepspeech,parallelism_ffmpeg-0,parallelism_ffmpeg-1,parallelism_ffmpeg-2,parallelism_librosa,target,memory_queue,acquisition,terminated,feasible,ml_mape
114,2.0,4.0,2.0,6.0,2.0,-0.45505725,,,False,True,
9,4.0,4.0,4.0,4.0,6.0,-0.68646125,,,False,True,
125,2.0,4.0,4.0,6.0,2.0,-0.4634665,,,False,True,
61,2.0,2.0,2.0,8.0,6.0,-0.3464265,,,False,True,
208,2.0,4.0,2.0,8.0,2.0,-0.562777778,,,False,False,
62,4.0,2.0,4.0,8.0,4.0,-0.374241069,,,False,True,
261,4.0,2.0,4.0,6.0,2.0,-0.702819444,,,False,False,
90,2.0,4.0,4.0,6.0,6.0,-0.589277778,,,False,True,
107,4.0,4.0,4.0,6.0,2.0,-0.446536125,,,False,True,
13,4.0,4.0,2.0,8.0,6.0,-0.298934014,,0.0044236303496310025,False,True,1.5069218381765153
65,4.0,2.0,4.0,8.0,6.0,-0.352691847,,0.3849354573420517,False,True,0.9253009936583105
179,4.0,4.0,2.0,2.0,2.0,-0.773426778,,0.5075961852823796,False,False,1.1791247429746747
58,4.0,2.0,2.0,8.0,6.0,-0.368771528,,0.5322308521162407,False,True,0.28695921048394535
3,4.0,4.0,4.0,8.0,6.0,-0.174361111,,0.5614470524690044,False,True,0.07670090068083348
7,4.0,4.0,4.0,8.0,4.0,-0.233569444,,0.5621428892782728,False,True,0.09137530779877628
33,2.0,4.0,2.0,8.0,6.0,-0.326393083,,0.49801101005442727,False,True,0.419314637696265
16,4.0,4.0,4.0,6.0,4.0,-0.309360444,,0.4650909570183708,False,True,0.28798479165367735
166,2.0,4.0,4.0,2.0,2.0,-0.686595319,,0.519159859376107,False,True,0.6263090033130954
35,2.0,4.0,2.0,6.0,4.0,-0.329550403,,0.4790810002881879,False,True,0.09935209874823772
