index,parallelism_deepspeech,parallelism_ffmpeg-0,parallelism_ffmpeg-1,parallelism_ffmpeg-2,parallelism_librosa,target,memory_queue,acquisition,terminated,feasible,ml_mape
169,4.0,2.0,4.0,2.0,2.0,-0.879925569,,,False,True,
231,4.0,4.0,2.0,2.0,6.0,-2.021638889,,,False,False,
227,2.0,4.0,2.0,2.0,6.0,-2.084416667,,,False,False,
259,4.0,2.0,2.0,2.0,2.0,-0.68475,,,False,False,
77,4.0,4.0,2.0,8.0,6.0,-0.411388889,,,False,True,
120,4.0,2.0,2.0,8.0,6.0,-0.472138889,,,False,True,
167,2.0,2.0,4.0,2.0,2.0,-0.826847028,,,False,True,
121,4.0,4.0,2.0,8.0,2.0,-0.475219681,,,False,True,
79,4.0,4.0,2.0,6.0,6.0,-0.416763889,,,False,True,
21,4.0,4.0,2.0,8.0,4.0,-0.313295944,,0.24731817953262308,False,True,0.5397726831570101
18,4.0,4.0,2.0,6.0,4.0,-0.312747681,,0.06532790077465643,False,True,0.10043652488297738
192,4.0,2.0,2.0,8.0,4.0,-0.5575,,0.18255656729441505,False,False,0.4113610931791973
15,2.0,4.0,4.0,4.0,6.0,-0.782349653,,0.07078596856799753,False,True,0.9015077441299866
16,4.0,4.0,4.0,6.0,4.0,-0.309360444,,0.14998998868736668,False,True,0.936213057765832
3,4.0,4.0,4.0,8.0,6.0,-0.174361111,,0.06864524543374001,False,True,2.0596795388911358
5,4.0,4.0,4.0,6.0,6.0,-0.289680556,,0.1823413271730917,False,True,0.14131552508088002
7,4.0,4.0,4.0,8.0,4.0,-0.233569444,,0.05271511304181439,False,True,0.7566293098674347
65,4.0,2.0,4.0,8.0,6.0,-0.352691847,,0.13816845877164985,False,True,0.9395975665868268
9,4.0,4.0,4.0,4.0,6.0,-0.68646125,,0.05633323280944946,False,True,0.08745173637122229
