index,parallelism_deepspeech,parallelism_ffmpeg-0,parallelism_ffmpeg-1,parallelism_ffmpeg-2,parallelism_librosa,target,memory_queue,acquisition,terminated,feasible,ml_mape
20,4.0,4.0,2.0,4.0,4.0,-0.320928667,,,False,True,
68,2.0,4.0,4.0,8.0,6.0,-0.358186139,,,False,True,
195,2.0,4.0,2.0,4.0,2.0,-0.529499708,,,False,False,
116,2.0,2.0,2.0,4.0,4.0,-0.513097222,,,False,True,
197,4.0,4.0,4.0,6.0,2.0,-0.543944444,,,False,False,
98,2.0,4.0,2.0,8.0,6.0,-0.451875,,,False,True,
273,4.0,4.0,2.0,4.0,2.0,-0.848291667,,,False,False,
236,4.0,2.0,4.0,2.0,2.0,-1.192458333,,,False,False,
21,4.0,4.0,2.0,8.0,4.0,-0.313295944,,,False,True,
55,4.0,2.0,2.0,6.0,6.0,-0.347265153,,0.1300333991316732,False,True,0.823108237835777
180,2.0,4.0,2.0,2.0,6.0,-1.863021056,,0.7813493449972556,False,False,1.6480365077953878
3,4.0,4.0,4.0,8.0,6.0,-0.174361111,,0.8926563816660695,False,True,2.8604788785567754
13,4.0,4.0,2.0,8.0,6.0,-0.298934014,,0.892670405669013,False,True,0.7049405254830985
203,2.0,2.0,4.0,8.0,2.0,-0.560458333,,0.8992309341659049,False,False,1.9040312019446561
0,4.0,2.0,2.0,4.0,4.0,-0.478763889,,0.8365282157472069,False,True,0.6896126357701783
210,4.0,2.0,2.0,2.0,6.0,-0.572237847,,0.8570781148683689,False,False,1.4513638967921692
8,2.0,2.0,2.0,8.0,4.0,-0.240564167,,0.8296429733299893,False,True,1.1001553598808287
25,2.0,4.0,4.0,8.0,4.0,-0.322285514,,0.7988766427543184,False,True,0.4551214510370612
5,4.0,4.0,4.0,6.0,6.0,-0.289680556,,0.8227480489414313,False,True,0.7620524692700805
