index,parallelism_deepspeech,parallelism_ffmpeg-0,parallelism_ffmpeg-1,parallelism_ffmpeg-2,parallelism_librosa,target,memory_queue,acquisition,terminated,feasible,ml_mape
116,2.0,2.0,2.0,4.0,4.0,-0.513097222,,,False,True,
82,4.0,4.0,2.0,4.0,6.0,-0.523083333,,,False,True,
61,2.0,2.0,2.0,8.0,6.0,-0.3464265,,,False,True,
126,2.0,2.0,4.0,4.0,6.0,-0.556583333,,,False,True,
187,4.0,2.0,2.0,4.0,2.0,-0.527723514,,,False,False,
120,4.0,2.0,2.0,8.0,6.0,-0.472138889,,,False,True,
38,2.0,4.0,2.0,6.0,6.0,-0.332537986,,,False,True,
247,2.0,2.0,4.0,2.0,4.0,-1.706057556,,,False,False,
179,4.0,4.0,2.0,2.0,2.0,-0.773426778,,,False,False,
52,2.0,2.0,2.0,6.0,6.0,-0.341679014,,0.08958928560779168,False,True,0.0017809518203379601
47,2.0,2.0,4.0,8.0,6.0,-0.339389972,,0.0758430457541354,False,True,0.26445477807691
73,2.0,2.0,2.0,6.0,4.0,-0.397555556,,0.06964011220885631,False,True,0.22730858895721906
19,2.0,4.0,2.0,8.0,4.0,-0.314709528,,0.0567533327607973,False,True,0.23914585862144036
33,2.0,4.0,2.0,8.0,6.0,-0.326393083,,0.050662448538848735,False,True,0.068390434764012
21,4.0,4.0,2.0,8.0,4.0,-0.313295944,,0.04040792503721276,False,True,0.25590760292808745
208,2.0,4.0,2.0,8.0,2.0,-0.562777778,,0.03996901654463238,False,False,0.7835451035374948
60,2.0,2.0,4.0,6.0,6.0,-0.347250847,,0.04260095588024366,False,True,0.09332987050548407
18,4.0,4.0,2.0,6.0,4.0,-0.312747681,,0.03721542453882196,False,True,0.0138344912773929
35,2.0,4.0,2.0,6.0,4.0,-0.329550403,,0.0299173422882049,False,True,0.15541602057107826
