index,parallelism_deepspeech,parallelism_ffmpeg-0,parallelism_ffmpeg-1,parallelism_ffmpeg-2,parallelism_librosa,target,memory_queue,acquisition,terminated,feasible,ml_mape
6,4.0,4.0,4.0,6.0,6.0,-0.263958333,,,False,True,
142,4.0,2.0,4.0,8.0,4.0,-0.48625,,,False,True,
223,2.0,2.0,2.0,2.0,2.0,-1.058027778,,,False,False,
224,2.0,4.0,2.0,2.0,2.0,-1.002263889,,,False,False,
166,2.0,4.0,4.0,2.0,2.0,-0.686595319,,,False,True,
5,4.0,4.0,4.0,6.0,6.0,-0.289680556,,,False,True,
209,2.0,4.0,4.0,8.0,2.0,-0.569402778,,,False,False,
30,2.0,4.0,2.0,6.0,6.0,-0.328707986,,,False,True,
172,2.0,4.0,2.0,2.0,4.0,-1.909765486,,,False,True,
40,2.0,4.0,4.0,6.0,6.0,-0.354989264,,0.06331058425818413,False,True,0.5207609660986369
13,4.0,4.0,2.0,8.0,6.0,-0.298934014,,0.060864272448493635,False,True,0.5287169912902936
29,4.0,4.0,2.0,6.0,6.0,-0.329223611,,0.0541107125339195,False,True,0.35677305062714654
33,2.0,4.0,2.0,8.0,6.0,-0.326393083,,0.05491963517056434,False,True,0.14485818449005147
3,4.0,4.0,4.0,8.0,6.0,-0.174361111,,0.03760027553846262,False,True,0.4529851013080471
41,2.0,4.0,4.0,8.0,6.0,-0.336847361,,0.02311997274993291,False,True,0.0019023808321727168
7,4.0,4.0,4.0,8.0,4.0,-0.233569444,,0.00910667751391568,False,True,0.3824720922253399
58,4.0,2.0,2.0,8.0,6.0,-0.368771528,,0.0073264936693787286,False,True,0.9668662769494879
65,4.0,2.0,4.0,8.0,6.0,-0.352691847,,0.004729647317798267,False,True,0.1617884842703681
16,4.0,4.0,4.0,6.0,4.0,-0.309360444,,0.0022585697505562922,False,True,0.20168400441483308
