index,parallelism_deepspeech,parallelism_ffmpeg-0,parallelism_ffmpeg-1,parallelism_ffmpeg-2,parallelism_librosa,target,memory_queue,acquisition,terminated,feasible,ml_mape
6,4.0,4.0,4.0,6.0,6.0,-0.263958333,,,False,True,
142,4.0,2.0,4.0,8.0,4.0,-0.48625,,,False,True,
223,2.0,2.0,2.0,2.0,2.0,-1.058027778,,,False,False,
224,2.0,4.0,2.0,2.0,2.0,-1.002263889,,,False,False,
166,2.0,4.0,4.0,2.0,2.0,-0.686595319,,,False,True,
5,4.0,4.0,4.0,6.0,6.0,-0.289680556,,,False,True,
209,2.0,4.0,4.0,8.0,2.0,-0.569402778,,,False,False,
30,2.0,4.0,2.0,6.0,6.0,-0.328707986,,,False,True,
172,2.0,4.0,2.0,2.0,4.0,-1.909765486,,,False,True,
13,4.0,4.0,2.0,8.0,6.0,-0.298934014,,0.6759793540393867,False,True,0.15746195104630134
41,2.0,4.0,4.0,8.0,6.0,-0.336847361,,0.7011227402721443,False,True,0.37498861231208874
107,4.0,4.0,4.0,6.0,2.0,-0.446536125,,0.5366863916725504,False,True,0.10546358465326652
0,4.0,2.0,2.0,4.0,4.0,-0.478763889,,1.0,False,True,0.05778588031369549
55,4.0,2.0,2.0,6.0,6.0,-0.347265153,,0.5833834783426249,False,True,0.1675562196144203
87,4.0,2.0,4.0,4.0,2.0,-0.421543819,,0.4273328289386248,False,True,0.0798902574698003
18,4.0,4.0,2.0,6.0,4.0,-0.312747681,,0.38787718651671377,False,True,0.5687898772322629
43,2.0,2.0,4.0,6.0,4.0,-0.338625681,,0.32605840766629524,False,True,0.13117588697068672
44,4.0,2.0,4.0,6.0,4.0,-0.349742236,,0.2723730303661819,False,True,0.013447683745945245
33,2.0,4.0,2.0,8.0,6.0,-0.326393083,,0.2707962709262023,False,True,0.535795932438638
