index,parallelism_deepspeech,parallelism_ffmpeg-0,parallelism_ffmpeg-1,parallelism_ffmpeg-2,parallelism_librosa,target,memory_queue,acquisition,terminated,feasible,ml_mape
269,4.0,4.0,2.0,8.0,2.0,-0.818444444,,,False,False,
155,2.0,4.0,4.0,4.0,2.0,-0.489930597,,,False,True,
137,2.0,4.0,4.0,8.0,2.0,-0.471614069,,,False,True,
70,4.0,2.0,4.0,6.0,6.0,-0.376416667,,,False,True,
31,4.0,2.0,4.0,6.0,6.0,-0.327348181,,,False,True,
71,4.0,4.0,2.0,8.0,4.0,-0.4445,,,False,True,
234,4.0,4.0,4.0,2.0,2.0,-0.777097222,,,False,False,
248,2.0,4.0,4.0,2.0,2.0,-1.079555556,,,False,False,
169,4.0,2.0,4.0,2.0,2.0,-0.879925569,,,False,True,
125,2.0,4.0,4.0,6.0,2.0,-0.4634665,,0.013919155522514326,False,True,0.04992280056137042
44,4.0,2.0,4.0,6.0,4.0,-0.349742236,,0.034437054114694776,False,True,0.40997401420333596
0,4.0,2.0,2.0,4.0,4.0,-0.478763889,,0.03459258771290685,False,True,0.11294408443806701
0,4.0,2.0,2.0,4.0,4.0,-0.478763889,,1.0,False,True,0.0009787619853302229
0,4.0,2.0,2.0,4.0,4.0,-0.478763889,,1.0,False,True,0.0004915106835440826
3,4.0,4.0,4.0,8.0,6.0,-0.174361111,,-0.0,False,True,1.3848966999859924
5,4.0,4.0,4.0,6.0,6.0,-0.289680556,,0.061460293812027555,False,True,2.3460824684047497
13,4.0,4.0,2.0,8.0,6.0,-0.298934014,,0.2219199792153309,False,True,0.6162405636845075
65,4.0,2.0,4.0,8.0,6.0,-0.352691847,,0.22545276694734695,False,True,0.08270915340583865
7,4.0,4.0,4.0,8.0,4.0,-0.233569444,,0.08860151478981448,False,True,0.4093523595965104
