index,parallelism_deepspeech,parallelism_ffmpeg-0,parallelism_ffmpeg-1,parallelism_ffmpeg-2,parallelism_librosa,target,memory_queue,acquisition,terminated,feasible,ml_mape
139,4.0,4.0,4.0,2.0,6.0,-2.581552792,,,False,True,
48,4.0,2.0,4.0,6.0,4.0,-0.342658708,,,False,True,
212,4.0,2.0,2.0,2.0,6.0,-1.265793236,,,False,False,
275,2.0,2.0,2.0,6.0,4.0,-0.574871111,,,False,False,
48,4.0,2.0,4.0,6.0,4.0,-0.342658708,,,False,True,
202,2.0,2.0,2.0,4.0,2.0,-0.544842333,,,False,False,
112,4.0,2.0,2.0,2.0,4.0,-1.663708333,,,False,True,
8,2.0,2.0,2.0,8.0,4.0,-0.240564167,,,False,True,
33,2.0,4.0,2.0,8.0,6.0,-0.326393083,,,False,True,
59,4.0,2.0,4.0,8.0,4.0,-0.346334431,,0.17792814055226466,False,True,1.2148902168334934
208,2.0,4.0,2.0,8.0,2.0,-0.562777778,,0.9455833672002553,False,False,1.8289178830487671
101,4.0,2.0,4.0,6.0,2.0,-0.441108292,,0.8966710693749289,False,True,0.9596447462127863
58,4.0,2.0,2.0,8.0,6.0,-0.368771528,,0.7364700957381374,False,True,0.1373788132061653
61,2.0,2.0,2.0,8.0,6.0,-0.3464265,,0.8089110264018988,False,True,0.1674435219875429
46,2.0,2.0,4.0,8.0,4.0,-0.341116875,,0.8814134984122763,False,True,0.05765216173747995
192,4.0,2.0,2.0,8.0,4.0,-0.5575,,0.8226641087333535,False,False,0.3271746220041947
65,4.0,2.0,4.0,8.0,6.0,-0.352691847,,0.8332074535655933,False,True,0.010421820104426611
203,2.0,2.0,4.0,8.0,2.0,-0.560458333,,0.8315587265398594,False,False,0.530345641236836
25,2.0,4.0,4.0,8.0,4.0,-0.322285514,,0.6251153746175546,False,True,0.7789106249063442
