index,parallelism_deepspeech,parallelism_ffmpeg-0,parallelism_ffmpeg-1,parallelism_ffmpeg-2,parallelism_librosa,target,memory_queue,acquisition,terminated,feasible,ml_mape
93,2.0,4.0,2.0,8.0,4.0,-0.449402778,,,False,True,
103,2.0,4.0,4.0,6.0,6.0,-0.725972222,,,False,True,
151,4.0,2.0,4.0,6.0,4.0,-0.502097222,,,False,True,
54,4.0,2.0,4.0,4.0,4.0,-0.355211889,,,False,True,
245,4.0,4.0,4.0,2.0,6.0,-2.663833333,,,False,False,
90,2.0,4.0,4.0,6.0,6.0,-0.589277778,,,False,True,
141,2.0,2.0,2.0,8.0,6.0,-0.486847222,,,False,True,
101,4.0,2.0,4.0,6.0,2.0,-0.441108292,,,False,True,
43,2.0,2.0,4.0,6.0,4.0,-0.338625681,,,False,True,
152,2.0,2.0,4.0,4.0,2.0,-0.505361111,,0.18284126233248765,False,True,0.8649954758954289
109,4.0,2.0,2.0,4.0,2.0,-0.455934792,,0.1516621198187519,False,True,0.07480272229196722
73,2.0,2.0,2.0,6.0,4.0,-0.397555556,,0.14361679646940165,False,True,0.3953242179970173
128,2.0,2.0,2.0,8.0,2.0,-0.468699931,,0.12594053242838849,False,True,0.41988094200765663
87,4.0,2.0,4.0,4.0,2.0,-0.421543819,,0.1116625958473105,False,True,0.12847270151006335
137,2.0,4.0,4.0,8.0,2.0,-0.471614069,,0.10609834376518426,False,True,0.02434723811305416
114,2.0,4.0,2.0,6.0,2.0,-0.45505725,,0.08832563059407983,False,True,0.0464609091351795
46,2.0,2.0,4.0,8.0,4.0,-0.341116875,,0.07703648949784658,False,True,0.11590404735652278
47,2.0,2.0,4.0,8.0,6.0,-0.339389972,,0.07252680731738842,False,True,0.28702645540485194
41,2.0,4.0,4.0,8.0,6.0,-0.336847361,,0.06864868064874613,False,True,0.1685678720831376
