index,parallelism_deepspeech,parallelism_ffmpeg-0,parallelism_ffmpeg-1,parallelism_ffmpeg-2,parallelism_librosa,target,memory_queue,acquisition,terminated,feasible,ml_mape
260,2.0,2.0,4.0,4.0,2.0,-0.681861111,,,False,False,
149,4.0,2.0,2.0,6.0,4.0,-0.503263889,,,False,True,
224,2.0,4.0,2.0,2.0,2.0,-1.002263889,,,False,False,
247,2.0,2.0,4.0,2.0,4.0,-1.706057556,,,False,False,
101,4.0,2.0,4.0,6.0,2.0,-0.441108292,,,False,True,
124,2.0,2.0,4.0,4.0,6.0,-0.550736111,,,False,True,
84,2.0,4.0,4.0,4.0,6.0,-0.990777778,,,False,True,
42,2.0,2.0,4.0,4.0,6.0,-0.343127194,,,False,True,
224,2.0,4.0,2.0,2.0,2.0,-1.002263889,,,False,False,
3,4.0,4.0,4.0,8.0,6.0,-0.174361111,,0.024426360837439137,False,True,0.8069724745802759
61,2.0,2.0,2.0,8.0,6.0,-0.3464265,,0.3912676280316044,False,True,0.5242599897423731
47,2.0,2.0,4.0,8.0,6.0,-0.339389972,,0.5017391204529794,False,True,0.315482476701733
110,2.0,2.0,2.0,4.0,6.0,-0.468694444,,0.5624825404694709,False,True,0.1382226514978518
183,4.0,2.0,2.0,8.0,2.0,-0.525085903,,0.9198421647232641,False,False,0.31106294386494554
65,4.0,2.0,4.0,8.0,6.0,-0.352691847,,0.9295484853703445,False,True,0.6444696806793246
153,4.0,4.0,2.0,6.0,2.0,-0.487353861,,0.5545216166361728,False,True,0.695732484010465
41,2.0,4.0,4.0,8.0,6.0,-0.336847361,,0.5508494078864093,False,True,0.5590461905763904
60,2.0,2.0,4.0,6.0,6.0,-0.347250847,,0.544635406220738,False,True,0.05975521026566823
129,4.0,4.0,4.0,4.0,2.0,-0.469290486,,0.5643675830759788,False,True,0.12298066910543558
