index,parallelism_deepspeech,parallelism_ffmpeg-0,parallelism_ffmpeg-1,parallelism_ffmpeg-2,parallelism_librosa,target,memory_queue,acquisition,terminated,feasible,ml_mape
105,2.0,4.0,2.0,8.0,4.0,-0.476013889,,,False,True,
82,4.0,4.0,2.0,4.0,6.0,-0.523083333,,,False,True,
115,2.0,2.0,2.0,8.0,4.0,-0.469847222,,,False,True,
151,4.0,2.0,4.0,6.0,4.0,-0.502097222,,,False,True,
251,4.0,2.0,2.0,4.0,6.0,-0.624513889,,,False,False,
62,4.0,2.0,4.0,8.0,4.0,-0.374241069,,,False,True,
84,2.0,4.0,4.0,4.0,6.0,-0.990777778,,,False,True,
58,4.0,2.0,2.0,8.0,6.0,-0.368771528,,,False,True,
38,2.0,4.0,2.0,6.0,6.0,-0.332537986,,,False,True,
3,4.0,4.0,4.0,8.0,6.0,-0.174361111,,0.01596062805882796,False,True,0.22685609438841992
33,2.0,4.0,2.0,8.0,6.0,-0.326393083,,0.36648535687467065,False,True,0.31288561012767274
13,4.0,4.0,2.0,8.0,6.0,-0.298934014,,0.4666386296172979,False,True,0.31460550729041215
47,2.0,2.0,4.0,8.0,6.0,-0.339389972,,0.5041543239018471,False,True,0.2723249756482649
65,4.0,2.0,4.0,8.0,6.0,-0.352691847,,0.6210815040332212,False,True,0.2445658267399563
7,4.0,4.0,4.0,8.0,4.0,-0.233569444,,0.5401503865396934,False,True,0.18531903871142025
41,2.0,4.0,4.0,8.0,6.0,-0.336847361,,0.544623966680108,False,True,0.5806165868955154
61,2.0,2.0,2.0,8.0,6.0,-0.3464265,,0.5199955549488615,False,True,0.13701580197715607
29,4.0,4.0,2.0,6.0,6.0,-0.329223611,,0.5404024965142409,False,True,0.040097815039527515
195,2.0,4.0,2.0,4.0,2.0,-0.529499708,,0.513048483678052,False,False,0.23081990710934058
