index,parallelism_deepspeech,parallelism_ffmpeg-0,parallelism_ffmpeg-1,parallelism_ffmpeg-2,parallelism_librosa,target,memory_queue,acquisition,terminated,feasible,ml_mape
223,2.0,2.0,2.0,2.0,2.0,-1.058027778,,,False,False,
90,2.0,4.0,4.0,6.0,6.0,-0.589277778,,,False,True,
118,2.0,2.0,4.0,6.0,6.0,-0.469930556,,,False,True,
271,2.0,2.0,2.0,8.0,2.0,-0.844166667,,,False,False,
265,2.0,2.0,2.0,8.0,2.0,-0.723914528,,,False,False,
196,2.0,2.0,2.0,6.0,2.0,-0.53278925,,,False,False,
72,4.0,2.0,2.0,2.0,4.0,-0.389361375,,,False,True,
216,2.0,4.0,4.0,6.0,2.0,-0.571856903,,,False,False,
109,4.0,2.0,2.0,4.0,2.0,-0.455934792,,,False,True,
144,2.0,4.0,4.0,2.0,6.0,-2.553500542,,-0.0,False,True,1.4283383173822624
13,4.0,4.0,2.0,8.0,6.0,-0.298934014,,0.753372379896981,False,True,1.099455565524627
65,4.0,2.0,4.0,8.0,6.0,-0.352691847,,0.8248983387871763,False,True,0.0013230193279708388
55,4.0,2.0,2.0,6.0,6.0,-0.347265153,,0.5433238454576205,False,True,0.7904289348843058
163,4.0,2.0,4.0,2.0,6.0,-1.661284764,,0.875301188938384,False,True,0.8124204087304701
18,4.0,4.0,2.0,6.0,4.0,-0.312747681,,0.43189801891987,False,True,0.5916207228545179
7,4.0,4.0,4.0,8.0,4.0,-0.233569444,,0.3209941184342827,False,True,0.6801905628179443
106,4.0,2.0,4.0,8.0,2.0,-0.456300083,,0.31007894454425416,False,True,0.7775355965797197
41,2.0,4.0,4.0,8.0,6.0,-0.336847361,,0.2974762881629031,False,True,0.705668938213557
44,4.0,2.0,4.0,6.0,4.0,-0.349742236,,0.21596312269090706,False,True,0.14711776646392347
