index,parallelism_deepspeech,parallelism_ffmpeg-0,parallelism_ffmpeg-1,parallelism_ffmpeg-2,parallelism_librosa,target,memory_queue,acquisition,terminated,feasible,ml_mape
195,2.0,4.0,2.0,4.0,2.0,-0.529499708,,,False,False,
114,2.0,4.0,2.0,6.0,2.0,-0.45505725,,,False,True,
94,2.0,4.0,2.0,6.0,6.0,-0.453180556,,,False,True,
102,2.0,4.0,4.0,8.0,6.0,-0.515444444,,,False,True,
28,2.0,4.0,4.0,4.0,4.0,-0.407666667,,,False,True,
101,4.0,2.0,4.0,6.0,2.0,-0.441108292,,,False,True,
8,2.0,2.0,2.0,8.0,4.0,-0.240564167,,,False,True,
50,4.0,2.0,2.0,6.0,4.0,-0.353336194,,,False,True,
186,2.0,2.0,4.0,6.0,2.0,-0.539194444,,,False,False,
192,4.0,2.0,2.0,8.0,4.0,-0.5575,,0.0011881054925759404,False,False,0.8631845109025009
163,4.0,2.0,4.0,2.0,6.0,-1.661284764,,0.000379124352069105,False,True,3.66009967196341
73,2.0,2.0,2.0,6.0,4.0,-0.397555556,,0.04800891684543777,False,True,0.5564937388840641
19,2.0,4.0,2.0,8.0,4.0,-0.314709528,,0.04571384343539995,False,True,0.90927595227191
128,2.0,2.0,2.0,8.0,2.0,-0.468699931,,0.02800301999679606,False,True,0.36669115206735137
61,2.0,2.0,2.0,8.0,6.0,-0.3464265,,0.0277199928682066,False,True,0.4709122859717989
107,4.0,4.0,4.0,6.0,2.0,-0.446536125,,0.022629104016962345,False,True,0.2846695908904512
104,4.0,2.0,2.0,6.0,2.0,-0.445360833,,0.01298614432484233,False,True,0.14820525158897324
137,2.0,4.0,4.0,8.0,2.0,-0.471614069,,0.011661283873606793,False,True,0.18043279262210363
35,2.0,4.0,2.0,6.0,4.0,-0.329550403,,0.007991478254115898,False,True,0.19967272993676294
