index,parallelism_deepspeech,parallelism_ffmpeg-0,parallelism_ffmpeg-1,parallelism_ffmpeg-2,parallelism_librosa,target,memory_queue,acquisition,terminated,feasible,ml_mape
135,2.0,2.0,4.0,4.0,4.0,-0.525222222,,,False,True,
212,4.0,2.0,2.0,2.0,6.0,-1.265793236,,,False,False,
273,4.0,4.0,2.0,4.0,2.0,-0.848291667,,,False,False,
200,4.0,2.0,4.0,4.0,2.0,-0.547041667,,,False,False,
54,4.0,2.0,4.0,4.0,4.0,-0.355211889,,,False,True,
116,2.0,2.0,2.0,4.0,4.0,-0.513097222,,,False,True,
199,4.0,2.0,2.0,8.0,2.0,-0.558790042,,,False,False,
40,2.0,4.0,4.0,6.0,6.0,-0.354989264,,,False,True,
195,2.0,4.0,2.0,4.0,2.0,-0.529499708,,,False,False,
65,4.0,2.0,4.0,8.0,6.0,-0.352691847,,0.07836215202812528,False,True,1.441481534396333
3,4.0,4.0,4.0,8.0,6.0,-0.174361111,,0.691258918933808,False,True,1.2007661050740042
33,2.0,4.0,2.0,8.0,6.0,-0.326393083,,0.6966061788563034,False,True,0.706532953283174
5,4.0,4.0,4.0,6.0,6.0,-0.289680556,,0.7056773176763165,False,True,0.5039575626685635
192,4.0,2.0,2.0,8.0,4.0,-0.5575,,0.7045330438065064,False,False,0.3239672701682513
19,2.0,4.0,2.0,8.0,4.0,-0.314709528,,0.7419482205909925,False,True,0.10975807393296076
31,4.0,2.0,4.0,6.0,6.0,-0.327348181,,0.8259379991028752,False,True,0.15974986534431423
41,2.0,4.0,4.0,8.0,6.0,-0.336847361,,0.8158668113894715,False,True,0.1111158379145258
44,4.0,2.0,4.0,6.0,4.0,-0.349742236,,0.7389356941292918,False,True,0.021957591158152035
35,2.0,4.0,2.0,6.0,4.0,-0.329550403,,0.7164653069790192,False,True,0.03733156786453159
