index,parallelism_deepspeech,parallelism_ffmpeg-0,parallelism_ffmpeg-1,parallelism_ffmpeg-2,parallelism_librosa,target,memory_queue,acquisition,terminated,feasible,ml_mape
153,4.0,4.0,2.0,6.0,2.0,-0.487353861,,,False,True,
206,2.0,4.0,2.0,6.0,2.0,-0.564430556,,,False,False,
70,4.0,2.0,4.0,6.0,6.0,-0.376416667,,,False,True,
106,4.0,2.0,4.0,8.0,2.0,-0.456300083,,,False,True,
99,4.0,2.0,4.0,4.0,2.0,-0.439447347,,,False,True,
184,4.0,4.0,2.0,2.0,4.0,-1.912622528,,,False,False,
132,4.0,2.0,2.0,4.0,2.0,-0.474599083,,,False,True,
221,2.0,4.0,4.0,4.0,2.0,-0.581986111,,,False,False,
87,4.0,2.0,4.0,4.0,2.0,-0.421543819,,,False,True,
58,4.0,2.0,2.0,8.0,6.0,-0.368771528,,0.34716930213778624,False,True,0.18142345375928084
17,4.0,2.0,2.0,6.0,4.0,-0.3125,,0.23943339923757107,False,True,0.4993549242678221
3,4.0,4.0,4.0,8.0,6.0,-0.174361111,,0.2447673589691901,False,True,1.3999363579427875
7,4.0,4.0,4.0,8.0,4.0,-0.233569444,,0.1831327798331067,False,True,0.05474284085260287
13,4.0,4.0,2.0,8.0,6.0,-0.298934014,,0.17869215189068846,False,True,0.577860687397052
47,2.0,2.0,4.0,8.0,6.0,-0.339389972,,0.13432023444941552,False,True,0.7900339991025604
183,4.0,2.0,2.0,8.0,2.0,-0.525085903,,0.1120526439162889,False,False,0.19697726030302148
65,4.0,2.0,4.0,8.0,6.0,-0.352691847,,0.08410221001255877,False,True,0.6588670647798824
52,2.0,2.0,2.0,6.0,6.0,-0.341679014,,0.1320316901820241,False,True,0.3235240980508912
41,2.0,4.0,4.0,8.0,6.0,-0.336847361,,0.10710222271062182,False,True,0.07476762224854254
