index,parallelism_deepspeech,parallelism_ffmpeg-0,parallelism_ffmpeg-1,parallelism_ffmpeg-2,parallelism_librosa,target,memory_queue,acquisition,terminated,feasible,ml_mape
87,4.0,2.0,4.0,4.0,2.0,-0.421543819,,,False,True,
252,2.0,2.0,2.0,4.0,2.0,-0.635083333,,,False,False,
266,2.0,4.0,2.0,8.0,2.0,-0.745151792,,,False,False,
258,4.0,2.0,2.0,8.0,4.0,-0.680513889,,,False,False,
4,4.0,4.0,4.0,8.0,6.0,-0.177944444,,,False,True,
261,4.0,2.0,4.0,6.0,2.0,-0.702819444,,,False,False,
231,4.0,4.0,2.0,2.0,6.0,-2.021638889,,,False,False,
262,4.0,2.0,2.0,2.0,6.0,-0.753805556,,,False,False,
42,2.0,2.0,4.0,4.0,6.0,-0.343127194,,,False,True,
5,4.0,4.0,4.0,6.0,6.0,-0.289680556,,0.31181483156947537,False,True,0.6382424910124395
41,2.0,4.0,4.0,8.0,6.0,-0.336847361,,0.5874235712993773,False,True,1.2426352579964541
33,2.0,4.0,2.0,8.0,6.0,-0.326393083,,0.4978021005678164,False,True,0.3643639176792823
47,2.0,2.0,4.0,8.0,6.0,-0.339389972,,0.49948922688285985,False,True,0.06545707475262992
13,4.0,4.0,2.0,8.0,6.0,-0.298934014,,0.3963814669970691,False,True,0.26594262201664115
170,4.0,2.0,4.0,2.0,4.0,-1.748654097,,0.43345608190483875,False,True,0.7842360846092659
117,4.0,4.0,2.0,4.0,2.0,-0.462181681,,0.5134444849330506,False,True,1.1578040792696114
129,4.0,4.0,4.0,4.0,2.0,-0.469290486,,0.5350585140166013,False,True,1.139425875533161
205,4.0,2.0,2.0,2.0,2.0,-0.561025153,,0.21678048010847145,False,False,0.17719424038355927
65,4.0,2.0,4.0,8.0,6.0,-0.352691847,,0.5367580594430007,False,True,0.026247593608038227
