index,parallelism_deepspeech,parallelism_ffmpeg-0,parallelism_ffmpeg-1,parallelism_ffmpeg-2,parallelism_librosa,target,memory_queue,acquisition,terminated,feasible,ml_mape
100,2.0,4.0,2.0,6.0,4.0,-0.453569444,,,False,True,
236,4.0,2.0,4.0,2.0,2.0,-1.192458333,,,False,False,
60,2.0,2.0,4.0,6.0,6.0,-0.347250847,,,False,True,
158,4.0,2.0,4.0,8.0,6.0,-0.506138889,,,False,True,
10,4.0,4.0,4.0,4.0,6.0,-0.642764458,,,False,True,
90,2.0,4.0,4.0,6.0,6.0,-0.589277778,,,False,True,
49,2.0,2.0,2.0,4.0,4.0,-0.340263431,,,False,True,
193,4.0,2.0,4.0,8.0,2.0,-0.544234181,,,False,False,
129,4.0,4.0,4.0,4.0,2.0,-0.469290486,,,False,True,
0,4.0,2.0,2.0,4.0,4.0,-0.478763889,,0.05638545417353069,False,True,0.2538297745745153
73,2.0,2.0,2.0,6.0,4.0,-0.397555556,,0.059830748785760224,False,True,0.10913666137980503
110,2.0,2.0,2.0,4.0,6.0,-0.468694444,,0.08282791801424438,False,True,0.762057158188653
43,2.0,2.0,4.0,6.0,4.0,-0.338625681,,0.05528103090796055,False,True,0.11722975925266815
125,2.0,4.0,4.0,6.0,2.0,-0.4634665,,0.045391689975890104,False,True,0.13705574970035117
153,4.0,4.0,2.0,6.0,2.0,-0.487353861,,0.01630305786736358,False,True,0.25354580414437067
3,4.0,4.0,4.0,8.0,6.0,-0.174361111,,-0.0,False,True,4.467829056352086
13,4.0,4.0,2.0,8.0,6.0,-0.298934014,,0.1062173286135486,False,True,0.686876226957416
7,4.0,4.0,4.0,8.0,4.0,-0.233569444,,0.10908690136713939,False,True,0.06868754347047995
25,2.0,4.0,4.0,8.0,4.0,-0.322285514,,0.09085975773187827,False,True,0.05517542443806802
