index,parallelism_deepspeech,parallelism_ffmpeg-0,parallelism_ffmpeg-1,parallelism_ffmpeg-2,parallelism_librosa,target,memory_queue,acquisition,terminated,feasible,ml_mape
113,4.0,2.0,4.0,4.0,4.0,-0.496375,,,False,True,
264,4.0,4.0,2.0,8.0,2.0,-0.718686361,,,False,False,
113,4.0,2.0,4.0,4.0,4.0,-0.496375,,,False,True,
101,4.0,2.0,4.0,6.0,2.0,-0.441108292,,,False,True,
173,2.0,2.0,4.0,2.0,2.0,-0.982603028,,,False,True,
188,2.0,2.0,4.0,4.0,2.0,-0.537317903,,,False,False,
159,2.0,2.0,2.0,8.0,4.0,-0.50775,,,False,True,
25,2.0,4.0,4.0,8.0,4.0,-0.322285514,,,False,True,
65,4.0,2.0,4.0,8.0,6.0,-0.352691847,,,False,True,
0,4.0,2.0,2.0,4.0,4.0,-0.478763889,,-0.0,False,True,0.7067937380085595
49,2.0,2.0,2.0,4.0,4.0,-0.340263431,,-0.0,False,True,0.6609113686742419
9,4.0,4.0,4.0,4.0,6.0,-0.68646125,,-0.0,False,True,1.1256992779730837
15,2.0,4.0,4.0,4.0,6.0,-0.782349653,,-0.0,False,True,1.4225637786097056
3,4.0,4.0,4.0,8.0,6.0,-0.174361111,,-0.0,False,True,1.118534766584462
41,2.0,4.0,4.0,8.0,6.0,-0.336847361,,0.10308173064534254,False,True,0.6701641186037135
13,4.0,4.0,2.0,8.0,6.0,-0.298934014,,0.08558071943663376,False,True,0.32217732854717196
7,4.0,4.0,4.0,8.0,4.0,-0.233569444,,0.05637987538105371,False,True,0.15110881336269824
52,2.0,2.0,2.0,6.0,6.0,-0.341679014,,0.010661070307035447,False,True,0.23872126980801606
42,2.0,2.0,4.0,4.0,6.0,-0.343127194,,-0.0,False,True,1.3450629674962884
