index,parallelism_deepspeech,parallelism_ffmpeg-0,parallelism_ffmpeg-1,parallelism_ffmpeg-2,parallelism_librosa,target,memory_queue,acquisition,terminated,feasible,ml_mape
144,2.0,4.0,4.0,2.0,6.0,-2.553500542,,,False,True,
265,2.0,2.0,2.0,8.0,2.0,-0.723914528,,,False,False,
101,4.0,2.0,4.0,6.0,2.0,-0.441108292,,,False,True,
2,4.0,2.0,2.0,4.0,4.0,-0.498833333,,,False,True,
181,2.0,4.0,2.0,2.0,2.0,-0.816021472,,,False,False,
205,4.0,2.0,2.0,2.0,2.0,-0.561025153,,,False,False,
82,4.0,4.0,2.0,4.0,6.0,-0.523083333,,,False,True,
0,4.0,2.0,2.0,4.0,4.0,-0.478763889,,,False,True,
71,4.0,4.0,2.0,8.0,4.0,-0.4445,,,False,True,
55,4.0,2.0,2.0,6.0,6.0,-0.347265153,,0.877879222080356,False,True,0.3646354160833991
59,4.0,2.0,4.0,8.0,4.0,-0.346334431,,0.9435195919702761,False,True,0.0562442634667006
106,4.0,2.0,4.0,8.0,2.0,-0.456300083,,0.9374933110741426,False,True,0.1556601978944642
13,4.0,4.0,2.0,8.0,6.0,-0.298934014,,0.9602613213068318,False,True,0.03601116139690469
65,4.0,2.0,4.0,8.0,6.0,-0.352691847,,0.9623078790648764,False,True,0.4809231343168988
58,4.0,2.0,2.0,8.0,6.0,-0.368771528,,0.9644222275668084,False,True,0.517193414423724
137,2.0,4.0,4.0,8.0,2.0,-0.471614069,,0.9614370186659142,False,True,0.05645080192753752
29,4.0,4.0,2.0,6.0,6.0,-0.329223611,,0.9637890881953691,False,True,0.02765248847523901
7,4.0,4.0,4.0,8.0,4.0,-0.233569444,,0.96484384240341,False,True,0.24633998643108532
107,4.0,4.0,4.0,6.0,2.0,-0.446536125,,0.9918253108306847,False,True,0.4700929091726512
