index,parallelism_deepspeech,parallelism_ffmpeg-0,parallelism_ffmpeg-1,parallelism_ffmpeg-2,parallelism_librosa,target,memory_queue,acquisition,terminated,feasible,ml_mape
30,2.0,4.0,2.0,6.0,6.0,-0.328707986,,,False,True,
222,4.0,2.0,2.0,2.0,2.0,-1.028465194,,,False,False,
41,2.0,4.0,4.0,8.0,6.0,-0.336847361,,,False,True,
236,4.0,2.0,4.0,2.0,2.0,-1.192458333,,,False,False,
169,4.0,2.0,4.0,2.0,2.0,-0.879925569,,,False,True,
138,4.0,4.0,4.0,2.0,4.0,-2.116722222,,,False,True,
221,2.0,4.0,4.0,4.0,2.0,-0.581986111,,,False,False,
248,2.0,4.0,4.0,2.0,2.0,-1.079555556,,,False,False,
261,4.0,2.0,4.0,6.0,2.0,-0.702819444,,,False,False,
33,2.0,4.0,2.0,8.0,6.0,-0.326393083,,0.026160998095883903,False,True,0.12246499607008082
3,4.0,4.0,4.0,8.0,6.0,-0.174361111,,1.0,False,True,2.200858742025585
58,4.0,2.0,2.0,8.0,6.0,-0.368771528,,0.025672100445916855,False,True,0.04156967724559233
13,4.0,4.0,2.0,8.0,6.0,-0.298934014,,0.11187446002638397,False,True,0.6033345633891362
65,4.0,2.0,4.0,8.0,6.0,-0.352691847,,0.07733657608448852,False,True,0.3472517211874047
7,4.0,4.0,4.0,8.0,4.0,-0.233569444,,0.06535590449738606,False,True,1.3821060917032002
160,4.0,4.0,4.0,2.0,2.0,-0.833162361,,0.03604379281660352,False,True,0.09048352528248652
5,4.0,4.0,4.0,6.0,6.0,-0.289680556,,0.04276458936626548,False,True,0.1338770910468883
25,2.0,4.0,4.0,8.0,4.0,-0.322285514,,0.028482359623380277,False,True,0.7709112664802099
0,4.0,2.0,2.0,4.0,4.0,-0.478763889,,1.0,False,True,0.048331933175364446
