index,parallelism_deepspeech,parallelism_ffmpeg-0,parallelism_ffmpeg-1,parallelism_ffmpeg-2,parallelism_librosa,target,memory_queue,acquisition,terminated,feasible,ml_mape
253,2.0,2.0,4.0,2.0,6.0,-1.661791667,,,False,False,
169,4.0,2.0,4.0,2.0,2.0,-0.879925569,,,False,True,
71,4.0,4.0,2.0,8.0,4.0,-0.4445,,,False,True,
0,4.0,2.0,2.0,4.0,4.0,-0.478763889,,,False,True,
187,4.0,2.0,2.0,4.0,2.0,-0.527723514,,,False,False,
71,4.0,4.0,2.0,8.0,4.0,-0.4445,,,False,True,
123,4.0,2.0,2.0,6.0,2.0,-0.461257611,,,False,True,
196,2.0,2.0,2.0,6.0,2.0,-0.53278925,,,False,False,
210,4.0,2.0,2.0,2.0,6.0,-0.572237847,,,False,False,
18,4.0,4.0,2.0,6.0,4.0,-0.312747681,,0.09558370837195895,False,True,0.6563401457558937
29,4.0,4.0,2.0,6.0,6.0,-0.329223611,,0.9405205394676895,False,True,0.1846724699546767
58,4.0,2.0,2.0,8.0,6.0,-0.368771528,,0.8575528799948792,False,True,0.4735564463342765
55,4.0,2.0,2.0,6.0,6.0,-0.347265153,,0.8759200823174043,False,True,0.20294469606913965
137,2.0,4.0,4.0,8.0,2.0,-0.471614069,,0.9178311273844649,False,True,0.8716603600037448
153,4.0,4.0,2.0,6.0,2.0,-0.487353861,,0.8723444328371945,False,True,0.3512373970397518
59,4.0,2.0,4.0,8.0,4.0,-0.346334431,,0.9161295980518877,False,True,0.702719223600149
3,4.0,4.0,4.0,8.0,6.0,-0.174361111,,0.8467443153685725,False,True,1.2972109882252163
16,4.0,4.0,4.0,6.0,4.0,-0.309360444,,0.6898794869377443,False,True,0.5153227009712427
41,2.0,4.0,4.0,8.0,6.0,-0.336847361,,0.8662095986880782,False,True,0.10982327697501934
