index,parallelism_deepspeech,parallelism_ffmpeg-0,parallelism_ffmpeg-1,parallelism_ffmpeg-2,parallelism_librosa,target,memory_queue,acquisition,terminated,feasible,ml_mape
84,2.0,4.0,4.0,4.0,6.0,-0.990777778,,,False,True,
6,4.0,4.0,4.0,6.0,6.0,-0.263958333,,,False,True,
48,4.0,2.0,4.0,6.0,4.0,-0.342658708,,,False,True,
211,4.0,2.0,2.0,8.0,4.0,-0.55837625,,,False,False,
154,4.0,4.0,4.0,2.0,6.0,-2.677372167,,,False,True,
45,4.0,4.0,4.0,8.0,4.0,-0.337648278,,,False,True,
181,2.0,4.0,2.0,2.0,2.0,-0.816021472,,,False,False,
95,2.0,4.0,2.0,4.0,4.0,-0.576430556,,,False,True,
255,2.0,2.0,2.0,4.0,6.0,-0.638375,,,False,False,
0,4.0,2.0,2.0,4.0,4.0,-0.478763889,,1.0021894406337968,False,True,0.09865844316941301
16,4.0,4.0,4.0,6.0,4.0,-0.309360444,,1.374784004706477,False,True,0.20687530853646457
3,4.0,4.0,4.0,8.0,6.0,-0.174361111,,1.2516771506775641,False,True,0.1868524988584377
9,4.0,4.0,4.0,4.0,6.0,-0.68646125,,0.9773737633973386,False,True,0.3326789364088021
0,4.0,2.0,2.0,4.0,4.0,-0.478763889,,1.0,False,True,0.0020130363974951134
12,4.0,4.0,4.0,4.0,4.0,-0.457125,,0.8742137431175266,False,True,0.3163677755622134
31,4.0,2.0,4.0,6.0,6.0,-0.327348181,,0.9465152339052323,False,True,0.2166428762722278
65,4.0,2.0,4.0,8.0,6.0,-0.352691847,,0.9523192721794681,False,True,0.2335416978866774
8,2.0,2.0,2.0,8.0,4.0,-0.240564167,,,False,True,3.4513640606298885
13,4.0,4.0,2.0,8.0,6.0,-0.298934014,,0.8100382581094482,False,True,0.46465265177227855
