index,parallelism_deepspeech,parallelism_ffmpeg-0,parallelism_ffmpeg-1,parallelism_ffmpeg-2,parallelism_librosa,target,memory_queue,acquisition,terminated,feasible,ml_mape
20,4.0,4.0,2.0,4.0,4.0,-0.320928667,,,False,True,
68,2.0,4.0,4.0,8.0,6.0,-0.358186139,,,False,True,
195,2.0,4.0,2.0,4.0,2.0,-0.529499708,,,False,False,
116,2.0,2.0,2.0,4.0,4.0,-0.513097222,,,False,True,
197,4.0,4.0,4.0,6.0,2.0,-0.543944444,,,False,False,
98,2.0,4.0,2.0,8.0,6.0,-0.451875,,,False,True,
273,4.0,4.0,2.0,4.0,2.0,-0.848291667,,,False,False,
236,4.0,2.0,4.0,2.0,2.0,-1.192458333,,,False,False,
21,4.0,4.0,2.0,8.0,4.0,-0.313295944,,,False,True,
0,4.0,2.0,2.0,4.0,4.0,-0.478763889,,0.13239857131303512,False,True,0.26026792886496214
56,4.0,2.0,2.0,4.0,6.0,-0.352285833,,0.474452258039472,False,True,0.7846721026176533
13,4.0,4.0,2.0,8.0,6.0,-0.298934014,,0.5953085262820018,False,True,0.9061314353492536
106,4.0,2.0,4.0,8.0,2.0,-0.456300083,,0.5628896376237271,False,True,0.892175451179097
137,2.0,4.0,4.0,8.0,2.0,-0.471614069,,0.6292413789685233,False,True,0.9559215044177811
30,2.0,4.0,2.0,6.0,6.0,-0.328707986,,0.5195098132506722,False,True,0.6767399859423054
7,4.0,4.0,4.0,8.0,4.0,-0.233569444,,0.5755588642929845,False,True,0.784548445280564
144,2.0,4.0,4.0,2.0,6.0,-2.553500542,,0.49954405901722276,False,True,2.6974419926088173
31,4.0,2.0,4.0,6.0,6.0,-0.327348181,,0.9385391524910323,False,True,0.6349365585334562
59,4.0,2.0,4.0,8.0,4.0,-0.346334431,,0.9651448946145542,False,True,0.08324746675176048
