index,parallelism_deepspeech,parallelism_ffmpeg-0,parallelism_ffmpeg-1,parallelism_ffmpeg-2,parallelism_librosa,target,memory_queue,acquisition,terminated,feasible,ml_mape
45,4.0,4.0,4.0,8.0,4.0,-0.337648278,,,False,True,
42,2.0,2.0,4.0,4.0,6.0,-0.343127194,,,False,True,
70,4.0,2.0,4.0,6.0,6.0,-0.376416667,,,False,True,
136,4.0,2.0,4.0,6.0,6.0,-0.483944444,,,False,True,
176,4.0,2.0,4.0,2.0,4.0,-1.436454722,,,False,False,
16,4.0,4.0,4.0,6.0,4.0,-0.309360444,,,False,True,
11,4.0,4.0,4.0,8.0,4.0,-0.318486111,,,False,True,
260,2.0,2.0,4.0,4.0,2.0,-0.681861111,,,False,False,
2,4.0,2.0,2.0,4.0,4.0,-0.498833333,,,False,True,
3,4.0,4.0,4.0,8.0,6.0,-0.174361111,,0.05226424963985011,False,True,0.9385068959642405
5,4.0,4.0,4.0,6.0,6.0,-0.289680556,,0.031192548198450604,False,True,0.39184926126932434
8,2.0,2.0,2.0,8.0,4.0,-0.240564167,,0.0317952904589811,False,True,1.6539766958538045
41,2.0,4.0,4.0,8.0,6.0,-0.336847361,,0.057373546146621164,False,True,0.911041393424788
9,4.0,4.0,4.0,4.0,6.0,-0.68646125,,0.03227945370624236,False,True,0.8415807654164549
12,4.0,4.0,4.0,4.0,4.0,-0.457125,,0.027888406316702877,False,True,0.09593619869668035
65,4.0,2.0,4.0,8.0,6.0,-0.352691847,,0.02539141316030838,False,True,0.08252776323582003
19,2.0,4.0,2.0,8.0,4.0,-0.314709528,,0.037366755402921024,False,True,0.7198756139408286
40,2.0,4.0,4.0,6.0,6.0,-0.354989264,,0.024298296813570743,False,True,0.0630456101059852
15,2.0,4.0,4.0,4.0,6.0,-0.782349653,,0.023415950077782993,False,True,0.016961084752154392
