index,parallelism_deepspeech,parallelism_ffmpeg-0,parallelism_ffmpeg-1,parallelism_ffmpeg-2,parallelism_librosa,target,memory_queue,acquisition,terminated,feasible,ml_mape
66,4.0,2.0,4.0,8.0,6.0,-0.366388889,,,False,True,
35,2.0,4.0,2.0,6.0,4.0,-0.329550403,,,False,True,
32,4.0,4.0,2.0,4.0,6.0,-0.345415417,,,False,True,
166,2.0,4.0,4.0,2.0,2.0,-0.686595319,,,False,True,
152,2.0,2.0,4.0,4.0,2.0,-0.505361111,,,False,True,
249,4.0,2.0,4.0,2.0,4.0,-1.711277778,,,False,False,
73,2.0,2.0,2.0,6.0,4.0,-0.397555556,,,False,True,
67,4.0,2.0,4.0,4.0,4.0,-0.356944444,,,False,True,
87,4.0,2.0,4.0,4.0,2.0,-0.421543819,,,False,True,
117,4.0,4.0,2.0,4.0,2.0,-0.462181681,,0.06605993848884745,False,True,0.7082518815121885
55,4.0,2.0,2.0,6.0,6.0,-0.347265153,,0.06111052717471149,False,True,0.6207440564746749
36,2.0,4.0,2.0,4.0,4.0,-0.359824042,,0.06244398086900753,False,True,0.46436487795247156
3,4.0,4.0,4.0,8.0,6.0,-0.174361111,,0.06635847274553609,False,True,1.0922640921671505
17,4.0,2.0,2.0,6.0,4.0,-0.3125,,0.033656941871542084,False,True,0.10381268861068631
20,4.0,4.0,2.0,4.0,4.0,-0.320928667,,0.03195701956251589,False,True,0.12726926550059278
155,2.0,4.0,4.0,4.0,2.0,-0.489930597,,0.031072433873775892,False,True,0.09494272949076749
29,4.0,4.0,2.0,6.0,6.0,-0.329223611,,0.027819539198964,False,True,0.5883941469271967
44,4.0,2.0,4.0,6.0,4.0,-0.349742236,,0.02642094125924259,False,True,0.08420255963032167
30,2.0,4.0,2.0,6.0,6.0,-0.328707986,,0.02677219466160859,False,True,0.22031690513904684
