index,parallelism_deepspeech,parallelism_ffmpeg-0,parallelism_ffmpeg-1,parallelism_ffmpeg-2,parallelism_librosa,target,memory_queue,acquisition,terminated,feasible,ml_mape
93,2.0,4.0,2.0,8.0,4.0,-0.449402778,,,False,True,
103,2.0,4.0,4.0,6.0,6.0,-0.725972222,,,False,True,
151,4.0,2.0,4.0,6.0,4.0,-0.502097222,,,False,True,
54,4.0,2.0,4.0,4.0,4.0,-0.355211889,,,False,True,
245,4.0,4.0,4.0,2.0,6.0,-2.663833333,,,False,False,
90,2.0,4.0,4.0,6.0,6.0,-0.589277778,,,False,True,
141,2.0,2.0,2.0,8.0,6.0,-0.486847222,,,False,True,
101,4.0,2.0,4.0,6.0,2.0,-0.441108292,,,False,True,
43,2.0,2.0,4.0,6.0,4.0,-0.338625681,,,False,True,
152,2.0,2.0,4.0,4.0,2.0,-0.505361111,,0.1662966401244156,False,True,0.8649954758954289
87,4.0,2.0,4.0,4.0,2.0,-0.421543819,,0.13881055100598338,False,True,0.20676282824171305
73,2.0,2.0,2.0,6.0,4.0,-0.397555556,,0.11005091435269046,False,True,0.31413739410385916
137,2.0,4.0,4.0,8.0,2.0,-0.471614069,,0.0890093910534755,False,True,0.10063158969395551
128,2.0,2.0,2.0,8.0,2.0,-0.468699931,,0.07815720620152626,False,True,0.41420151130127614
109,4.0,2.0,2.0,4.0,2.0,-0.455934792,,0.06971272226483367,False,True,0.3706121576856132
114,2.0,4.0,2.0,6.0,2.0,-0.45505725,,0.061442128582301594,False,True,0.04646090913518241
47,2.0,2.0,4.0,8.0,6.0,-0.339389972,,0.05536401209292889,False,True,0.22560957735967516
46,2.0,2.0,4.0,8.0,4.0,-0.341116875,,0.05370001566194781,False,True,0.24617925093341012
41,2.0,4.0,4.0,8.0,6.0,-0.336847361,,0.05186974048305856,False,True,0.16856787208316318
