index,parallelism_deepspeech,parallelism_ffmpeg-0,parallelism_ffmpeg-1,parallelism_ffmpeg-2,parallelism_librosa,target,memory_queue,acquisition,terminated,feasible,ml_mape
187,4.0,2.0,2.0,4.0,2.0,-0.527723514,,,False,False,
163,4.0,2.0,4.0,2.0,6.0,-1.661284764,,,False,True,
112,4.0,2.0,2.0,2.0,4.0,-1.663708333,,,False,True,
120,4.0,2.0,2.0,8.0,6.0,-0.472138889,,,False,True,
262,4.0,2.0,2.0,2.0,6.0,-0.753805556,,,False,False,
87,4.0,2.0,4.0,4.0,2.0,-0.421543819,,,False,True,
264,4.0,4.0,2.0,8.0,2.0,-0.718686361,,,False,False,
121,4.0,4.0,2.0,8.0,2.0,-0.475219681,,,False,True,
259,4.0,2.0,2.0,2.0,2.0,-0.68475,,,False,False,
3,4.0,4.0,4.0,8.0,6.0,-0.174361111,,0.3750416925816361,False,True,4.11581164831714
7,4.0,4.0,4.0,8.0,4.0,-0.233569444,,0.5043132084979751,False,True,0.8255883506277952
13,4.0,4.0,2.0,8.0,6.0,-0.298934014,,0.632160338460515,False,True,0.5686311600270697
59,4.0,2.0,4.0,8.0,4.0,-0.346334431,,0.6263897296189345,False,True,0.7397778819508809
16,4.0,4.0,4.0,6.0,4.0,-0.309360444,,0.5301071785043346,False,True,0.9060280960080902
44,4.0,2.0,4.0,6.0,4.0,-0.349742236,,0.4672867731979462,False,True,0.5378475757725362
21,4.0,4.0,2.0,8.0,4.0,-0.313295944,,0.42015633347445835,False,True,0.07378823220364274
160,4.0,4.0,4.0,2.0,2.0,-0.833162361,,0.3439006907294344,False,True,0.7314326958685883
192,4.0,2.0,2.0,8.0,4.0,-0.5575,,0.31802224380031696,False,False,0.4690624096275204
65,4.0,2.0,4.0,8.0,6.0,-0.352691847,,0.39388433571484294,False,True,0.08792363310059573
