index,parallelism_deepspeech,parallelism_ffmpeg-0,parallelism_ffmpeg-1,parallelism_ffmpeg-2,parallelism_librosa,target,memory_queue,acquisition,terminated,feasible,ml_mape
179,4.0,4.0,2.0,2.0,2.0,-0.773426778,,,False,False,
110,2.0,2.0,2.0,4.0,6.0,-0.468694444,,,False,True,
115,2.0,2.0,2.0,8.0,4.0,-0.469847222,,,False,True,
131,4.0,4.0,4.0,2.0,4.0,-2.122924722,,,False,True,
197,4.0,4.0,4.0,6.0,2.0,-0.543944444,,,False,False,
71,4.0,4.0,2.0,8.0,4.0,-0.4445,,,False,True,
112,4.0,2.0,2.0,2.0,4.0,-1.663708333,,,False,True,
61,2.0,2.0,2.0,8.0,6.0,-0.3464265,,,False,True,
96,2.0,4.0,2.0,4.0,6.0,-0.516527778,,,False,True,
52,2.0,2.0,2.0,6.0,6.0,-0.341679014,,1.0900581055506513,False,True,0.23586564178271682
195,2.0,4.0,2.0,4.0,2.0,-0.529499708,,0.8256486985725693,False,False,0.11061362731430845
30,2.0,4.0,2.0,6.0,6.0,-0.328707986,,0.882852358548387,False,True,0.07516934817161439
33,2.0,4.0,2.0,8.0,6.0,-0.326393083,,0.828234286587546,False,True,0.10524882481225765
35,2.0,4.0,2.0,6.0,4.0,-0.329550403,,0.8805249779546538,False,True,0.3356180649507715
25,2.0,4.0,4.0,8.0,4.0,-0.322285514,,0.8755083224149234,False,True,0.32271110209954235
41,2.0,4.0,4.0,8.0,6.0,-0.336847361,,0.9246323881065097,False,True,0.9890562429288838
47,2.0,2.0,4.0,8.0,6.0,-0.339389972,,0.9786701482664395,False,True,0.057069962080451966
137,2.0,4.0,4.0,8.0,2.0,-0.471614069,,0.8962426243825634,False,True,0.08750144250490162
19,2.0,4.0,2.0,8.0,4.0,-0.314709528,,0.9574310622098888,False,True,0.45071389841125803
