index,parallelism_deepspeech,parallelism_ffmpeg-0,parallelism_ffmpeg-1,parallelism_ffmpeg-2,parallelism_librosa,target,memory_queue,acquisition,terminated,feasible,ml_mape
17,4.0,2.0,2.0,6.0,4.0,-0.3125,,,False,True,
229,4.0,4.0,2.0,2.0,4.0,-2.081097222,,,False,False,
136,4.0,2.0,4.0,6.0,6.0,-0.483944444,,,False,True,
29,4.0,4.0,2.0,6.0,6.0,-0.329223611,,,False,True,
45,4.0,4.0,4.0,8.0,4.0,-0.337648278,,,False,True,
26,4.0,4.0,4.0,6.0,4.0,-0.335936681,,,False,True,
214,2.0,4.0,2.0,4.0,2.0,-0.573271181,,,False,False,
148,2.0,2.0,4.0,8.0,4.0,-0.496097222,,,False,True,
233,4.0,4.0,2.0,2.0,2.0,-1.0745,,,False,False,
13,4.0,4.0,2.0,8.0,6.0,-0.298934014,,0.8123893125080006,False,True,0.31274649688058154
52,2.0,2.0,2.0,6.0,6.0,-0.341679014,,0.7352739567692379,False,True,0.5815310000655999
18,4.0,4.0,2.0,6.0,4.0,-0.312747681,,0.8878812059873024,False,True,0.3507112516293137
101,4.0,2.0,4.0,6.0,2.0,-0.441108292,,0.7009575474269948,False,True,0.37112018293402294
55,4.0,2.0,2.0,6.0,6.0,-0.347265153,,0.8173790980501403,False,True,0.19461327257300567
41,2.0,4.0,4.0,8.0,6.0,-0.336847361,,0.64539286139707,False,True,0.004562798052364905
3,4.0,4.0,4.0,8.0,6.0,-0.174361111,,0.7601760205047603,False,True,1.4286993340529348
65,4.0,2.0,4.0,8.0,6.0,-0.352691847,,0.7433786858665354,False,True,0.06009572303356625
43,2.0,2.0,4.0,6.0,4.0,-0.338625681,,0.6049693874448916,False,True,0.3322946793777135
33,2.0,4.0,2.0,8.0,6.0,-0.326393083,,0.5981670283875239,False,True,0.7482020491717274
