index,parallelism_deepspeech,parallelism_ffmpeg-0,parallelism_ffmpeg-1,parallelism_ffmpeg-2,parallelism_librosa,target,memory_queue,acquisition,terminated,feasible,ml_mape
21,4.0,4.0,2.0,8.0,4.0,-0.313295944,,,False,True,
39,4.0,2.0,4.0,4.0,6.0,-0.354505208,,,False,True,
270,2.0,4.0,2.0,8.0,2.0,-0.836875,,,False,False,
40,2.0,4.0,4.0,6.0,6.0,-0.354989264,,,False,True,
198,2.0,2.0,2.0,4.0,2.0,-0.54725,,,False,False,
13,4.0,4.0,2.0,8.0,6.0,-0.298934014,,,False,True,
245,4.0,4.0,4.0,2.0,6.0,-2.663833333,,,False,False,
13,4.0,4.0,2.0,8.0,6.0,-0.298934014,,,False,True,
7,4.0,4.0,4.0,8.0,4.0,-0.233569444,,,False,True,
3,4.0,4.0,4.0,8.0,6.0,-0.174361111,,0.16339010059269102,False,True,0.30410295718859226
5,4.0,4.0,4.0,6.0,6.0,-0.289680556,,0.11720811567846916,False,True,0.06774424384048602
0,4.0,2.0,2.0,4.0,4.0,-0.478763889,,1.0,False,True,0.2860542672276675
9,4.0,4.0,4.0,4.0,6.0,-0.68646125,,0.10900438890852585,False,True,0.5635078912008363
0,4.0,2.0,2.0,4.0,4.0,-0.478763889,,1.0,False,True,0.013953729577476042
12,4.0,4.0,4.0,4.0,4.0,-0.457125,,0.09312700726818617,False,True,0.3504491824676288
16,4.0,4.0,4.0,6.0,4.0,-0.309360444,,0.11644741947320618,False,True,0.6006210150699162
0,4.0,2.0,2.0,4.0,4.0,-0.478763889,,1.0,False,True,0.006073789620146684
41,2.0,4.0,4.0,8.0,6.0,-0.336847361,,0.10594506849966785,False,True,0.6014190100411545
31,4.0,2.0,4.0,6.0,6.0,-0.327348181,,0.10202441493819682,False,True,0.3208940871234363
