index,parallelism_deepspeech,parallelism_ffmpeg-0,parallelism_ffmpeg-1,parallelism_ffmpeg-2,parallelism_librosa,target,memory_queue,acquisition,terminated,feasible,ml_mape
100,2.0,4.0,2.0,6.0,4.0,-0.453569444,,,False,True,
212,4.0,2.0,2.0,2.0,6.0,-1.265793236,,,False,False,
252,2.0,2.0,2.0,4.0,2.0,-0.635083333,,,False,False,
273,4.0,4.0,2.0,4.0,2.0,-0.848291667,,,False,False,
42,2.0,2.0,4.0,4.0,6.0,-0.343127194,,,False,True,
37,2.0,4.0,2.0,4.0,6.0,-0.4056085,,,False,True,
159,2.0,2.0,2.0,8.0,4.0,-0.50775,,,False,True,
251,4.0,2.0,2.0,4.0,6.0,-0.624513889,,,False,False,
69,4.0,2.0,2.0,8.0,6.0,-0.358575153,,,False,True,
3,4.0,4.0,4.0,8.0,6.0,-0.174361111,,0.02604189421485808,False,True,1.4661002409333777
5,4.0,4.0,4.0,6.0,6.0,-0.289680556,,0.012923703127572177,False,True,0.39468142191590866
7,4.0,4.0,4.0,8.0,4.0,-0.233569444,,0.014873650327766934,False,True,0.16515368211011971
13,4.0,4.0,2.0,8.0,6.0,-0.298934014,,0.046211612897281304,False,True,0.05431605584511923
65,4.0,2.0,4.0,8.0,6.0,-0.352691847,,0.04475925987581692,False,True,0.1536579035923807
29,4.0,4.0,2.0,6.0,6.0,-0.329223611,,0.0386329759873839,False,True,0.44130917558055943
41,2.0,4.0,4.0,8.0,6.0,-0.336847361,,0.03746370679388807,False,True,0.24551385703420806
9,4.0,4.0,4.0,4.0,6.0,-0.68646125,,0.01800839241007897,False,True,0.9325586988859479
3,4.0,4.0,4.0,8.0,6.0,-0.174361111,,1.0,False,True,0.07769024964739966
12,4.0,4.0,4.0,4.0,4.0,-0.457125,,0.01840224139977728,False,True,0.946439474361526
