index,parallelism_deepspeech,parallelism_ffmpeg-0,parallelism_ffmpeg-1,parallelism_ffmpeg-2,parallelism_librosa,target,memory_queue,acquisition,terminated,feasible,ml_mape
69,4.0,2.0,2.0,8.0,6.0,-0.358575153,,,False,True,
54,4.0,2.0,4.0,4.0,4.0,-0.355211889,,,False,True,
187,4.0,2.0,2.0,4.0,2.0,-0.527723514,,,False,False,
175,2.0,2.0,4.0,2.0,4.0,-1.691752611,,,False,False,
157,4.0,4.0,4.0,8.0,2.0,-0.507875,,,False,True,
168,2.0,2.0,4.0,6.0,2.0,-0.523680556,,,False,True,
194,4.0,2.0,2.0,4.0,6.0,-0.529667778,,,False,False,
14,4.0,4.0,4.0,4.0,4.0,-0.506810167,,,False,True,
31,4.0,2.0,4.0,6.0,6.0,-0.327348181,,,False,True,
65,4.0,2.0,4.0,8.0,6.0,-0.352691847,,0.386351224356534,False,True,0.37067593251720127
44,4.0,2.0,4.0,6.0,4.0,-0.349742236,,0.3466114783188113,False,True,0.008043423851382016
13,4.0,4.0,2.0,8.0,6.0,-0.298934014,,0.18191308670236428,False,True,0.2623602983665706
0,4.0,2.0,2.0,4.0,4.0,-0.478763889,,1.0,False,True,0.03745191198062462
33,2.0,4.0,2.0,8.0,6.0,-0.326393083,,0.19691393929752435,False,True,0.48069726056732304
3,4.0,4.0,4.0,8.0,6.0,-0.174361111,,0.1453603406112369,False,True,0.6369248940146619
41,2.0,4.0,4.0,8.0,6.0,-0.336847361,,0.22672097651798617,False,True,0.36644744672494833
5,4.0,4.0,4.0,6.0,6.0,-0.289680556,,0.12978738617331023,False,True,0.6328245877592666
52,2.0,2.0,2.0,6.0,6.0,-0.341679014,,0.10223741811290156,False,True,0.3634761858794184
35,2.0,4.0,2.0,6.0,4.0,-0.329550403,,0.10163941827747866,False,True,0.3545477062638476
