index,parallelism_deepspeech,parallelism_ffmpeg-0,parallelism_ffmpeg-1,parallelism_ffmpeg-2,parallelism_librosa,target,memory_queue,acquisition,terminated,feasible,ml_mape
132,4.0,2.0,2.0,4.0,2.0,-0.474599083,,,False,True,
193,4.0,2.0,4.0,8.0,2.0,-0.544234181,,,False,False,
81,2.0,4.0,2.0,6.0,4.0,-0.425430208,,,False,True,
197,4.0,4.0,4.0,6.0,2.0,-0.543944444,,,False,False,
259,4.0,2.0,2.0,2.0,2.0,-0.68475,,,False,False,
36,2.0,4.0,2.0,4.0,4.0,-0.359824042,,,False,True,
10,4.0,4.0,4.0,4.0,6.0,-0.642764458,,,False,True,
273,4.0,4.0,2.0,4.0,2.0,-0.848291667,,,False,False,
236,4.0,2.0,4.0,2.0,2.0,-1.192458333,,,False,False,
49,2.0,2.0,2.0,4.0,4.0,-0.340263431,,0.003380055210663166,False,True,0.9250234361261597
22,2.0,4.0,2.0,4.0,6.0,-0.377765889,,0.06178373461278406,False,True,0.8706730604558374
17,4.0,2.0,2.0,6.0,4.0,-0.3125,,0.055294246503625556,False,True,0.24600863621492547
3,4.0,4.0,4.0,8.0,6.0,-0.174361111,,0.05972022257300268,False,True,1.5482386234173349
40,2.0,4.0,4.0,6.0,6.0,-0.354989264,,0.13663525846600688,False,True,0.986590060929204
13,4.0,4.0,2.0,8.0,6.0,-0.298934014,,0.12187476888670479,False,True,0.1628590799063326
7,4.0,4.0,4.0,8.0,4.0,-0.233569444,,0.08169333794876996,False,True,0.5417089022039643
21,4.0,4.0,2.0,8.0,4.0,-0.313295944,,0.04405981659658613,False,True,0.5330045881638729
55,4.0,2.0,2.0,6.0,6.0,-0.347265153,,0.029428268885517708,False,True,0.29284943898378507
65,4.0,2.0,4.0,8.0,6.0,-0.352691847,,0.04435169605490675,False,True,0.4778726329266483
