index,#vm,ram,target,memory_queue,acquisition,terminated,feasible,ml_mape
94,11.0,0.2,-6166226.0,,,False,False,
449,10.0,0.7,-5129210.0,,,False,False,
260,21.0,0.2,-9329544.0,,,False,False,
0,3.0,0.2,-6782883.0,,-0.0,False,False,0.7315677038197849
10,4.0,0.2,-8015384.0,,-0.0,False,False,0.021086167585464912
20,5.0,0.2,-9436605.0,,-0.0,False,False,0.09062077160845135
35,6.0,0.2,-9471234.0,,-0.0,False,False,0.03642354522010739
40,7.0,0.2,-10276763.0,,-0.0,False,False,0.10382293408529619
63,8.0,0.2,-9751200.0,,-0.0,False,False,0.04872849790982694
65,9.0,0.2,-10237491.0,,-0.0,False,False,0.11859051066746892
84,10.0,0.2,-10254350.0,,-0.0,False,False,0.1354448391939522
115,12.0,0.2,-10371108.0,,-0.0,False,False,0.21541328062740367
120,13.0,0.2,-8398923.0,,-0.0,False,False,0.027139860504199042
150,15.0,0.2,-7718760.0,,-0.0,False,False,0.044843725242808
173,16.0,0.2,-9021200.0,,-0.0,False,False,0.2035093786091791
175,17.0,0.2,-9910167.0,,-0.0,False,False,0.24546892117315167
213,18.0,0.2,-9415458.0,,-0.0,False,False,0.131419985038725
215,19.0,0.2,-9311957.0,,-0.0,False,False,0.03255230567513867
243,20.0,0.2,-9209900.0,,-0.0,False,False,0.08675084681156404
281,22.0,0.2,-8355358.0,,-0.0,False,False,0.5231323397558344
289,23.0,0.2,-9440672.0,,-0.0,False,False,0.35515446890942315
314,24.0,0.2,-8312232.0,,-0.0,False,False,0.6142634482749865
329,3.0,0.9,-3937797.0,,-0.0,False,False,0.5032535654273426
339,4.0,0.9,-2195600.0,,-0.0,False,False,1.2788203998368706
349,5.0,0.9,-2514650.0,,-0.0,False,False,0.5467690599265203
359,6.0,0.9,-2607030.0,,-0.0,False,False,0.1700748422539267
369,6.0,0.7,-3952086.0,,-0.0,False,False,0.3269580747047847
410,8.0,0.7,-4361248.0,,-0.0,False,False,0.09190149095107834
473,12.0,0.7,-5478492.0,,-0.0,False,False,1.112150815803218
515,16.0,0.7,-4027792.0,,-0.0,False,False,1.2961385225922808
604,24.0,0.7,-4437600.0,,-0.0,False,True,0.3624275075218788
625,26.0,0.7,-4426656.0,,-0.0,False,True,1.0226258366293437
646,3.0,4.0,-1198095.0,,-0.0,False,False,35.03926734103756
