index,parallelism_deepspeech,parallelism_ffmpeg-0,parallelism_ffmpeg-1,parallelism_ffmpeg-2,parallelism_librosa,target,memory_queue,acquisition,terminated,feasible,ml_mape
144,2.0,4.0,4.0,2.0,6.0,-2.553500542,,,False,True,
1,4.0,2.0,2.0,4.0,4.0,-0.351947292,,,False,True,
198,2.0,2.0,2.0,4.0,2.0,-0.54725,,,False,False,
273,4.0,4.0,2.0,4.0,2.0,-0.848291667,,,False,False,
143,2.0,2.0,4.0,8.0,6.0,-0.486527778,,,False,True,
73,2.0,2.0,2.0,6.0,4.0,-0.397555556,,,False,True,
234,4.0,4.0,4.0,2.0,2.0,-0.777097222,,,False,False,
191,2.0,2.0,2.0,6.0,2.0,-0.541027778,,,False,False,
12,4.0,4.0,4.0,4.0,4.0,-0.457125,,,False,True,
17,4.0,2.0,2.0,6.0,4.0,-0.3125,,0.13949066543912156,False,True,0.10614277394081846
13,4.0,4.0,2.0,8.0,6.0,-0.298934014,,0.09631709889020604,False,True,1.2360258863994125
58,4.0,2.0,2.0,8.0,6.0,-0.368771528,,0.13509662212845627,False,True,0.596014618007702
3,4.0,4.0,4.0,8.0,6.0,-0.174361111,,0.12005009707685357,False,True,0.3188167293292548
5,4.0,4.0,4.0,6.0,6.0,-0.289680556,,0.1082516708244768,False,True,0.013886928872530799
41,2.0,4.0,4.0,8.0,6.0,-0.336847361,,0.09781033242567799,False,True,0.00976819148168637
65,4.0,2.0,4.0,8.0,6.0,-0.352691847,,0.09344490075714612,False,True,0.43733772662307385
192,4.0,2.0,2.0,8.0,4.0,-0.5575,,0.08517157037382578,False,False,0.49611005234833055
139,4.0,4.0,4.0,2.0,6.0,-2.581552792,,0.06121942201758896,False,True,0.5468592529264893
55,4.0,2.0,2.0,6.0,6.0,-0.347265153,,0.1573869631543371,False,True,0.35181652439563854
