index,parallelism_deepspeech,parallelism_ffmpeg-0,parallelism_ffmpeg-1,parallelism_ffmpeg-2,parallelism_librosa,target,memory_queue,acquisition,terminated,feasible,ml_mape
225,2.0,2.0,2.0,2.0,6.0,-1.550319444,,,False,False,
63,4.0,2.0,2.0,6.0,6.0,-0.363416389,,,False,True,
218,4.0,4.0,2.0,6.0,2.0,-0.581611111,,,False,False,
55,4.0,2.0,2.0,6.0,6.0,-0.347265153,,,False,True,
165,4.0,4.0,2.0,2.0,6.0,-1.700916667,,,False,True,
28,2.0,4.0,4.0,4.0,4.0,-0.407666667,,,False,True,
68,2.0,4.0,4.0,8.0,6.0,-0.358186139,,,False,True,
19,2.0,4.0,2.0,8.0,4.0,-0.314709528,,,False,True,
237,2.0,4.0,4.0,2.0,2.0,-0.970541667,,,False,False,
35,2.0,4.0,2.0,6.0,4.0,-0.329550403,,0.996855370064385,False,True,0.5060584675059674
3,4.0,4.0,4.0,8.0,6.0,-0.174361111,,0.9397744206674745,False,True,0.08288298826138293
192,4.0,2.0,2.0,8.0,4.0,-0.5575,,0.9241106168871134,False,False,0.4675770879025231
21,4.0,4.0,2.0,8.0,4.0,-0.313295944,,0.8459510134780673,False,True,0.21206734610350034
31,4.0,2.0,4.0,6.0,6.0,-0.327348181,,0.9209345553859448,False,True,0.34644137294416766
25,2.0,4.0,4.0,8.0,4.0,-0.322285514,,0.9438721264238756,False,True,0.10698538702818437
0,4.0,2.0,2.0,4.0,4.0,-0.478763889,,0.8733650804511583,False,True,0.20438574164652243
114,2.0,4.0,2.0,6.0,2.0,-0.45505725,,0.8618121791488694,False,True,0.2216211296787192
16,4.0,4.0,4.0,6.0,4.0,-0.309360444,,0.8775126709463317,False,True,0.00140219867245211
5,4.0,4.0,4.0,6.0,6.0,-0.289680556,,0.9429334023728158,False,True,0.10248196166151158
