index,parallelism_deepspeech,parallelism_ffmpeg-0,parallelism_ffmpeg-1,parallelism_ffmpeg-2,parallelism_librosa,target,memory_queue,acquisition,terminated,feasible,ml_mape
164,4.0,4.0,2.0,2.0,4.0,-1.723588111,,,False,True,
34,4.0,4.0,2.0,6.0,4.0,-0.328441333,,,False,True,
107,4.0,4.0,4.0,6.0,2.0,-0.446536125,,,False,True,
138,4.0,4.0,4.0,2.0,4.0,-2.116722222,,,False,True,
263,2.0,2.0,4.0,8.0,6.0,-0.730130069,,,False,False,
17,4.0,2.0,2.0,6.0,4.0,-0.3125,,,False,True,
182,4.0,4.0,2.0,2.0,2.0,-1.021298139,,,False,False,
23,2.0,4.0,4.0,4.0,4.0,-0.457704472,,,False,True,
72,4.0,2.0,2.0,2.0,4.0,-0.389361375,,,False,True,
35,2.0,4.0,2.0,6.0,4.0,-0.329550403,,0.09166562525568789,False,True,0.0011851412251075667
49,2.0,2.0,2.0,4.0,4.0,-0.340263431,,0.11911098231634748,False,True,0.12762753709142782
0,4.0,2.0,2.0,4.0,4.0,-0.478763889,,0.13451141388018154,False,True,0.3926535378365954
153,4.0,4.0,2.0,6.0,2.0,-0.487353861,,0.08603441621185468,False,True,0.9679559394161702
125,2.0,4.0,4.0,6.0,2.0,-0.4634665,,0.10896542549685996,False,True,0.7730676726184256
21,4.0,4.0,2.0,8.0,4.0,-0.313295944,,0.09078156336518475,False,True,0.07312368622900843
40,2.0,4.0,4.0,6.0,6.0,-0.354989264,,0.08680447423264648,False,True,0.21774312804888085
152,2.0,2.0,4.0,4.0,2.0,-0.505361111,,0.09413179952221955,False,True,0.248754715223766
7,4.0,4.0,4.0,8.0,4.0,-0.233569444,,0.10738292258037876,False,True,1.4859328704137325
25,2.0,4.0,4.0,8.0,4.0,-0.322285514,,0.07329864585784959,False,True,0.21749523702350185
