index,parallelism_deepspeech,parallelism_ffmpeg-0,parallelism_ffmpeg-1,parallelism_ffmpeg-2,parallelism_librosa,target,memory_queue,acquisition,terminated,feasible,ml_mape
100,2.0,4.0,2.0,6.0,4.0,-0.453569444,,,False,True,
157,4.0,4.0,4.0,8.0,2.0,-0.507875,,,False,True,
247,2.0,2.0,4.0,2.0,4.0,-1.706057556,,,False,False,
183,4.0,2.0,2.0,8.0,2.0,-0.525085903,,,False,False,
221,2.0,4.0,4.0,4.0,2.0,-0.581986111,,,False,False,
150,4.0,2.0,2.0,2.0,4.0,-1.702361111,,,False,True,
52,2.0,2.0,2.0,6.0,6.0,-0.341679014,,,False,True,
164,4.0,4.0,2.0,2.0,4.0,-1.723588111,,,False,True,
215,2.0,4.0,4.0,8.0,2.0,-0.575388889,,,False,False,
30,2.0,4.0,2.0,6.0,6.0,-0.328707986,,0.908424553682016,False,True,0.013748770664918052
33,2.0,4.0,2.0,8.0,6.0,-0.326393083,,0.9679488450621299,False,True,0.19035868097671108
13,4.0,4.0,2.0,8.0,6.0,-0.298934014,,0.9626507061584832,False,True,0.2209951184309249
117,4.0,4.0,2.0,4.0,2.0,-0.462181681,,0.9298102130495322,False,True,0.029206964560954007
153,4.0,4.0,2.0,6.0,2.0,-0.487353861,,0.8977425192658199,False,True,0.11450515378728926
5,4.0,4.0,4.0,6.0,6.0,-0.289680556,,0.8627744109924508,False,True,1.830920328423844
3,4.0,4.0,4.0,8.0,6.0,-0.174361111,,0.8698668861876144,False,True,0.8075522764907719
101,4.0,2.0,4.0,6.0,2.0,-0.441108292,,0.8642425023925311,False,True,0.18241520175387144
16,4.0,4.0,4.0,6.0,4.0,-0.309360444,,0.8805838424990102,False,True,0.11558131325231927
29,4.0,4.0,2.0,6.0,6.0,-0.329223611,,0.8589438370818772,False,True,0.11481499101429618
