index,parallelism_deepspeech,parallelism_ffmpeg-0,parallelism_ffmpeg-1,parallelism_ffmpeg-2,parallelism_librosa,target,memory_queue,acquisition,terminated,feasible,ml_mape
54,4.0,2.0,4.0,4.0,4.0,-0.355211889,,,False,True,
235,2.0,2.0,2.0,2.0,4.0,-1.583097222,,,False,False,
17,4.0,2.0,2.0,6.0,4.0,-0.3125,,,False,True,
82,4.0,4.0,2.0,4.0,6.0,-0.523083333,,,False,True,
179,4.0,4.0,2.0,2.0,2.0,-0.773426778,,,False,False,
258,4.0,2.0,2.0,8.0,4.0,-0.680513889,,,False,False,
174,2.0,2.0,2.0,2.0,4.0,-1.632116264,,,False,False,
134,4.0,4.0,4.0,4.0,2.0,-0.472590528,,,False,True,
163,4.0,2.0,4.0,2.0,6.0,-1.661284764,,,False,True,
56,4.0,2.0,2.0,4.0,6.0,-0.352285833,,0.4658302316863222,False,True,0.7937122079820388
16,4.0,4.0,4.0,6.0,4.0,-0.309360444,,0.7241286172517987,False,True,0.8090624386009114
0,4.0,2.0,2.0,4.0,4.0,-0.478763889,,0.7462369118803251,False,True,0.6627792159844169
29,4.0,4.0,2.0,6.0,6.0,-0.329223611,,0.7680483975016494,False,True,0.6057741866519506
5,4.0,4.0,4.0,6.0,6.0,-0.289680556,,0.7624578352727607,False,True,1.2169193168278616
55,4.0,2.0,2.0,6.0,6.0,-0.347265153,,0.8613277843514371,False,True,0.2781922781876982
101,4.0,2.0,4.0,6.0,2.0,-0.441108292,,0.7239090884760306,False,True,0.05572054208004528
44,4.0,2.0,4.0,6.0,4.0,-0.349742236,,0.839839805517218,False,True,0.26770187968888504
87,4.0,2.0,4.0,4.0,2.0,-0.421543819,,0.8581122658687419,False,True,0.16615355290332628
31,4.0,2.0,4.0,6.0,6.0,-0.327348181,,0.9258967723329499,False,True,0.8638767604380757
