index,parallelism_deepspeech,parallelism_ffmpeg-0,parallelism_ffmpeg-1,parallelism_ffmpeg-2,parallelism_librosa,target,memory_queue,acquisition,terminated,feasible,ml_mape
179,4.0,4.0,2.0,2.0,2.0,-0.773426778,,,False,False,
256,2.0,4.0,2.0,4.0,2.0,-0.640430556,,,False,False,
72,4.0,2.0,2.0,2.0,4.0,-0.389361375,,,False,True,
215,2.0,4.0,4.0,8.0,2.0,-0.575388889,,,False,False,
109,4.0,2.0,2.0,4.0,2.0,-0.455934792,,,False,True,
189,2.0,2.0,4.0,2.0,6.0,-1.738330417,,,False,False,
264,4.0,4.0,2.0,8.0,2.0,-0.718686361,,,False,False,
17,4.0,2.0,2.0,6.0,4.0,-0.3125,,,False,True,
61,2.0,2.0,2.0,8.0,6.0,-0.3464265,,,False,True,
58,4.0,2.0,2.0,8.0,6.0,-0.368771528,,0.32463761939321256,False,True,0.7397060112612508
8,2.0,2.0,2.0,8.0,4.0,-0.240564167,,0.3198112989892071,False,True,0.07893465873114405
59,4.0,2.0,4.0,8.0,4.0,-0.346334431,,0.2587828732592046,False,True,1.0652082748597063
47,2.0,2.0,4.0,8.0,6.0,-0.339389972,,0.19693824640795393,False,True,0.5014815244742588
73,2.0,2.0,2.0,6.0,4.0,-0.397555556,,0.13389067184124684,False,True,0.16454382183048658
33,2.0,4.0,2.0,8.0,6.0,-0.326393083,,0.07385312827781895,False,True,0.6311078980744734
3,4.0,4.0,4.0,8.0,6.0,-0.174361111,,0.10980255602685081,False,True,1.4881684025916824
5,4.0,4.0,4.0,6.0,6.0,-0.289680556,,0.09995573960907561,False,True,0.06993848435942167
41,2.0,4.0,4.0,8.0,6.0,-0.336847361,,0.0773226574480685,False,True,0.7543029802300413
16,4.0,4.0,4.0,6.0,4.0,-0.309360444,,0.06031487083863345,False,True,0.4229537197125081
