index,parallelism_deepspeech,parallelism_ffmpeg-0,parallelism_ffmpeg-1,parallelism_ffmpeg-2,parallelism_librosa,target,memory_queue,acquisition,terminated,feasible,ml_mape
153,4.0,4.0,2.0,6.0,2.0,-0.487353861,,,False,True,
186,2.0,2.0,4.0,6.0,2.0,-0.539194444,,,False,False,
245,4.0,4.0,4.0,2.0,6.0,-2.663833333,,,False,False,
204,4.0,4.0,4.0,4.0,2.0,-0.556930556,,,False,False,
189,2.0,2.0,4.0,2.0,6.0,-1.738330417,,,False,False,
231,4.0,4.0,2.0,2.0,6.0,-2.021638889,,,False,False,
152,2.0,2.0,4.0,4.0,2.0,-0.505361111,,,False,True,
105,2.0,4.0,2.0,8.0,4.0,-0.476013889,,,False,True,
223,2.0,2.0,2.0,2.0,2.0,-1.058027778,,,False,False,
107,4.0,4.0,4.0,6.0,2.0,-0.446536125,,1.282135679944944,False,True,0.12852226854735235
21,4.0,4.0,2.0,8.0,4.0,-0.313295944,,1.218547244213986,False,True,0.2877656078377209
192,4.0,2.0,2.0,8.0,4.0,-0.5575,,1.342153361054692,False,False,0.29047206938459696
7,4.0,4.0,4.0,8.0,4.0,-0.233569444,,1.3075148267954566,False,True,0.17533651921370508
41,2.0,4.0,4.0,8.0,6.0,-0.336847361,,1.2167675429983387,False,True,0.6506046350003624
3,4.0,4.0,4.0,8.0,6.0,-0.174361111,,1.3910744639354364,False,True,0.7953470666497354
65,4.0,2.0,4.0,8.0,6.0,-0.352691847,,1.2574458912230768,False,True,0.007508653353691452
13,4.0,4.0,2.0,8.0,6.0,-0.298934014,,1.1557119921946055,False,True,0.3498087211336716
16,4.0,4.0,4.0,6.0,4.0,-0.309360444,,1.18384273500042,False,True,0.032138690897105124
5,4.0,4.0,4.0,6.0,6.0,-0.289680556,,0.5415300268759441,False,True,0.7370746244543697
