index,parallelism_deepspeech,parallelism_ffmpeg-0,parallelism_ffmpeg-1,parallelism_ffmpeg-2,parallelism_librosa,target,memory_queue,acquisition,terminated,feasible,ml_mape
119,4.0,4.0,4.0,6.0,2.0,-0.464861111,,,False,True,
267,4.0,4.0,4.0,8.0,2.0,-0.750095889,,,False,False,
171,4.0,4.0,2.0,2.0,6.0,-1.776849611,,,False,True,
224,2.0,4.0,2.0,2.0,2.0,-1.002263889,,,False,False,
135,2.0,2.0,4.0,4.0,4.0,-0.525222222,,,False,True,
184,4.0,4.0,2.0,2.0,4.0,-1.912622528,,,False,False,
76,4.0,4.0,2.0,6.0,4.0,-0.409236111,,,False,True,
57,4.0,4.0,4.0,8.0,6.0,-0.411472222,,,False,True,
183,4.0,2.0,2.0,8.0,2.0,-0.525085903,,,False,False,
44,4.0,2.0,4.0,6.0,4.0,-0.349742236,,0.14694927270965802,False,True,0.6565634714906902
61,2.0,2.0,2.0,8.0,6.0,-0.3464265,,0.12033657157724514,False,True,0.1258178416604462
60,2.0,2.0,4.0,6.0,6.0,-0.347250847,,0.108464406304047,False,True,0.171586021055549
13,4.0,4.0,2.0,8.0,6.0,-0.298934014,,0.08760231374923888,False,True,0.2655241665843296
73,2.0,2.0,2.0,6.0,4.0,-0.397555556,,0.08575147474392805,False,True,0.3856416820655818
58,4.0,2.0,2.0,8.0,6.0,-0.368771528,,0.0776157003462773,False,True,0.908740682617721
33,2.0,4.0,2.0,8.0,6.0,-0.326393083,,0.06984452576279168,False,True,0.13814213831202501
40,2.0,4.0,4.0,6.0,6.0,-0.354989264,,0.036498394740270064,False,True,0.173853350756049
35,2.0,4.0,2.0,6.0,4.0,-0.329550403,,0.02957413576090286,False,True,0.7133990024362094
21,4.0,4.0,2.0,8.0,4.0,-0.313295944,,0.030122887521558808,False,True,0.6274567818371076
