index,parallelism_deepspeech,parallelism_ffmpeg-0,parallelism_ffmpeg-1,parallelism_ffmpeg-2,parallelism_librosa,target,memory_queue,acquisition,terminated,feasible,ml_mape
154,4.0,4.0,4.0,2.0,6.0,-2.677372167,,,False,True,
242,2.0,2.0,4.0,2.0,6.0,-1.715388889,,,False,False,
148,2.0,2.0,4.0,8.0,4.0,-0.496097222,,,False,True,
248,2.0,4.0,4.0,2.0,2.0,-1.079555556,,,False,False,
246,4.0,2.0,4.0,2.0,6.0,-1.744666667,,,False,False,
32,4.0,4.0,2.0,4.0,6.0,-0.345415417,,,False,True,
122,4.0,2.0,2.0,6.0,6.0,-0.474069444,,,False,True,
125,2.0,4.0,4.0,6.0,2.0,-0.4634665,,,False,True,
259,4.0,2.0,2.0,2.0,2.0,-0.68475,,,False,False,
29,4.0,4.0,2.0,6.0,6.0,-0.329223611,,1.1997155395750698,False,True,0.2689223400687386
157,4.0,4.0,4.0,8.0,2.0,-0.507875,,0.9320742157972964,False,True,0.05325778096401012
137,2.0,4.0,4.0,8.0,2.0,-0.471614069,,1.1940994268096599,False,True,0.22970384458259613
25,2.0,4.0,4.0,8.0,4.0,-0.322285514,,1.1250280890662434,False,True,0.21909393227634857
3,4.0,4.0,4.0,8.0,6.0,-0.174361111,,0.8556439597757994,False,True,0.2805164391618295
7,4.0,4.0,4.0,8.0,4.0,-0.233569444,,1.0661805156438744,False,True,0.7755497646497252
5,4.0,4.0,4.0,6.0,6.0,-0.289680556,,1.0273415032148154,False,True,0.22661634158578417
203,2.0,2.0,4.0,8.0,2.0,-0.560458333,,0.8695112193721727,False,False,0.06967916043320256
47,2.0,2.0,4.0,8.0,6.0,-0.339389972,,1.0525769319599287,False,True,0.8080217233962573
18,4.0,4.0,2.0,6.0,4.0,-0.312747681,,1.0222106622225509,False,True,0.4531832551923757
