index,parallelism_deepspeech,parallelism_ffmpeg-0,parallelism_ffmpeg-1,parallelism_ffmpeg-2,parallelism_librosa,target,memory_queue,acquisition,terminated,feasible,ml_mape
94,2.0,4.0,2.0,6.0,6.0,-0.453180556,,,False,True,
269,4.0,4.0,2.0,8.0,2.0,-0.818444444,,,False,False,
136,4.0,2.0,4.0,6.0,6.0,-0.483944444,,,False,True,
121,4.0,4.0,2.0,8.0,2.0,-0.475219681,,,False,True,
255,2.0,2.0,2.0,4.0,6.0,-0.638375,,,False,False,
149,4.0,2.0,2.0,6.0,4.0,-0.503263889,,,False,True,
108,2.0,2.0,2.0,4.0,4.0,-0.457611111,,,False,True,
1,4.0,2.0,2.0,4.0,4.0,-0.351947292,,,False,True,
96,2.0,4.0,2.0,4.0,6.0,-0.516527778,,,False,True,
210,4.0,2.0,2.0,2.0,6.0,-0.572237847,,-0.03304711104916067,False,False,0.07320705101684355
207,2.0,2.0,2.0,2.0,6.0,-2.025200306,,-0.04601778338124263,False,False,0.31752899997086476
131,4.0,4.0,4.0,2.0,4.0,-2.122924722,,0.4685614381477248,False,True,0.9958923255199037
25,2.0,4.0,4.0,8.0,4.0,-0.322285514,,0.6763407113884002,False,True,0.870167130881982
36,2.0,4.0,2.0,4.0,4.0,-0.359824042,,0.6431986299982063,False,True,0.27172223846767213
44,4.0,2.0,4.0,6.0,4.0,-0.349742236,,0.6921921588574316,False,True,0.02067554687126695
5,4.0,4.0,4.0,6.0,6.0,-0.289680556,,0.720649588237276,False,True,1.9816789444535046
41,2.0,4.0,4.0,8.0,6.0,-0.336847361,,0.7338486788712908,False,True,0.06420263805370412
19,2.0,4.0,2.0,8.0,4.0,-0.314709528,,0.6587016823417657,False,True,1.192224061171797
43,2.0,2.0,4.0,6.0,4.0,-0.338625681,,0.6465467218444069,False,True,0.7870421200805757
