index,parallelism_deepspeech,parallelism_ffmpeg-0,parallelism_ffmpeg-1,parallelism_ffmpeg-2,parallelism_librosa,target,memory_queue,acquisition,terminated,feasible,ml_mape
253,2.0,2.0,4.0,2.0,6.0,-1.661791667,,,False,False,
101,4.0,2.0,4.0,6.0,2.0,-0.441108292,,,False,True,
274,2.0,2.0,2.0,6.0,4.0,-0.750597222,,,False,False,
50,4.0,2.0,2.0,6.0,4.0,-0.353336194,,,False,True,
94,2.0,4.0,2.0,6.0,6.0,-0.453180556,,,False,True,
194,4.0,2.0,2.0,4.0,6.0,-0.529667778,,,False,False,
15,2.0,4.0,4.0,4.0,6.0,-0.782349653,,,False,True,
224,2.0,4.0,2.0,2.0,2.0,-1.002263889,,,False,False,
243,2.0,4.0,2.0,2.0,6.0,-2.161041667,,,False,False,
31,4.0,2.0,4.0,6.0,6.0,-0.327348181,,0.7980245258535814,False,True,0.1760598329251877
41,2.0,4.0,4.0,8.0,6.0,-0.336847361,,0.7391348704366019,False,True,0.16389149723744445
58,4.0,2.0,2.0,8.0,6.0,-0.368771528,,0.6905472579968628,False,True,0.16589738913781496
0,4.0,2.0,2.0,4.0,4.0,-0.478763889,,1.0,False,True,0.05034691541509932
137,2.0,4.0,4.0,8.0,2.0,-0.471614069,,0.5606318358938382,False,True,0.08075179866659465
129,4.0,4.0,4.0,4.0,2.0,-0.469290486,,0.4228660386333054,False,True,0.7556628113832782
0,4.0,2.0,2.0,4.0,4.0,-0.478763889,,1.0,False,True,0.013287338294953443
16,4.0,4.0,4.0,6.0,4.0,-0.309360444,,0.47304462795953023,False,True,0.7170223584735613
0,4.0,2.0,2.0,4.0,4.0,-0.478763889,,1.0,False,True,0.0130670645867446
121,4.0,4.0,2.0,8.0,2.0,-0.475219681,,0.4198752471676934,False,True,0.7760257759439446
