index,parallelism_deepspeech,parallelism_ffmpeg-0,parallelism_ffmpeg-1,parallelism_ffmpeg-2,parallelism_librosa,target,memory_queue,acquisition,terminated,feasible,ml_mape
53,2.0,2.0,4.0,4.0,4.0,-0.353006875,,,False,True,
175,2.0,2.0,4.0,2.0,4.0,-1.691752611,,,False,False,
59,4.0,2.0,4.0,8.0,4.0,-0.346334431,,,False,True,
128,2.0,2.0,2.0,8.0,2.0,-0.468699931,,,False,True,
104,4.0,2.0,2.0,6.0,2.0,-0.445360833,,,False,True,
9,4.0,4.0,4.0,4.0,6.0,-0.68646125,,,False,True,
273,4.0,4.0,2.0,4.0,2.0,-0.848291667,,,False,False,
162,4.0,4.0,2.0,6.0,2.0,-0.5013195,,,False,True,
51,4.0,4.0,2.0,8.0,6.0,-0.361694444,,,False,True,
41,2.0,4.0,4.0,8.0,6.0,-0.336847361,,0.37583146187868877,False,True,2.171848111304469
56,4.0,2.0,2.0,4.0,6.0,-0.352285833,,0.3886656364981942,False,True,1.1872828677067457
29,4.0,4.0,2.0,6.0,6.0,-0.329223611,,0.30260898313947243,False,True,0.30474070848538926
3,4.0,4.0,4.0,8.0,6.0,-0.174361111,,0.3248321703808268,False,True,1.2832126215272912
7,4.0,4.0,4.0,8.0,4.0,-0.233569444,,0.2914778966642188,False,True,0.19855822464300185
207,2.0,2.0,2.0,2.0,6.0,-2.025200306,,0.2883184102155213,False,False,0.7279459837574556
21,4.0,4.0,2.0,8.0,4.0,-0.313295944,,0.35747479697055473,False,True,0.10901039560920023
65,4.0,2.0,4.0,8.0,6.0,-0.352691847,,0.33491375999218925,False,True,0.0627694239967109
39,4.0,2.0,4.0,4.0,6.0,-0.354505208,,0.5345735563060087,False,True,0.5696230982619801
203,2.0,2.0,4.0,8.0,2.0,-0.560458333,,0.6384570949794094,False,False,0.5631341208566761
