index,parallelism_deepspeech,parallelism_ffmpeg-0,parallelism_ffmpeg-1,parallelism_ffmpeg-2,parallelism_librosa,target,memory_queue,acquisition,terminated,feasible,ml_mape
184,4.0,4.0,2.0,2.0,4.0,-1.912622528,,,False,False,
99,4.0,2.0,4.0,4.0,2.0,-0.439447347,,,False,True,
35,2.0,4.0,2.0,6.0,4.0,-0.329550403,,,False,True,
151,4.0,2.0,4.0,6.0,4.0,-0.502097222,,,False,True,
154,4.0,4.0,4.0,2.0,6.0,-2.677372167,,,False,True,
153,4.0,4.0,2.0,6.0,2.0,-0.487353861,,,False,True,
226,4.0,4.0,4.0,2.0,4.0,-2.279416667,,,False,False,
12,4.0,4.0,4.0,4.0,4.0,-0.457125,,,False,True,
0,4.0,2.0,2.0,4.0,4.0,-0.478763889,,,False,True,
16,4.0,4.0,4.0,6.0,4.0,-0.309360444,,0.325650298767027,False,True,0.3663385209654245
54,4.0,2.0,4.0,4.0,4.0,-0.355211889,,0.8454823510639538,False,True,0.1601836430961518
42,2.0,2.0,4.0,4.0,6.0,-0.343127194,,0.6890072662753666,False,True,1.386178148667127
18,4.0,4.0,2.0,6.0,4.0,-0.312747681,,0.9158847415431683,False,True,0.1488502382341943
36,2.0,4.0,2.0,4.0,4.0,-0.359824042,,0.8292743281822093,False,True,0.4447310292747507
30,2.0,4.0,2.0,6.0,6.0,-0.328707986,,0.7313081674903549,False,True,0.8463503145032218
40,2.0,4.0,4.0,6.0,6.0,-0.354989264,,0.7061909556549036,False,True,0.4080798306088203
5,4.0,4.0,4.0,6.0,6.0,-0.289680556,,0.8905878079934201,False,True,0.13723659696518123
29,4.0,4.0,2.0,6.0,6.0,-0.329223611,,0.9254036608408382,False,True,0.5406778512176993
53,2.0,2.0,4.0,4.0,4.0,-0.353006875,,0.9132856141868376,False,True,0.005310830723515635
