index,parallelism_deepspeech,parallelism_ffmpeg-0,parallelism_ffmpeg-1,parallelism_ffmpeg-2,parallelism_librosa,target,memory_queue,acquisition,terminated,feasible,ml_mape
19,2.0,4.0,2.0,8.0,4.0,-0.314709528,,,False,True,
166,2.0,4.0,4.0,2.0,2.0,-0.686595319,,,False,True,
156,2.0,2.0,2.0,2.0,2.0,-0.8476465,,,False,True,
101,4.0,2.0,4.0,6.0,2.0,-0.441108292,,,False,True,
217,2.0,4.0,4.0,4.0,2.0,-0.575930556,,,False,False,
245,4.0,4.0,4.0,2.0,6.0,-2.663833333,,,False,False,
73,2.0,2.0,2.0,6.0,4.0,-0.397555556,,,False,True,
163,4.0,2.0,4.0,2.0,6.0,-1.661284764,,,False,True,
20,4.0,4.0,2.0,4.0,4.0,-0.320928667,,,False,True,
153,4.0,4.0,2.0,6.0,2.0,-0.487353861,,1.2475661324970326,False,True,0.6692227105708196
192,4.0,2.0,2.0,8.0,4.0,-0.5575,,1.077057581157272,False,False,0.7882406692766937
41,2.0,4.0,4.0,8.0,6.0,-0.336847361,,0.9858718293003546,False,True,0.35824248355132526
13,4.0,4.0,2.0,8.0,6.0,-0.298934014,,0.9418113407443507,False,True,0.6626488644836682
30,2.0,4.0,2.0,6.0,6.0,-0.328707986,,0.8868383893579374,False,True,0.24013170094577524
61,2.0,2.0,2.0,8.0,6.0,-0.3464265,,0.8166882111344129,False,True,0.9420277252654834
7,4.0,4.0,4.0,8.0,4.0,-0.233569444,,0.7398623061069634,False,True,1.5775665447192941
46,2.0,2.0,4.0,8.0,4.0,-0.341116875,,0.6989535638959601,False,True,0.6079498676327815
55,4.0,2.0,2.0,6.0,6.0,-0.347265153,,0.6167185192051811,False,True,0.5365687760193976
60,2.0,2.0,4.0,6.0,6.0,-0.347250847,,0.5115286167079488,False,True,0.09641184738719401
