index,parallelism_deepspeech,parallelism_ffmpeg-0,parallelism_ffmpeg-1,parallelism_ffmpeg-2,parallelism_librosa,target,memory_queue,acquisition,terminated,feasible,ml_mape
153,4.0,4.0,2.0,6.0,2.0,-0.487353861,,,False,True,
229,4.0,4.0,2.0,2.0,4.0,-2.081097222,,,False,False,
228,2.0,2.0,2.0,2.0,4.0,-1.829888889,,,False,False,
152,2.0,2.0,4.0,4.0,2.0,-0.505361111,,,False,True,
161,2.0,2.0,2.0,2.0,2.0,-0.920423736,,,False,True,
136,4.0,2.0,4.0,6.0,6.0,-0.483944444,,,False,True,
191,2.0,2.0,2.0,6.0,2.0,-0.541027778,,,False,False,
43,2.0,2.0,4.0,6.0,4.0,-0.338625681,,,False,True,
57,4.0,4.0,4.0,8.0,6.0,-0.411472222,,,False,True,
60,2.0,2.0,4.0,6.0,6.0,-0.347250847,,0.03985258734242078,False,True,0.16230351816259064
129,4.0,4.0,4.0,4.0,2.0,-0.469290486,,0.9422616619583446,False,True,0.06407581824260189
47,2.0,2.0,4.0,8.0,6.0,-0.339389972,,0.09539859321145616,False,True,0.4019302529185456
41,2.0,4.0,4.0,8.0,6.0,-0.336847361,,0.04770693659600875,False,True,0.4115817003956253
16,4.0,4.0,4.0,6.0,4.0,-0.309360444,,0.04732625333890866,False,True,0.15525342255481317
40,2.0,4.0,4.0,6.0,6.0,-0.354989264,,0.09260916141310932,False,True,0.014875816379894474
5,4.0,4.0,4.0,6.0,6.0,-0.289680556,,0.06776091836977728,False,True,2.048193322762203
117,4.0,4.0,2.0,4.0,2.0,-0.462181681,,0.8706478460002826,False,True,0.07240693087610557
175,2.0,2.0,4.0,2.0,4.0,-1.691752611,,0.0647428166572997,False,False,0.3278654438829102
107,4.0,4.0,4.0,6.0,2.0,-0.446536125,,0.08969889191199105,False,True,0.040245921498586266
