index,parallelism_deepspeech,parallelism_ffmpeg-0,parallelism_ffmpeg-1,parallelism_ffmpeg-2,parallelism_librosa,target,memory_queue,acquisition,terminated,feasible,ml_mape
43,2.0,2.0,4.0,6.0,4.0,-0.338625681,,,False,True,
171,4.0,4.0,2.0,2.0,6.0,-1.776849611,,,False,True,
198,2.0,2.0,2.0,4.0,2.0,-0.54725,,,False,False,
30,2.0,4.0,2.0,6.0,6.0,-0.328707986,,,False,True,
275,2.0,2.0,2.0,6.0,4.0,-0.574871111,,,False,False,
153,4.0,4.0,2.0,6.0,2.0,-0.487353861,,,False,True,
226,4.0,4.0,4.0,2.0,4.0,-2.279416667,,,False,False,
254,2.0,2.0,2.0,2.0,6.0,-1.897097222,,,False,False,
267,4.0,4.0,4.0,8.0,2.0,-0.750095889,,,False,False,
0,4.0,2.0,2.0,4.0,4.0,-0.478763889,,0.06807988690431688,False,True,0.024972995910092437
13,4.0,4.0,2.0,8.0,6.0,-0.298934014,,0.49596748481713415,False,True,0.523049243219618
18,4.0,4.0,2.0,6.0,4.0,-0.312747681,,0.9006814894494907,False,True,0.09765772022736419
41,2.0,4.0,4.0,8.0,6.0,-0.336847361,,0.6372522826203785,False,True,0.3716103894355383
33,2.0,4.0,2.0,8.0,6.0,-0.326393083,,0.9570827390782242,False,True,0.6509241989165028
29,4.0,4.0,2.0,6.0,6.0,-0.329223611,,0.9191319212751972,False,True,0.31489444052838345
75,2.0,2.0,4.0,6.0,2.0,-0.391723917,,0.6737278305090559,False,True,0.2795719222542941
44,4.0,2.0,4.0,6.0,4.0,-0.349742236,,0.902421972750272,False,True,0.45543132317208274
17,4.0,2.0,2.0,6.0,4.0,-0.3125,,0.9196887202730448,False,True,0.8046150445964682
47,2.0,2.0,4.0,8.0,6.0,-0.339389972,,0.7073089416702614,False,True,0.5344257098296813
