index,parallelism_deepspeech,parallelism_ffmpeg-0,parallelism_ffmpeg-1,parallelism_ffmpeg-2,parallelism_librosa,target,memory_queue,acquisition,terminated,feasible,ml_mape
36,2.0,4.0,2.0,4.0,4.0,-0.359824042,,,False,True,
228,2.0,2.0,2.0,2.0,4.0,-1.829888889,,,False,False,
51,4.0,4.0,2.0,8.0,6.0,-0.361694444,,,False,True,
246,4.0,2.0,4.0,2.0,6.0,-1.744666667,,,False,False,
151,4.0,2.0,4.0,6.0,4.0,-0.502097222,,,False,True,
12,4.0,4.0,4.0,4.0,4.0,-0.457125,,,False,True,
185,4.0,2.0,4.0,6.0,2.0,-0.531611111,,,False,False,
266,2.0,4.0,2.0,8.0,2.0,-0.745151792,,,False,False,
44,4.0,2.0,4.0,6.0,4.0,-0.349742236,,,False,True,
16,4.0,4.0,4.0,6.0,4.0,-0.309360444,,0.14499084817671762,False,True,0.29593406623907353
30,2.0,4.0,2.0,6.0,6.0,-0.328707986,,0.12029129387022658,False,True,0.2952020314371561
35,2.0,4.0,2.0,6.0,4.0,-0.329550403,,0.09489468489182525,False,True,0.29455869454990113
41,2.0,4.0,4.0,8.0,6.0,-0.336847361,,0.08843645335145053,False,True,0.31050732629350564
65,4.0,2.0,4.0,8.0,6.0,-0.352691847,,0.08127990818694862,False,True,0.6826629001059237
3,4.0,4.0,4.0,8.0,6.0,-0.174361111,,0.05902732836708544,False,True,1.4511147818782377
5,4.0,4.0,4.0,6.0,6.0,-0.289680556,,0.03034435390355147,False,True,0.06031000078860591
33,2.0,4.0,2.0,8.0,6.0,-0.326393083,,0.7826348397662555,False,True,0.19090628254059536
155,2.0,4.0,4.0,4.0,2.0,-0.489930597,,0.014205220979679673,False,True,0.10672818362303158
117,4.0,4.0,2.0,4.0,2.0,-0.462181681,,0.011575828456207238,False,True,0.2896966678830539
