index,parallelism_deepspeech,parallelism_ffmpeg-0,parallelism_ffmpeg-1,parallelism_ffmpeg-2,parallelism_librosa,target,memory_queue,acquisition,terminated,feasible,ml_mape
114,2.0,4.0,2.0,6.0,2.0,-0.45505725,,,False,True,
61,2.0,2.0,2.0,8.0,6.0,-0.3464265,,,False,True,
190,2.0,2.0,2.0,4.0,6.0,-0.527102625,,,False,False,
155,2.0,4.0,4.0,4.0,2.0,-0.489930597,,,False,True,
157,4.0,4.0,4.0,8.0,2.0,-0.507875,,,False,True,
71,4.0,4.0,2.0,8.0,4.0,-0.4445,,,False,True,
204,4.0,4.0,4.0,4.0,2.0,-0.556930556,,,False,False,
67,4.0,2.0,4.0,4.0,4.0,-0.356944444,,,False,True,
100,2.0,4.0,2.0,6.0,4.0,-0.453569444,,,False,True,
33,2.0,4.0,2.0,8.0,6.0,-0.326393083,,0.0015542343912195375,False,True,0.3938255721370689
41,2.0,4.0,4.0,8.0,6.0,-0.336847361,,0.0047025585989153105,False,True,0.15735532058045842
47,2.0,2.0,4.0,8.0,6.0,-0.339389972,,0.008814575019170164,False,True,0.03454321728435234
65,4.0,2.0,4.0,8.0,6.0,-0.352691847,,0.007994955311720382,False,True,0.22619150600121854
31,4.0,2.0,4.0,6.0,6.0,-0.327348181,,0.0066759037339869775,False,True,0.21098158744089798
5,4.0,4.0,4.0,6.0,6.0,-0.289680556,,0.0062205742913735845,False,True,2.290278976210217
3,4.0,4.0,4.0,8.0,6.0,-0.174361111,,0.0038860221873546538,False,True,0.84700024768201
13,4.0,4.0,2.0,8.0,6.0,-0.298934014,,0.0008115643551220809,False,True,0.15575581913131537
165,4.0,4.0,2.0,2.0,6.0,-1.700916667,,0.00016095839916885368,False,True,0.7955256612616421
43,2.0,2.0,4.0,6.0,4.0,-0.338625681,,0.03205394045263758,False,True,0.06407869222845533
