index,parallelism_deepspeech,parallelism_ffmpeg-0,parallelism_ffmpeg-1,parallelism_ffmpeg-2,parallelism_librosa,target,memory_queue,acquisition,terminated,feasible,ml_mape
1,4.0,2.0,2.0,4.0,4.0,-0.351947292,,,False,True,
183,4.0,2.0,2.0,8.0,2.0,-0.525085903,,,False,False,
176,4.0,2.0,4.0,2.0,4.0,-1.436454722,,,False,False,
64,4.0,4.0,4.0,6.0,6.0,-0.635833333,,,False,True,
224,2.0,4.0,2.0,2.0,2.0,-1.002263889,,,False,False,
239,2.0,4.0,4.0,2.0,6.0,-2.643055556,,,False,False,
90,2.0,4.0,4.0,6.0,6.0,-0.589277778,,,False,True,
70,4.0,2.0,4.0,6.0,6.0,-0.376416667,,,False,True,
50,4.0,2.0,2.0,6.0,4.0,-0.353336194,,,False,True,
55,4.0,2.0,2.0,6.0,6.0,-0.347265153,,0.8253552411300882,False,True,0.5169162331066212
65,4.0,2.0,4.0,8.0,6.0,-0.352691847,,0.6322915755502805,False,True,0.048848528817467984
3,4.0,4.0,4.0,8.0,6.0,-0.174361111,,0.6295872563870456,False,True,1.8996585127622976
109,4.0,2.0,2.0,4.0,2.0,-0.455934792,,0.4789541259777722,False,True,0.24236143355733944
41,2.0,4.0,4.0,8.0,6.0,-0.336847361,,0.37904112567276976,False,True,0.016576211956897447
44,4.0,2.0,4.0,6.0,4.0,-0.349742236,,0.3576019097854493,False,True,0.4984301963517864
59,4.0,2.0,4.0,8.0,4.0,-0.346334431,,0.4999517297565397,False,True,0.047285393544269756
43,2.0,2.0,4.0,6.0,4.0,-0.338625681,,0.4278920631845211,False,True,0.36577284588187614
29,4.0,4.0,2.0,6.0,6.0,-0.329223611,,0.41926024825032543,False,True,0.22776929078735458
7,4.0,4.0,4.0,8.0,4.0,-0.233569444,,0.5053478694110884,False,True,0.25767960414865565
