index,parallelism_deepspeech,parallelism_ffmpeg-0,parallelism_ffmpeg-1,parallelism_ffmpeg-2,parallelism_librosa,target,memory_queue,acquisition,terminated,feasible,ml_mape
214,2.0,4.0,2.0,4.0,2.0,-0.573271181,,,False,False,
33,2.0,4.0,2.0,8.0,6.0,-0.326393083,,,False,True,
273,4.0,4.0,2.0,4.0,2.0,-0.848291667,,,False,False,
45,4.0,4.0,4.0,8.0,4.0,-0.337648278,,,False,True,
125,2.0,4.0,4.0,6.0,2.0,-0.4634665,,,False,True,
233,4.0,4.0,2.0,2.0,2.0,-1.0745,,,False,False,
49,2.0,2.0,2.0,4.0,4.0,-0.340263431,,,False,True,
18,4.0,4.0,2.0,6.0,4.0,-0.312747681,,,False,True,
258,4.0,2.0,2.0,8.0,4.0,-0.680513889,,,False,False,
35,2.0,4.0,2.0,6.0,4.0,-0.329550403,,0.06881266957647031,False,True,0.1739559575920802
0,4.0,2.0,2.0,4.0,4.0,-0.478763889,,0.02701949696520299,False,True,0.6627209718781558
16,4.0,4.0,4.0,6.0,4.0,-0.309360444,,0.02482322456881391,False,True,0.9070627503863239
8,2.0,2.0,2.0,8.0,4.0,-0.240564167,,0.026934983683618186,False,True,1.5411843683269866
19,2.0,4.0,2.0,8.0,4.0,-0.314709528,,0.05827819826760992,False,True,0.24072469488225187
73,2.0,2.0,2.0,6.0,4.0,-0.397555556,,0.05639065428043928,False,True,0.17776061024045334
61,2.0,2.0,2.0,8.0,6.0,-0.3464265,,0.039936450167073395,False,True,0.31707286976185867
12,4.0,4.0,4.0,4.0,4.0,-0.457125,,0.01863679769505433,False,True,0.6027052024552527
15,2.0,4.0,4.0,4.0,6.0,-0.782349653,,0.01708673514907253,False,True,0.9062145675124401
128,2.0,2.0,2.0,8.0,2.0,-0.468699931,,0.02715963969265723,False,True,0.16997685256807019
