index,parallelism_deepspeech,parallelism_ffmpeg-0,parallelism_ffmpeg-1,parallelism_ffmpeg-2,parallelism_librosa,target,memory_queue,acquisition,terminated,feasible,ml_mape
186,2.0,2.0,4.0,6.0,2.0,-0.539194444,,,False,False,
208,2.0,4.0,2.0,8.0,2.0,-0.562777778,,,False,False,
48,4.0,2.0,4.0,6.0,4.0,-0.342658708,,,False,True,
216,2.0,4.0,4.0,6.0,2.0,-0.571856903,,,False,False,
225,2.0,2.0,2.0,2.0,6.0,-1.550319444,,,False,False,
189,2.0,2.0,4.0,2.0,6.0,-1.738330417,,,False,False,
136,4.0,2.0,4.0,6.0,6.0,-0.483944444,,,False,True,
205,4.0,2.0,2.0,2.0,2.0,-0.561025153,,,False,False,
7,4.0,4.0,4.0,8.0,4.0,-0.233569444,,,False,True,
59,4.0,2.0,4.0,8.0,4.0,-0.346334431,,0.16907938133800834,False,True,0.35344029683371897
16,4.0,4.0,4.0,6.0,4.0,-0.309360444,,0.15023763969182188,False,True,0.1342824346899665
3,4.0,4.0,4.0,8.0,6.0,-0.174361111,,0.13256694595319163,False,True,2.3260140127167634
0,4.0,2.0,2.0,4.0,4.0,-0.478763889,,0.04572052057546179,False,True,0.08259242005999784
13,4.0,4.0,2.0,8.0,6.0,-0.298934014,,0.11926654305128147,False,True,0.6777385305320527
5,4.0,4.0,4.0,6.0,6.0,-0.289680556,,0.04451180892295094,False,True,0.5278029768521163
17,4.0,2.0,2.0,6.0,4.0,-0.3125,,0.10942772824142571,False,True,0.6228260112832665
41,2.0,4.0,4.0,8.0,6.0,-0.336847361,,0.10595082196955838,False,True,0.3771964744811198
18,4.0,4.0,2.0,6.0,4.0,-0.312747681,,0.09916430477162103,False,True,0.10709035452172026
21,4.0,4.0,2.0,8.0,4.0,-0.313295944,,0.09794997539021008,False,True,0.2255071409573908
