index,parallelism_deepspeech,parallelism_ffmpeg-0,parallelism_ffmpeg-1,parallelism_ffmpeg-2,parallelism_librosa,target,memory_queue,acquisition,terminated,feasible,ml_mape
107,4.0,4.0,4.0,6.0,2.0,-0.446536125,,,False,True,
226,4.0,4.0,4.0,2.0,4.0,-2.279416667,,,False,False,
35,2.0,4.0,2.0,6.0,4.0,-0.329550403,,,False,True,
225,2.0,2.0,2.0,2.0,6.0,-1.550319444,,,False,False,
8,2.0,2.0,2.0,8.0,4.0,-0.240564167,,,False,True,
160,4.0,4.0,4.0,2.0,2.0,-0.833162361,,,False,True,
1,4.0,2.0,2.0,4.0,4.0,-0.351947292,,,False,True,
12,4.0,4.0,4.0,4.0,4.0,-0.457125,,,False,True,
166,2.0,4.0,4.0,2.0,2.0,-0.686595319,,,False,True,
7,4.0,4.0,4.0,8.0,4.0,-0.233569444,,0.8640212954791952,False,True,0.724993063798014
9,4.0,4.0,4.0,4.0,6.0,-0.68646125,,0.894231364093189,False,True,0.6618016796554368
15,2.0,4.0,4.0,4.0,6.0,-0.782349653,,0.8236053617297137,False,True,0.5921915884472813
16,4.0,4.0,4.0,6.0,4.0,-0.309360444,,0.7537088797365593,False,True,0.5867932226433062
18,4.0,4.0,2.0,6.0,4.0,-0.312747681,,0.88923898764185,False,True,0.19431991606807147
17,4.0,2.0,2.0,6.0,4.0,-0.3125,,0.8886346534599221,False,True,0.3701126646285534
25,2.0,4.0,4.0,8.0,4.0,-0.322285514,,0.8602163906893312,False,True,0.8674044251985781
43,2.0,2.0,4.0,6.0,4.0,-0.338625681,,0.8422670425280019,False,True,0.49515337636890394
59,4.0,2.0,4.0,8.0,4.0,-0.346334431,,0.8146503660428882,False,True,0.18459411434515766
21,4.0,4.0,2.0,8.0,4.0,-0.313295944,,0.7449765518914153,False,True,0.11124439060362169
