index,parallelism_deepspeech,parallelism_ffmpeg-0,parallelism_ffmpeg-1,parallelism_ffmpeg-2,parallelism_librosa,target,memory_queue,acquisition,terminated,feasible,ml_mape
5,4.0,4.0,4.0,6.0,6.0,-0.289680556,,,False,True,
201,4.0,2.0,2.0,6.0,2.0,-0.548472222,,,False,False,
261,4.0,2.0,4.0,6.0,2.0,-0.702819444,,,False,False,
186,2.0,2.0,4.0,6.0,2.0,-0.539194444,,,False,False,
38,2.0,4.0,2.0,6.0,6.0,-0.332537986,,,False,True,
10,4.0,4.0,4.0,4.0,6.0,-0.642764458,,,False,True,
99,4.0,2.0,4.0,4.0,2.0,-0.439447347,,,False,True,
210,4.0,2.0,2.0,2.0,6.0,-0.572237847,,,False,False,
188,2.0,2.0,4.0,4.0,2.0,-0.537317903,,,False,False,
144,2.0,4.0,4.0,2.0,6.0,-2.553500542,,-0.0,False,True,0.8029807687714998
19,2.0,4.0,2.0,8.0,4.0,-0.314709528,,0.7874177221229075,False,True,1.5911562231257945
179,4.0,4.0,2.0,2.0,2.0,-0.773426778,,0.6829214245191129,False,False,0.9374423285807788
61,2.0,2.0,2.0,8.0,6.0,-0.3464265,,0.7520339012501331,False,True,2.359467649158634
33,2.0,4.0,2.0,8.0,6.0,-0.326393083,,0.5152586666268365,False,True,0.6112275221050045
31,4.0,2.0,4.0,6.0,6.0,-0.327348181,,0.5203488313613281,False,True,0.7016668948320028
73,2.0,2.0,2.0,6.0,4.0,-0.397555556,,0.42600823998916015,False,True,0.4670260601398891
41,2.0,4.0,4.0,8.0,6.0,-0.336847361,,0.3250984539263602,False,True,1.2692083710160103
114,2.0,4.0,2.0,6.0,2.0,-0.45505725,,0.2085515658882081,False,True,0.033413285352814966
16,4.0,4.0,4.0,6.0,4.0,-0.309360444,,0.19206368940599367,False,True,0.03334421675706032
