index,parallelism_deepspeech,parallelism_ffmpeg-0,parallelism_ffmpeg-1,parallelism_ffmpeg-2,parallelism_librosa,target,memory_queue,acquisition,terminated,feasible,ml_mape
177,4.0,2.0,4.0,8.0,2.0,-0.511388458,,,False,False,
136,4.0,2.0,4.0,6.0,6.0,-0.483944444,,,False,True,
154,4.0,4.0,4.0,2.0,6.0,-2.677372167,,,False,True,
45,4.0,4.0,4.0,8.0,4.0,-0.337648278,,,False,True,
119,4.0,4.0,4.0,6.0,2.0,-0.464861111,,,False,True,
241,2.0,2.0,4.0,2.0,2.0,-1.150944444,,,False,False,
197,4.0,4.0,4.0,6.0,2.0,-0.543944444,,,False,False,
44,4.0,2.0,4.0,6.0,4.0,-0.349742236,,,False,True,
234,4.0,4.0,4.0,2.0,2.0,-0.777097222,,,False,False,
16,4.0,4.0,4.0,6.0,4.0,-0.309360444,,0.18613812030514684,False,True,0.00281088082341008
163,4.0,2.0,4.0,2.0,6.0,-1.661284764,,0.09409661271575995,False,True,0.16954123895899736
5,4.0,4.0,4.0,6.0,6.0,-0.289680556,,0.13279290370590618,False,True,1.7919356063013185
39,4.0,2.0,4.0,4.0,6.0,-0.354505208,,0.07104409591940217,False,True,0.42384482977047133
16,4.0,4.0,4.0,6.0,4.0,-0.309360444,,0.7634202767630152,False,True,0.032893549069464297
9,4.0,4.0,4.0,4.0,6.0,-0.68646125,,0.07451373925887991,False,True,0.2809385292240591
12,4.0,4.0,4.0,4.0,4.0,-0.457125,,0.06745587256731951,False,True,0.28632802172130933
54,4.0,2.0,4.0,4.0,4.0,-0.355211889,,0.0624919190676668,False,True,0.3474914167576363
170,4.0,2.0,4.0,2.0,4.0,-1.748654097,,0.061287944076802416,False,True,0.32278299326065774
3,4.0,4.0,4.0,8.0,6.0,-0.174361111,,0.0954271105342634,False,True,0.9320456010151565
