index,parallelism_deepspeech,parallelism_ffmpeg-0,parallelism_ffmpeg-1,parallelism_ffmpeg-2,parallelism_librosa,target,memory_queue,acquisition,terminated,feasible,ml_mape
242,2.0,2.0,4.0,2.0,6.0,-1.715388889,,,False,False,
222,4.0,2.0,2.0,2.0,2.0,-1.028465194,,,False,False,
123,4.0,2.0,2.0,6.0,2.0,-0.461257611,,,False,True,
220,4.0,2.0,4.0,2.0,6.0,-0.579277778,,,False,False,
62,4.0,2.0,4.0,8.0,4.0,-0.374241069,,,False,True,
171,4.0,4.0,2.0,2.0,6.0,-1.776849611,,,False,True,
245,4.0,4.0,4.0,2.0,6.0,-2.663833333,,,False,False,
170,4.0,2.0,4.0,2.0,4.0,-1.748654097,,,False,True,
95,2.0,4.0,2.0,4.0,4.0,-0.576430556,,,False,True,
0,4.0,2.0,2.0,4.0,4.0,-0.478763889,,0.049661960626525836,False,True,0.04632160646819114
208,2.0,4.0,2.0,8.0,2.0,-0.562777778,,1.0,False,False,0.41268636623346827
31,4.0,2.0,4.0,6.0,6.0,-0.327348181,,1.0,False,True,0.2726717121148239
44,4.0,2.0,4.0,6.0,4.0,-0.349742236,,0.9467026702675739,False,True,0.009040658375937944
17,4.0,2.0,2.0,6.0,4.0,-0.3125,,0.8807054276827677,False,True,0.4041769422810619
0,4.0,2.0,2.0,4.0,4.0,-0.478763889,,1.0,False,True,0.07007872953444591
65,4.0,2.0,4.0,8.0,6.0,-0.352691847,,0.9574394501979204,False,True,0.43746426601871913
55,4.0,2.0,2.0,6.0,6.0,-0.347265153,,0.9285764572771142,False,True,0.27384752662611334
106,4.0,2.0,4.0,8.0,2.0,-0.456300083,,0.8710899056332149,False,True,0.0034321110747939894
192,4.0,2.0,2.0,8.0,4.0,-0.5575,,0.910200302171867,False,False,0.42061214474058545
