index,parallelism_deepspeech,parallelism_ffmpeg-0,parallelism_ffmpeg-1,parallelism_ffmpeg-2,parallelism_librosa,target,memory_queue,acquisition,terminated,feasible,ml_mape
98,2.0,4.0,2.0,8.0,6.0,-0.451875,,,False,True,
241,2.0,2.0,4.0,2.0,2.0,-1.150944444,,,False,False,
256,2.0,4.0,2.0,4.0,2.0,-0.640430556,,,False,False,
99,4.0,2.0,4.0,4.0,2.0,-0.439447347,,,False,True,
255,2.0,2.0,2.0,4.0,6.0,-0.638375,,,False,False,
55,4.0,2.0,2.0,6.0,6.0,-0.347265153,,,False,True,
274,2.0,2.0,2.0,6.0,4.0,-0.750597222,,,False,False,
69,4.0,2.0,2.0,8.0,6.0,-0.358575153,,,False,True,
112,4.0,2.0,2.0,2.0,4.0,-1.663708333,,,False,True,
13,4.0,4.0,2.0,8.0,6.0,-0.298934014,,0.07266053341582986,False,True,0.9257099400311408
3,4.0,4.0,4.0,8.0,6.0,-0.174361111,,0.9170276882695046,False,True,0.7919579481709027
5,4.0,4.0,4.0,6.0,6.0,-0.289680556,,0.047139148528619286,False,True,0.49616125239943615
169,4.0,2.0,4.0,2.0,2.0,-0.879925569,,0.8721972511566246,False,True,0.35987632378729223
7,4.0,4.0,4.0,8.0,4.0,-0.233569444,,0.03642267366833187,False,True,0.1702826472055581
106,4.0,2.0,4.0,8.0,2.0,-0.456300083,,0.03605904869372487,False,True,0.5144379746040084
107,4.0,4.0,4.0,6.0,2.0,-0.446536125,,0.03005996318894494,False,True,0.3768381338023861
65,4.0,2.0,4.0,8.0,6.0,-0.352691847,,0.026263856019722857,False,True,0.4023272785716208
41,2.0,4.0,4.0,8.0,6.0,-0.336847361,,0.016644951273472465,False,True,0.14563039941533343
137,2.0,4.0,4.0,8.0,2.0,-0.471614069,,0.01187370575729698,False,True,0.2771464207685256
