index,parallelism_deepspeech,parallelism_ffmpeg-0,parallelism_ffmpeg-1,parallelism_ffmpeg-2,parallelism_librosa,target,memory_queue,acquisition,terminated,feasible,ml_mape
107,4.0,4.0,4.0,6.0,2.0,-0.446536125,,,False,True,
226,4.0,4.0,4.0,2.0,4.0,-2.279416667,,,False,False,
35,2.0,4.0,2.0,6.0,4.0,-0.329550403,,,False,True,
225,2.0,2.0,2.0,2.0,6.0,-1.550319444,,,False,False,
8,2.0,2.0,2.0,8.0,4.0,-0.240564167,,,False,True,
160,4.0,4.0,4.0,2.0,2.0,-0.833162361,,,False,True,
1,4.0,2.0,2.0,4.0,4.0,-0.351947292,,,False,True,
12,4.0,4.0,4.0,4.0,4.0,-0.457125,,,False,True,
166,2.0,4.0,4.0,2.0,2.0,-0.686595319,,,False,True,
47,2.0,2.0,4.0,8.0,6.0,-0.339389972,,0.061383659508782266,False,True,3.317435984861748
58,4.0,2.0,2.0,8.0,6.0,-0.368771528,,0.06650681223466606,False,True,3.248517504790525
198,2.0,2.0,2.0,4.0,2.0,-0.54725,,0.046256097959874204,False,False,0.9282317802017899
25,2.0,4.0,4.0,8.0,4.0,-0.322285514,,0.06530105310737971,False,True,1.7449767351328602
15,2.0,4.0,4.0,4.0,6.0,-0.782349653,,0.054623004765475484,False,True,0.2861645935845129
61,2.0,2.0,2.0,8.0,6.0,-0.3464265,,0.03573306433847055,False,True,0.5899712957795413
183,4.0,2.0,2.0,8.0,2.0,-0.525085903,,0.053088410456978055,False,False,0.6239131976761265
125,2.0,4.0,4.0,6.0,2.0,-0.4634665,,0.036279849022457546,False,True,0.02807696402099606
43,2.0,2.0,4.0,6.0,4.0,-0.338625681,,0.02270818536581338,False,True,0.04804918365708257
73,2.0,2.0,2.0,6.0,4.0,-0.397555556,,0.02279296091753932,False,True,0.18867630380649242
