index,#vm,ram,target,memory_queue,acquisition,terminated,feasible,ml_mape
66,9.0,0.2,-10623672.0,,,False,False,
647,3.0,4.0,-1206246.0,,,False,False,
234,19.0,0.2,-9072861.0,,,False,False,
281,22.0,0.2,-8355358.0,,3652713.426445255,False,False,0.5654218491815669
656,4.0,4.0,-1247004.0,,2008231.887231573,False,False,0.6516507992354194
625,26.0,0.7,-4426656.0,,328111.16251123697,False,True,0.2386986064404452
676,6.0,4.0,-1409808.0,,205448.86906428402,False,False,0.45483165273068776
0,3.0,0.2,-6782883.0,,0.0,False,False,0.2804738797814407
10,4.0,0.2,-8015384.0,,-0.0,False,False,0.0022501563958789296
20,5.0,0.2,-9436605.0,,-0.0,False,False,0.014570220255442972
35,6.0,0.2,-9471234.0,,-0.0,False,False,0.09326877344560101
40,7.0,0.2,-10276763.0,,-0.0,False,False,0.06264378050209697
63,8.0,0.2,-9751200.0,,-0.0,False,False,0.15805304402738682
84,10.0,0.2,-10254350.0,,-0.0,False,False,0.09836331909030943
92,11.0,0.2,-10798579.0,,-0.0,False,False,0.007467908314303232
115,12.0,0.2,-10371108.0,,-0.0,False,False,0.019780548903468604
120,13.0,0.2,-8398923.0,,-0.0,False,False,0.20753020730976368
150,15.0,0.2,-7718760.0,,0.0,False,False,0.13748367106813983
173,16.0,0.2,-9021200.0,,-0.0,False,False,0.11108326878812762
175,17.0,0.2,-9910167.0,,-0.0,False,False,0.23264189531058818
213,18.0,0.2,-9415458.0,,-0.0,False,False,0.21145425151114794
243,20.0,0.2,-9209900.0,,-0.0,False,False,0.24244431399151173
249,21.0,0.2,-9138129.0,,-0.0,False,False,0.20866162014181014
289,23.0,0.2,-9440672.0,,-0.0,False,False,0.15423882165800443
666,5.0,4.0,-1272145.0,,412105.60498362966,False,False,0.19520234830325162
314,24.0,0.2,-8312232.0,,-0.0,False,False,0.0718297557871139
329,3.0,0.9,-3937797.0,,-0.0,False,False,0.4677260764707749
339,4.0,0.9,-2195600.0,,-0.0,False,False,1.635702521979416
349,5.0,0.9,-2514650.0,,-0.0,False,False,0.9978510115643091
359,6.0,0.9,-2607030.0,,-0.0,False,False,0.7014337816087025
369,6.0,0.7,-3952086.0,,-0.0,False,False,0.35459160925617317
410,8.0,0.7,-4361248.0,,-0.0,False,False,0.09784233450412473
432,10.0,0.7,-3821980.0,,-0.0,False,False,0.04603759070689429
