index,parallelism_deepspeech,parallelism_ffmpeg-0,parallelism_ffmpeg-1,parallelism_ffmpeg-2,parallelism_librosa,target,memory_queue,acquisition,terminated,feasible,ml_mape
231,4.0,4.0,2.0,2.0,6.0,-2.021638889,,,False,False,
176,4.0,2.0,4.0,2.0,4.0,-1.436454722,,,False,False,
140,2.0,2.0,4.0,6.0,6.0,-0.489888889,,,False,True,
98,2.0,4.0,2.0,8.0,6.0,-0.451875,,,False,True,
118,2.0,2.0,4.0,6.0,6.0,-0.469930556,,,False,True,
199,4.0,2.0,2.0,8.0,2.0,-0.558790042,,,False,False,
65,4.0,2.0,4.0,8.0,6.0,-0.352691847,,,False,True,
9,4.0,4.0,4.0,4.0,6.0,-0.68646125,,,False,True,
93,2.0,4.0,2.0,8.0,4.0,-0.449402778,,,False,True,
5,4.0,4.0,4.0,6.0,6.0,-0.289680556,,0.18519428332527021,False,True,0.24057561148510787
3,4.0,4.0,4.0,8.0,6.0,-0.174361111,,1.0,False,True,0.8322799759785923
41,2.0,4.0,4.0,8.0,6.0,-0.336847361,,0.13112954290008044,False,True,0.18294105380746103
7,4.0,4.0,4.0,8.0,4.0,-0.233569444,,0.12688702715724298,False,True,0.07339717135780134
12,4.0,4.0,4.0,4.0,4.0,-0.457125,,0.05455941843704379,False,True,0.08997554070006436
3,4.0,4.0,4.0,8.0,6.0,-0.174361111,,1.0,False,True,0.07105004179016072
16,4.0,4.0,4.0,6.0,4.0,-0.309360444,,0.1684261658317563,False,True,0.30462998525142937
13,4.0,4.0,2.0,8.0,6.0,-0.298934014,,0.05661760130651322,False,True,0.0001688646933145755
21,4.0,4.0,2.0,8.0,4.0,-0.313295944,,0.10626243900587795,False,True,0.04680798148978016
25,2.0,4.0,4.0,8.0,4.0,-0.322285514,,0.09593548854489858,False,True,0.3275362807318657
