index,parallelism_deepspeech,parallelism_ffmpeg-0,parallelism_ffmpeg-1,parallelism_ffmpeg-2,parallelism_librosa,target,memory_queue,acquisition,terminated,feasible,ml_mape
44,4.0,2.0,4.0,6.0,4.0,-0.349742236,,,False,True,
2,4.0,2.0,2.0,4.0,4.0,-0.498833333,,,False,True,
241,2.0,2.0,4.0,2.0,2.0,-1.150944444,,,False,False,
202,2.0,2.0,2.0,4.0,2.0,-0.544842333,,,False,False,
144,2.0,4.0,4.0,2.0,6.0,-2.553500542,,,False,True,
22,2.0,4.0,2.0,4.0,6.0,-0.377765889,,,False,True,
166,2.0,4.0,4.0,2.0,2.0,-0.686595319,,,False,True,
151,4.0,2.0,4.0,6.0,4.0,-0.502097222,,,False,True,
9,4.0,4.0,4.0,4.0,6.0,-0.68646125,,,False,True,
58,4.0,2.0,2.0,8.0,6.0,-0.368771528,,0.8581937843191587,False,True,0.10062939415927422
129,4.0,4.0,4.0,4.0,2.0,-0.469290486,,0.7677576946194261,False,True,0.36686785628621527
180,2.0,4.0,2.0,2.0,6.0,-1.863021056,,0.6967777816401786,False,False,0.1116552843436582
40,2.0,4.0,4.0,6.0,6.0,-0.354989264,,0.8385676679913696,False,True,1.035027843010915
5,4.0,4.0,4.0,6.0,6.0,-0.289680556,,0.9797977234221039,False,True,0.6553857093880567
31,4.0,2.0,4.0,6.0,6.0,-0.327348181,,1.0366560550403916,False,True,0.06117475940692222
30,2.0,4.0,2.0,6.0,6.0,-0.328707986,,1.0068968403488012,False,True,0.4024221650158717
160,4.0,4.0,4.0,2.0,2.0,-0.833162361,,0.7513849859326821,False,True,0.008708586797731782
17,4.0,2.0,2.0,6.0,4.0,-0.3125,,0.8296746884525532,False,True,0.5680615737826092
15,2.0,4.0,4.0,4.0,6.0,-0.782349653,,0.6716981159770805,False,True,0.12810067925754912
