index,#vm,ram,target,memory_queue,acquisition,terminated,feasible,ml_mape
501,14.0,0.7,-4035710.0,,,False,False,
585,22.0,0.7,-4124054.0,,,False,True,
516,16.0,0.7,-3939280.0,,,False,False,
0,3.0,0.2,-6782883.0,,-0.0,False,False,0.7917494242597866
10,4.0,0.2,-8015384.0,,-0.0,False,False,0.054674242729966946
20,5.0,0.2,-9436605.0,,-0.0,False,False,0.006509893618857207
35,6.0,0.2,-9471234.0,,-0.0,False,False,0.10064202665812023
40,7.0,0.2,-10276763.0,,-0.0,False,False,0.0006446991693375289
562,20.0,0.7,-4132180.0,,62910.88648645021,False,False,0.3566270823723609
541,18.0,0.7,-5813136.0,,65543.2705891598,False,False,0.5212125457094468
63,8.0,0.2,-9751200.0,,-0.0,False,False,0.08269037826113998
65,9.0,0.2,-10237491.0,,-0.0,False,False,0.01538688737963195
84,10.0,0.2,-10254350.0,,-0.0,False,False,0.029615941705221513
92,11.0,0.2,-10798579.0,,-0.0,False,False,0.09116247402505372
115,12.0,0.2,-10371108.0,,-0.0,False,False,0.03873487549730738
120,13.0,0.2,-8398923.0,,-0.0,False,False,0.1848457076242984
150,15.0,0.2,-7718760.0,,-0.0,False,False,0.1804942627813906
173,16.0,0.2,-9021200.0,,-0.0,False,False,0.06353959399716057
175,17.0,0.2,-9910167.0,,-0.0,False,False,0.1177932364647017
213,18.0,0.2,-9415458.0,,-0.0,False,False,0.014100385280208124
215,19.0,0.2,-9311957.0,,-0.0,False,False,0.0933115749610721
243,20.0,0.2,-9209900.0,,-0.0,False,False,0.1746706981187308
249,21.0,0.2,-9138129.0,,-0.0,False,False,0.2510707900760164
281,22.0,0.2,-8355358.0,,-0.0,False,False,0.43737654446470203
289,23.0,0.2,-9440672.0,,-0.0,False,False,0.2970540638933568
314,24.0,0.2,-8312232.0,,-0.0,False,False,0.5564218537987015
329,3.0,0.9,-3937797.0,,-0.0,False,False,0.5239022584490649
339,4.0,0.9,-2195600.0,,-0.0,False,False,1.3666234199279423
349,5.0,0.9,-2514650.0,,-0.0,False,False,0.7063495441844325
359,6.0,0.9,-2607030.0,,-0.0,False,False,0.47157112757282493
369,6.0,0.7,-3952086.0,,-0.0,False,False,0.47910524238080926
410,8.0,0.7,-4361248.0,,-0.0,False,False,0.2993548251001959
432,10.0,0.7,-3821980.0,,-0.0,False,False,0.30670381563588406
