index,parallelism_deepspeech,parallelism_ffmpeg-0,parallelism_ffmpeg-1,parallelism_ffmpeg-2,parallelism_librosa,target,memory_queue,acquisition,terminated,feasible,ml_mape
227,2.0,4.0,2.0,2.0,6.0,-2.084416667,,,False,False,
138,4.0,4.0,4.0,2.0,4.0,-2.116722222,,,False,True,
108,2.0,2.0,2.0,4.0,4.0,-0.457611111,,,False,True,
263,2.0,2.0,4.0,8.0,6.0,-0.730130069,,,False,False,
172,2.0,4.0,2.0,2.0,4.0,-1.909765486,,,False,True,
82,4.0,4.0,2.0,4.0,6.0,-0.523083333,,,False,True,
116,2.0,2.0,2.0,4.0,4.0,-0.513097222,,,False,True,
144,2.0,4.0,4.0,2.0,6.0,-2.553500542,,,False,True,
112,4.0,2.0,2.0,2.0,4.0,-1.663708333,,,False,True,
0,4.0,2.0,2.0,4.0,4.0,-0.478763889,,0.6253379244904105,False,True,0.2214570142071664
56,4.0,2.0,2.0,4.0,6.0,-0.352285833,,1.3734902480540474,False,True,0.3040687499783995
55,4.0,2.0,2.0,6.0,6.0,-0.347265153,,1.4922132807955673,False,True,0.27495710330586354
5,4.0,4.0,4.0,6.0,6.0,-0.289680556,,0.9331592615911959,False,True,3.178924043421143
29,4.0,4.0,2.0,6.0,6.0,-0.329223611,,1.7565296377513482,False,True,0.1434824457947872
0,4.0,2.0,2.0,4.0,4.0,-0.478763889,,1.0,False,True,0.054114559377929694
31,4.0,2.0,4.0,6.0,6.0,-0.327348181,,1.5888778485755939,False,True,0.0837130978707146
3,4.0,4.0,4.0,8.0,6.0,-0.174361111,,1.0572183948988365,False,True,1.0239198637058131
7,4.0,4.0,4.0,8.0,4.0,-0.233569444,,1.0984591171488285,False,True,0.5618262927710465
9,4.0,4.0,4.0,4.0,6.0,-0.68646125,,1.118806165185195,False,True,0.06949899386886638
