index,parallelism_deepspeech,parallelism_ffmpeg-0,parallelism_ffmpeg-1,parallelism_ffmpeg-2,parallelism_librosa,target,memory_queue,acquisition,terminated,feasible,ml_mape
165,4.0,4.0,2.0,2.0,6.0,-1.700916667,,,False,True,
95,2.0,4.0,2.0,4.0,4.0,-0.576430556,,,False,True,
174,2.0,2.0,2.0,2.0,4.0,-1.632116264,,,False,False,
143,2.0,2.0,4.0,8.0,6.0,-0.486527778,,,False,True,
196,2.0,2.0,2.0,6.0,2.0,-0.53278925,,,False,False,
189,2.0,2.0,4.0,2.0,6.0,-1.738330417,,,False,False,
18,4.0,4.0,2.0,6.0,4.0,-0.312747681,,,False,True,
68,2.0,4.0,4.0,8.0,6.0,-0.358186139,,,False,True,
75,2.0,2.0,4.0,6.0,2.0,-0.391723917,,,False,True,
157,4.0,4.0,4.0,8.0,2.0,-0.507875,,0.6798933594112754,False,True,0.6650146287361367
19,2.0,4.0,2.0,8.0,4.0,-0.314709528,,0.48120655950291447,False,True,0.7598115691530829
13,4.0,4.0,2.0,8.0,6.0,-0.298934014,,0.29899840636181707,False,True,0.3473215543557317
125,2.0,4.0,4.0,6.0,2.0,-0.4634665,,0.24589095919685844,False,True,0.33592708679364897
59,4.0,2.0,4.0,8.0,4.0,-0.346334431,,0.19344622037093923,False,True,0.29120193917846365
30,2.0,4.0,2.0,6.0,6.0,-0.328707986,,0.1407258316654293,False,True,0.4006672953341651
192,4.0,2.0,2.0,8.0,4.0,-0.5575,,0.06004349356476052,False,False,0.07040436953815768
5,4.0,4.0,4.0,6.0,6.0,-0.289680556,,0.06730642651827756,False,True,1.193992004162355
3,4.0,4.0,4.0,8.0,6.0,-0.174361111,,0.06213032976017435,False,True,0.7633531093777052
16,4.0,4.0,4.0,6.0,4.0,-0.309360444,,0.025065377747074902,False,True,0.4933861109761138
