index,parallelism_deepspeech,parallelism_ffmpeg-0,parallelism_ffmpeg-1,parallelism_ffmpeg-2,parallelism_librosa,target,memory_queue,acquisition,terminated,feasible,ml_mape
50,4.0,2.0,2.0,6.0,4.0,-0.353336194,,,False,True,
22,2.0,4.0,2.0,4.0,6.0,-0.377765889,,,False,True,
71,4.0,4.0,2.0,8.0,4.0,-0.4445,,,False,True,
170,4.0,2.0,4.0,2.0,4.0,-1.748654097,,,False,True,
233,4.0,4.0,2.0,2.0,2.0,-1.0745,,,False,False,
6,4.0,4.0,4.0,6.0,6.0,-0.263958333,,,False,True,
37,2.0,4.0,2.0,4.0,6.0,-0.4056085,,,False,True,
268,4.0,4.0,2.0,4.0,2.0,-0.752026028,,,False,False,
224,2.0,4.0,2.0,2.0,2.0,-1.002263889,,,False,False,
29,4.0,4.0,2.0,6.0,6.0,-0.329223611,,0.16675281076218315,False,True,0.4784044537954331
30,2.0,4.0,2.0,6.0,6.0,-0.328707986,,0.13162496866157786,False,True,0.7379251320168284
40,2.0,4.0,4.0,6.0,6.0,-0.354989264,,0.13823741544779708,False,True,0.6955056884714256
55,4.0,2.0,2.0,6.0,6.0,-0.347265153,,0.11808168419106486,False,True,0.6139959282905373
7,4.0,4.0,4.0,8.0,4.0,-0.233569444,,0.050551859420554596,False,True,0.04948778674548581
16,4.0,4.0,4.0,6.0,4.0,-0.309360444,,0.13079794843491843,False,True,0.31458080461990606
18,4.0,4.0,2.0,6.0,4.0,-0.312747681,,0.049543353990463196,False,True,0.8260348190049052
65,4.0,2.0,4.0,8.0,6.0,-0.352691847,,0.10548908285740005,False,True,0.9557801321228271
3,4.0,4.0,4.0,8.0,6.0,-0.174361111,,0.1296510475905992,False,True,0.5573554024734485
41,2.0,4.0,4.0,8.0,6.0,-0.336847361,,0.09098751233772437,False,True,0.4420236888923607
