index,parallelism_deepspeech,parallelism_ffmpeg-0,parallelism_ffmpeg-1,parallelism_ffmpeg-2,parallelism_librosa,target,memory_queue,acquisition,terminated,feasible,ml_mape
274,2.0,2.0,2.0,6.0,4.0,-0.750597222,,,False,False,
36,2.0,4.0,2.0,4.0,4.0,-0.359824042,,,False,True,
175,2.0,2.0,4.0,2.0,4.0,-1.691752611,,,False,False,
123,4.0,2.0,2.0,6.0,2.0,-0.461257611,,,False,True,
87,4.0,2.0,4.0,4.0,2.0,-0.421543819,,,False,True,
204,4.0,4.0,4.0,4.0,2.0,-0.556930556,,,False,False,
143,2.0,2.0,4.0,8.0,6.0,-0.486527778,,,False,True,
203,2.0,2.0,4.0,8.0,2.0,-0.560458333,,,False,False,
209,2.0,4.0,4.0,8.0,2.0,-0.569402778,,,False,False,
0,4.0,2.0,2.0,4.0,4.0,-0.478763889,,1.0,False,True,0.2930459185586503
0,4.0,2.0,2.0,4.0,4.0,-0.478763889,,1.0,False,True,0.0037506312701686166
7,4.0,4.0,4.0,8.0,4.0,-0.233569444,,0.047242134483581694,False,True,0.6359560260677604
109,4.0,2.0,2.0,4.0,2.0,-0.455934792,,0.02947311010719187,False,True,0.1514369339081042
3,4.0,4.0,4.0,8.0,6.0,-0.174361111,,0.028156354324931167,False,True,0.8007168654327443
5,4.0,4.0,4.0,6.0,6.0,-0.289680556,,0.02446744718431862,False,True,0.8383061609743437
0,4.0,2.0,2.0,4.0,4.0,-0.478763889,,1.0,False,True,0.0072512620586994885
9,4.0,4.0,4.0,4.0,6.0,-0.68646125,,0.0237696893254975,False,True,0.12988677539238647
12,4.0,4.0,4.0,4.0,4.0,-0.457125,,0.020840605746883692,False,True,0.22760513909604618
13,4.0,4.0,2.0,8.0,6.0,-0.298934014,,0.019628859209062884,False,True,0.9172286187141158
