index,parallelism_deepspeech,parallelism_ffmpeg-0,parallelism_ffmpeg-1,parallelism_ffmpeg-2,parallelism_librosa,target,memory_queue,acquisition,terminated,feasible,ml_mape
66,4.0,2.0,4.0,8.0,6.0,-0.366388889,,,False,True,
144,2.0,4.0,4.0,2.0,6.0,-2.553500542,,,False,True,
146,2.0,2.0,2.0,6.0,6.0,-0.489805556,,,False,True,
228,2.0,2.0,2.0,2.0,4.0,-1.829888889,,,False,False,
91,2.0,4.0,2.0,8.0,6.0,-0.442208333,,,False,True,
162,4.0,4.0,2.0,6.0,2.0,-0.5013195,,,False,True,
104,4.0,2.0,2.0,6.0,2.0,-0.445360833,,,False,True,
24,4.0,4.0,2.0,4.0,4.0,-0.379202111,,,False,True,
142,4.0,2.0,4.0,8.0,4.0,-0.48625,,,False,True,
29,4.0,4.0,2.0,6.0,6.0,-0.329223611,,0.7448467068354407,False,True,0.8238525335656295
58,4.0,2.0,2.0,8.0,6.0,-0.368771528,,0.4915511966231531,False,True,0.4401605362667282
3,4.0,4.0,4.0,8.0,6.0,-0.174361111,,0.26456896948157727,False,True,2.1028530785045545
16,4.0,4.0,4.0,6.0,4.0,-0.309360444,,0.3353890609227358,False,True,0.3404825791537161
41,2.0,4.0,4.0,8.0,6.0,-0.336847361,,0.2686584747622718,False,True,0.247726573271546
21,4.0,4.0,2.0,8.0,4.0,-0.313295944,,0.19673687258365877,False,True,0.42583865475329596
8,2.0,2.0,2.0,8.0,4.0,-0.240564167,,0.15424829752542124,False,True,1.4100808540234444
128,2.0,2.0,2.0,8.0,2.0,-0.468699931,,0.09882738446307639,False,True,0.2962039789991376
7,4.0,4.0,4.0,8.0,4.0,-0.233569444,,0.06696349965210333,False,True,0.9103464831717492
18,4.0,4.0,2.0,6.0,4.0,-0.312747681,,0.04342636446411636,False,True,0.12316851941631388
