index,parallelism_deepspeech,parallelism_ffmpeg-0,parallelism_ffmpeg-1,parallelism_ffmpeg-2,parallelism_librosa,target,memory_queue,acquisition,terminated,feasible,ml_mape
189,2.0,2.0,4.0,2.0,6.0,-1.738330417,,,False,False,
243,2.0,4.0,2.0,2.0,6.0,-2.161041667,,,False,False,
212,4.0,2.0,2.0,2.0,6.0,-1.265793236,,,False,False,
57,4.0,4.0,4.0,8.0,6.0,-0.411472222,,,False,True,
95,2.0,4.0,2.0,4.0,4.0,-0.576430556,,,False,True,
25,2.0,4.0,4.0,8.0,4.0,-0.322285514,,,False,True,
234,4.0,4.0,4.0,2.0,2.0,-0.777097222,,,False,False,
275,2.0,2.0,2.0,6.0,4.0,-0.574871111,,,False,False,
249,4.0,2.0,4.0,2.0,4.0,-1.711277778,,,False,False,
35,2.0,4.0,2.0,6.0,4.0,-0.329550403,,0.13508568312584923,False,True,0.19388062223115618
3,4.0,4.0,4.0,8.0,6.0,-0.174361111,,1.0,False,True,2.049346298170722
153,4.0,4.0,2.0,6.0,2.0,-0.487353861,,0.9804848334811913,False,True,0.39398939550723516
3,4.0,4.0,4.0,8.0,6.0,-0.174361111,,1.0,False,True,1.025441143997701
13,4.0,4.0,2.0,8.0,6.0,-0.298934014,,0.9852391514064023,False,True,0.4474041587644074
41,2.0,4.0,4.0,8.0,6.0,-0.336847361,,0.9622210437030103,False,True,0.7124490468472859
125,2.0,4.0,4.0,6.0,2.0,-0.4634665,,1.0,False,True,0.4005987931307036
195,2.0,4.0,2.0,4.0,2.0,-0.529499708,,0.966255189143459,False,False,0.2964498922737052
7,4.0,4.0,4.0,8.0,4.0,-0.233569444,,0.9376123085479928,False,True,0.6599750631123767
3,4.0,4.0,4.0,8.0,6.0,-0.174361111,,1.0,False,True,0.5910531792367972
