index,parallelism_deepspeech,parallelism_ffmpeg-0,parallelism_ffmpeg-1,parallelism_ffmpeg-2,parallelism_librosa,target,memory_queue,acquisition,terminated,feasible,ml_mape
95,2.0,4.0,2.0,4.0,4.0,-0.576430556,,,False,True,
47,2.0,2.0,4.0,8.0,6.0,-0.339389972,,,False,True,
41,2.0,4.0,4.0,8.0,6.0,-0.336847361,,,False,True,
4,4.0,4.0,4.0,8.0,6.0,-0.177944444,,,False,True,
200,4.0,2.0,4.0,4.0,2.0,-0.547041667,,,False,False,
66,4.0,2.0,4.0,8.0,6.0,-0.366388889,,,False,True,
115,2.0,2.0,2.0,8.0,4.0,-0.469847222,,,False,True,
212,4.0,2.0,2.0,2.0,6.0,-1.265793236,,,False,False,
269,4.0,4.0,2.0,8.0,2.0,-0.818444444,,,False,False,
13,4.0,4.0,2.0,8.0,6.0,-0.298934014,,0.17678246706810505,False,True,0.6566766086133091
5,4.0,4.0,4.0,6.0,6.0,-0.289680556,,0.9593058079334542,False,True,0.3269970655650181
160,4.0,4.0,4.0,2.0,2.0,-0.833162361,,0.9426849775139676,False,True,0.6279452746484857
43,2.0,2.0,4.0,6.0,4.0,-0.338625681,,0.9427791256761966,False,True,0.15879797648479382
7,4.0,4.0,4.0,8.0,4.0,-0.233569444,,0.9028412171910989,False,True,0.9060885120268151
106,4.0,2.0,4.0,8.0,2.0,-0.456300083,,0.9686866144020815,False,True,0.09320705581625953
16,4.0,4.0,4.0,6.0,4.0,-0.309360444,,0.9457314827719736,False,True,0.24810713885639418
33,2.0,4.0,2.0,8.0,6.0,-0.326393083,,0.9606078194957255,False,True,0.36745987890515286
46,2.0,2.0,4.0,8.0,4.0,-0.341116875,,0.9431076924772219,False,True,0.3533158517646351
44,4.0,2.0,4.0,6.0,4.0,-0.349742236,,0.855477547200464,False,True,0.4182664849459107
