index,parallelism_deepspeech,parallelism_ffmpeg-0,parallelism_ffmpeg-1,parallelism_ffmpeg-2,parallelism_librosa,target,memory_queue,acquisition,terminated,feasible,ml_mape
68,2.0,4.0,4.0,8.0,6.0,-0.358186139,,,False,True,
257,2.0,2.0,2.0,6.0,2.0,-0.662,,,False,False,
101,4.0,2.0,4.0,6.0,2.0,-0.441108292,,,False,True,
140,2.0,2.0,4.0,6.0,6.0,-0.489888889,,,False,True,
97,2.0,4.0,4.0,8.0,4.0,-0.457888889,,,False,True,
105,2.0,4.0,2.0,8.0,4.0,-0.476013889,,,False,True,
107,4.0,4.0,4.0,6.0,2.0,-0.446536125,,,False,True,
51,4.0,4.0,2.0,8.0,6.0,-0.361694444,,,False,True,
213,2.0,4.0,4.0,6.0,2.0,-0.56625,,,False,False,
3,4.0,4.0,4.0,8.0,6.0,-0.174361111,,0.02073530792326376,False,True,1.2949667390021182
5,4.0,4.0,4.0,6.0,6.0,-0.289680556,,0.9038709696980969,False,True,0.4670266147481735
65,4.0,2.0,4.0,8.0,6.0,-0.352691847,,0.9861406532296337,False,True,0.3671593804036312
7,4.0,4.0,4.0,8.0,4.0,-0.233569444,,0.8105627539027964,False,True,0.26596990148971683
139,4.0,4.0,4.0,2.0,6.0,-2.581552792,,0.6867034208620127,False,True,0.7382672803342955
121,4.0,4.0,2.0,8.0,2.0,-0.475219681,,0.8250875278489842,False,True,0.1362422154793509
59,4.0,2.0,4.0,8.0,4.0,-0.346334431,,0.8577378845595138,False,True,0.13906481319872877
18,4.0,4.0,2.0,6.0,4.0,-0.312747681,,0.7751590061169819,False,True,0.1174874235153873
30,2.0,4.0,2.0,6.0,6.0,-0.328707986,,0.9120396439651213,False,True,0.5352195282039423
16,4.0,4.0,4.0,6.0,4.0,-0.309360444,,0.9778245314808747,False,True,0.20225564091003634
