index,parallelism_deepspeech,parallelism_ffmpeg-0,parallelism_ffmpeg-1,parallelism_ffmpeg-2,parallelism_librosa,target,memory_queue,acquisition,terminated,feasible,ml_mape
260,2.0,2.0,4.0,4.0,2.0,-0.681861111,,,False,False,
66,4.0,2.0,4.0,8.0,6.0,-0.366388889,,,False,True,
150,4.0,2.0,2.0,2.0,4.0,-1.702361111,,,False,True,
21,4.0,4.0,2.0,8.0,4.0,-0.313295944,,,False,True,
123,4.0,2.0,2.0,6.0,2.0,-0.461257611,,,False,True,
21,4.0,4.0,2.0,8.0,4.0,-0.313295944,,,False,True,
208,2.0,4.0,2.0,8.0,2.0,-0.562777778,,,False,False,
130,2.0,2.0,2.0,6.0,6.0,-0.48275,,,False,True,
47,2.0,2.0,4.0,8.0,6.0,-0.339389972,,,False,True,
33,2.0,4.0,2.0,8.0,6.0,-0.326393083,,0.35333755619574014,False,True,0.016838002543692818
192,4.0,2.0,2.0,8.0,4.0,-0.5575,,0.9960995089089203,False,False,0.3940761033891629
157,4.0,4.0,4.0,8.0,2.0,-0.507875,,1.0,False,True,0.4648192174522113
41,2.0,4.0,4.0,8.0,6.0,-0.336847361,,0.9727806360024069,False,True,0.4892519781586144
35,2.0,4.0,2.0,6.0,4.0,-0.329550403,,0.950300111429543,False,True,0.42573308491071127
153,4.0,4.0,2.0,6.0,2.0,-0.487353861,,0.9529104694236108,False,True,0.6302932273584826
13,4.0,4.0,2.0,8.0,6.0,-0.298934014,,0.9626396710020549,False,True,0.3284127973363534
30,2.0,4.0,2.0,6.0,6.0,-0.328707986,,0.9679337728402359,False,True,0.13960129828964038
121,4.0,4.0,2.0,8.0,2.0,-0.475219681,,0.9645437881287113,False,True,0.14759047212085297
75,2.0,2.0,4.0,6.0,2.0,-0.391723917,,0.9783522799710705,False,True,0.41256500555153636
