index,parallelism_deepspeech,parallelism_ffmpeg-0,parallelism_ffmpeg-1,parallelism_ffmpeg-2,parallelism_librosa,target,memory_queue,acquisition,terminated,feasible,ml_mape
209,2.0,4.0,4.0,8.0,2.0,-0.569402778,,,False,False,
137,2.0,4.0,4.0,8.0,2.0,-0.471614069,,,False,True,
245,4.0,4.0,4.0,2.0,6.0,-2.663833333,,,False,False,
50,4.0,2.0,2.0,6.0,4.0,-0.353336194,,,False,True,
83,4.0,4.0,2.0,4.0,4.0,-0.461416667,,,False,True,
270,2.0,4.0,2.0,8.0,2.0,-0.836875,,,False,False,
246,4.0,2.0,4.0,2.0,6.0,-1.744666667,,,False,False,
249,4.0,2.0,4.0,2.0,4.0,-1.711277778,,,False,False,
194,4.0,2.0,2.0,4.0,6.0,-0.529667778,,,False,False,
18,4.0,4.0,2.0,6.0,4.0,-0.312747681,,0.15154965987612473,False,True,0.4422094784794793
153,4.0,4.0,2.0,6.0,2.0,-0.487353861,,0.11843609798158415,False,True,0.6152205664271599
46,2.0,2.0,4.0,8.0,4.0,-0.341116875,,0.0986202024236599,False,True,0.6948174692231123
55,4.0,2.0,2.0,6.0,6.0,-0.347265153,,0.10902875458805365,False,True,0.16278982484884183
47,2.0,2.0,4.0,8.0,6.0,-0.339389972,,0.08870342289401373,False,True,0.04976905938430804
43,2.0,2.0,4.0,6.0,4.0,-0.338625681,,0.06977009325750479,False,True,0.4573337066976132
41,2.0,4.0,4.0,8.0,6.0,-0.336847361,,0.06592041282731319,False,True,0.041385965648739524
106,4.0,2.0,4.0,8.0,2.0,-0.456300083,,0.06417614052496506,False,True,0.5482326545782713
13,4.0,4.0,2.0,8.0,6.0,-0.298934014,,0.06708433106380009,False,True,0.07866763779067334
58,4.0,2.0,2.0,8.0,6.0,-0.368771528,,0.05875479694402317,False,True,0.18285440752453472
