index,parallelism_deepspeech,parallelism_ffmpeg-0,parallelism_ffmpeg-1,parallelism_ffmpeg-2,parallelism_librosa,target,memory_queue,acquisition,terminated,feasible,ml_mape
270,2.0,4.0,2.0,8.0,2.0,-0.836875,,,False,False,
83,4.0,4.0,2.0,4.0,4.0,-0.461416667,,,False,True,
262,4.0,2.0,2.0,2.0,6.0,-0.753805556,,,False,False,
159,2.0,2.0,2.0,8.0,4.0,-0.50775,,,False,True,
13,4.0,4.0,2.0,8.0,6.0,-0.298934014,,,False,True,
20,4.0,4.0,2.0,4.0,4.0,-0.320928667,,,False,True,
166,2.0,4.0,4.0,2.0,2.0,-0.686595319,,,False,True,
135,2.0,2.0,4.0,4.0,4.0,-0.525222222,,,False,True,
83,4.0,4.0,2.0,4.0,4.0,-0.461416667,,,False,True,
15,2.0,4.0,4.0,4.0,6.0,-0.782349653,,-0.0,False,True,1.1029810708451264
19,2.0,4.0,2.0,8.0,4.0,-0.314709528,,-0.0,False,True,0.9023937040732325
0,4.0,2.0,2.0,4.0,4.0,-0.478763889,,-0.0,False,True,0.15815586523632852
3,4.0,4.0,4.0,8.0,6.0,-0.174361111,,-0.0,False,True,5.088855898883222
65,4.0,2.0,4.0,8.0,6.0,-0.352691847,,0.0428961972420842,False,True,0.10658664466014742
7,4.0,4.0,4.0,8.0,4.0,-0.233569444,,0.05761728952723812,False,True,1.838535215815674
25,2.0,4.0,4.0,8.0,4.0,-0.322285514,,0.06944752971629825,False,True,0.8557887929760974
16,4.0,4.0,4.0,6.0,4.0,-0.309360444,,0.03731295098008847,False,True,0.5241481778374678
41,2.0,4.0,4.0,8.0,6.0,-0.336847361,,0.06452900416982586,False,True,0.9094374592550057
33,2.0,4.0,2.0,8.0,6.0,-0.326393083,,0.027267797168449077,False,True,0.2694050261485741
