index,parallelism_deepspeech,parallelism_ffmpeg-0,parallelism_ffmpeg-1,parallelism_ffmpeg-2,parallelism_librosa,target,memory_queue,acquisition,terminated,feasible,ml_mape
159,2.0,2.0,2.0,8.0,4.0,-0.50775,,,False,True,
50,4.0,2.0,2.0,6.0,4.0,-0.353336194,,,False,True,
9,4.0,4.0,4.0,4.0,6.0,-0.68646125,,,False,True,
75,2.0,2.0,4.0,6.0,2.0,-0.391723917,,,False,True,
58,4.0,2.0,2.0,8.0,6.0,-0.368771528,,,False,True,
117,4.0,4.0,2.0,4.0,2.0,-0.462181681,,,False,True,
113,4.0,2.0,4.0,4.0,4.0,-0.496375,,,False,True,
211,4.0,2.0,2.0,8.0,4.0,-0.55837625,,,False,False,
165,4.0,4.0,2.0,2.0,6.0,-1.700916667,,,False,True,
60,2.0,2.0,4.0,6.0,6.0,-0.347250847,,0.42368139872456073,False,True,1.2603649257958733
41,2.0,4.0,4.0,8.0,6.0,-0.336847361,,1.0,False,True,1.7126069575028702
155,2.0,4.0,4.0,4.0,2.0,-0.489930597,,0.9979339124253688,False,True,1.2622948436124708
3,4.0,4.0,4.0,8.0,6.0,-0.174361111,,0.9930809135667276,False,True,1.820346127543024
16,4.0,4.0,4.0,6.0,4.0,-0.309360444,,0.9581106462688083,False,True,0.28191498569906576
13,4.0,4.0,2.0,8.0,6.0,-0.298934014,,1.0,False,True,0.9685755460682571
198,2.0,2.0,2.0,4.0,2.0,-0.54725,,0.9694231729101458,False,False,0.46357323962587826
25,2.0,4.0,4.0,8.0,4.0,-0.322285514,,0.9680887810381205,False,True,0.09776454821035388
47,2.0,2.0,4.0,8.0,6.0,-0.339389972,,0.9777873298297746,False,True,0.17528146938233274
31,4.0,2.0,4.0,6.0,6.0,-0.327348181,,0.9657444582421095,False,True,0.10969477869877005
