index,parallelism_deepspeech,parallelism_ffmpeg-0,parallelism_ffmpeg-1,parallelism_ffmpeg-2,parallelism_librosa,target,memory_queue,acquisition,terminated,feasible,ml_mape
252,2.0,2.0,2.0,4.0,2.0,-0.635083333,,,False,False,
229,4.0,4.0,2.0,2.0,4.0,-2.081097222,,,False,False,
205,4.0,2.0,2.0,2.0,2.0,-0.561025153,,,False,False,
197,4.0,4.0,4.0,6.0,2.0,-0.543944444,,,False,False,
103,2.0,4.0,4.0,6.0,6.0,-0.725972222,,,False,True,
27,2.0,4.0,4.0,4.0,6.0,-0.852930556,,,False,True,
40,2.0,4.0,4.0,6.0,6.0,-0.354989264,,,False,True,
238,2.0,4.0,4.0,2.0,6.0,-2.605416667,,,False,False,
102,2.0,4.0,4.0,8.0,6.0,-0.515444444,,,False,True,
43,2.0,2.0,4.0,6.0,4.0,-0.338625681,,1.0286055836533445,False,True,0.6832407539040205
87,4.0,2.0,4.0,4.0,2.0,-0.421543819,,0.9779047032242426,False,True,0.2182059285822531
60,2.0,2.0,4.0,6.0,6.0,-0.347250847,,0.9452000210283309,False,True,0.5889172609149553
155,2.0,4.0,4.0,4.0,2.0,-0.489930597,,0.956144673834358,False,True,0.34699412570575566
44,4.0,2.0,4.0,6.0,4.0,-0.349742236,,0.9203129077141193,False,True,0.03284923513325803
31,4.0,2.0,4.0,6.0,6.0,-0.327348181,,0.9042450411867868,False,True,0.007446599669699765
53,2.0,2.0,4.0,4.0,4.0,-0.353006875,,0.8981809373142708,False,True,0.06517393770573454
75,2.0,2.0,4.0,6.0,2.0,-0.391723917,,0.914918687990113,False,True,0.19626102509083002
125,2.0,4.0,4.0,6.0,2.0,-0.4634665,,0.9213580309599718,False,True,0.05705854089627501
3,4.0,4.0,4.0,8.0,6.0,-0.174361111,,0.91027460551278,False,True,3.575627808417943
