index,parallelism_deepspeech,parallelism_ffmpeg-0,parallelism_ffmpeg-1,parallelism_ffmpeg-2,parallelism_librosa,target,memory_queue,acquisition,terminated,feasible,ml_mape
231,4.0,4.0,2.0,2.0,6.0,-2.021638889,,,False,False,
98,2.0,4.0,2.0,8.0,6.0,-0.451875,,,False,True,
168,2.0,2.0,4.0,6.0,2.0,-0.523680556,,,False,True,
63,4.0,2.0,2.0,6.0,6.0,-0.363416389,,,False,True,
274,2.0,2.0,2.0,6.0,4.0,-0.750597222,,,False,False,
13,4.0,4.0,2.0,8.0,6.0,-0.298934014,,,False,True,
0,4.0,2.0,2.0,4.0,4.0,-0.478763889,,,False,True,
109,4.0,2.0,2.0,4.0,2.0,-0.455934792,,,False,True,
142,4.0,2.0,4.0,8.0,4.0,-0.48625,,,False,True,
3,4.0,4.0,4.0,8.0,6.0,-0.174361111,,0.10557103262602822,False,True,0.7320899024765578
87,4.0,2.0,4.0,4.0,2.0,-0.421543819,,0.050480298062587595,False,True,0.6712144678191417
137,2.0,4.0,4.0,8.0,2.0,-0.471614069,,0.04978708017994837,False,True,0.921427870603469
41,2.0,4.0,4.0,8.0,6.0,-0.336847361,,0.07177335692442531,False,True,0.6130630668455656
29,4.0,4.0,2.0,6.0,6.0,-0.329223611,,0.06132112738209273,False,True,0.6425932755346071
7,4.0,4.0,4.0,8.0,4.0,-0.233569444,,0.05365921936619455,False,True,0.4814179880519784
25,2.0,4.0,4.0,8.0,4.0,-0.322285514,,0.05635351443804761,False,True,0.5680031494771591
106,4.0,2.0,4.0,8.0,2.0,-0.456300083,,0.04200637113492788,False,True,0.1775389214803131
65,4.0,2.0,4.0,8.0,6.0,-0.352691847,,0.04868285385219811,False,True,0.4079434661674526
101,4.0,2.0,4.0,6.0,2.0,-0.441108292,,0.036400937232545914,False,True,0.15837089792634265
