index,parallelism_deepspeech,parallelism_ffmpeg-0,parallelism_ffmpeg-1,parallelism_ffmpeg-2,parallelism_librosa,target,memory_queue,acquisition,terminated,feasible,ml_mape
9,4.0,4.0,4.0,4.0,6.0,-0.68646125,,,False,True,
92,2.0,4.0,4.0,8.0,4.0,-0.452111111,,,False,True,
144,2.0,4.0,4.0,2.0,6.0,-2.553500542,,,False,True,
190,2.0,2.0,2.0,4.0,6.0,-0.527102625,,,False,False,
207,2.0,2.0,2.0,2.0,6.0,-2.025200306,,,False,False,
126,2.0,2.0,4.0,4.0,6.0,-0.556583333,,,False,True,
158,4.0,2.0,4.0,8.0,6.0,-0.506138889,,,False,True,
91,2.0,4.0,2.0,8.0,6.0,-0.442208333,,,False,True,
102,2.0,4.0,4.0,8.0,6.0,-0.515444444,,,False,True,
166,2.0,4.0,4.0,2.0,2.0,-0.686595319,,0.11680541683007091,False,True,0.36859607604090666
19,2.0,4.0,2.0,8.0,4.0,-0.314709528,,0.14305048561699027,False,True,0.3130041507741643
179,4.0,4.0,2.0,2.0,2.0,-0.773426778,,0.0887934358175663,False,False,0.6040884507870959
208,2.0,4.0,2.0,8.0,2.0,-0.562777778,,0.09713582408576918,False,False,0.5190062648174442
72,4.0,2.0,2.0,2.0,4.0,-0.389361375,,0.07979637808046589,False,True,0.7799266454977125
172,2.0,4.0,2.0,2.0,4.0,-1.909765486,,0.08181461036602186,False,True,0.651307326060387
8,2.0,2.0,2.0,8.0,4.0,-0.240564167,,0.07935427800553774,False,True,0.776602898020544
0,4.0,2.0,2.0,4.0,4.0,-0.478763889,,1.0,False,True,0.1388668663685476
61,2.0,2.0,2.0,8.0,6.0,-0.3464265,,0.12583149578734043,False,True,0.0011712843008493496
169,4.0,2.0,4.0,2.0,2.0,-0.879925569,,0.07309829887173824,False,True,0.2538918383831179
