index,parallelism_deepspeech,parallelism_ffmpeg-0,parallelism_ffmpeg-1,parallelism_ffmpeg-2,parallelism_librosa,target,memory_queue,acquisition,terminated,feasible,ml_mape
50,4.0,2.0,2.0,6.0,4.0,-0.353336194,,,False,True,
40,2.0,4.0,4.0,6.0,6.0,-0.354989264,,,False,True,
233,4.0,4.0,2.0,2.0,2.0,-1.0745,,,False,False,
130,2.0,2.0,2.0,6.0,6.0,-0.48275,,,False,True,
137,2.0,4.0,4.0,8.0,2.0,-0.471614069,,,False,True,
231,4.0,4.0,2.0,2.0,6.0,-2.021638889,,,False,False,
174,2.0,2.0,2.0,2.0,4.0,-1.632116264,,,False,False,
188,2.0,2.0,4.0,4.0,2.0,-0.537317903,,,False,False,
136,4.0,2.0,4.0,6.0,6.0,-0.483944444,,,False,True,
192,4.0,2.0,2.0,8.0,4.0,-0.5575,,0.14191773846764444,False,False,0.5752902784969335
16,4.0,4.0,4.0,6.0,4.0,-0.309360444,,0.08678524043409253,False,True,0.0013424782856821967
41,2.0,4.0,4.0,8.0,6.0,-0.336847361,,0.07159941193198102,False,True,0.02928785388011761
153,4.0,4.0,2.0,6.0,2.0,-0.487353861,,0.055043572399692466,False,True,0.444994904350138
125,2.0,4.0,4.0,6.0,2.0,-0.4634665,,0.03712403172266276,False,True,0.3066745168797584
101,4.0,2.0,4.0,6.0,2.0,-0.441108292,,0.09962785426228077,False,True,0.24003754742635341
3,4.0,4.0,4.0,8.0,6.0,-0.174361111,,0.027604870092477925,False,True,1.2226971418074715
7,4.0,4.0,4.0,8.0,4.0,-0.233569444,,0.016675410930024035,False,True,0.18854158935723675
13,4.0,4.0,2.0,8.0,6.0,-0.298934014,,0.01442561656079274,False,True,0.17509427078472892
5,4.0,4.0,4.0,6.0,6.0,-0.289680556,,0.0026998497865972945,False,True,1.0293256246163442
