index,parallelism_deepspeech,parallelism_ffmpeg-0,parallelism_ffmpeg-1,parallelism_ffmpeg-2,parallelism_librosa,target,memory_queue,acquisition,terminated,feasible,ml_mape
210,4.0,2.0,2.0,2.0,6.0,-0.572237847,,,False,False,
112,4.0,2.0,2.0,2.0,4.0,-1.663708333,,,False,True,
41,2.0,4.0,4.0,8.0,6.0,-0.336847361,,,False,True,
80,4.0,4.0,4.0,4.0,4.0,-0.691569444,,,False,True,
74,4.0,4.0,2.0,8.0,4.0,-0.413611111,,,False,True,
99,4.0,2.0,4.0,4.0,2.0,-0.439447347,,,False,True,
15,2.0,4.0,4.0,4.0,6.0,-0.782349653,,,False,True,
50,4.0,2.0,2.0,6.0,4.0,-0.353336194,,,False,True,
213,2.0,4.0,4.0,6.0,2.0,-0.56625,,,False,False,
65,4.0,2.0,4.0,8.0,6.0,-0.352691847,,0.3496400972435699,False,True,0.08301408284027416
13,4.0,4.0,2.0,8.0,6.0,-0.298934014,,0.35481554291064343,False,True,0.03618638071377332
3,4.0,4.0,4.0,8.0,6.0,-0.174361111,,0.32591650448063436,False,True,2.156487421671957
58,4.0,2.0,2.0,8.0,6.0,-0.368771528,,0.3668238067737144,False,True,0.5658054297141222
107,4.0,4.0,4.0,6.0,2.0,-0.446536125,,0.3358843348472114,False,True,0.13063903960286338
106,4.0,2.0,4.0,8.0,2.0,-0.456300083,,0.3866376867153661,False,True,0.15735491846614752
31,4.0,2.0,4.0,6.0,6.0,-0.327348181,,0.3326008839747134,False,True,0.13873346098000183
7,4.0,4.0,4.0,8.0,4.0,-0.233569444,,0.35696686542810935,False,True,0.44835030003053455
5,4.0,4.0,4.0,6.0,6.0,-0.289680556,,0.3108205222712443,False,True,0.336085860639004
33,2.0,4.0,2.0,8.0,6.0,-0.326393083,,0.2869872398501763,False,True,0.7009461099062627
