index,parallelism_deepspeech,parallelism_ffmpeg-0,parallelism_ffmpeg-1,parallelism_ffmpeg-2,parallelism_librosa,target,memory_queue,acquisition,terminated,feasible,ml_mape
98,2.0,4.0,2.0,8.0,6.0,-0.451875,,,False,True,
205,4.0,2.0,2.0,2.0,2.0,-0.561025153,,,False,False,
233,4.0,4.0,2.0,2.0,2.0,-1.0745,,,False,False,
225,2.0,2.0,2.0,2.0,6.0,-1.550319444,,,False,False,
207,2.0,2.0,2.0,2.0,6.0,-2.025200306,,,False,False,
261,4.0,2.0,4.0,6.0,2.0,-0.702819444,,,False,False,
60,2.0,2.0,4.0,6.0,6.0,-0.347250847,,,False,True,
172,2.0,4.0,2.0,2.0,4.0,-1.909765486,,,False,True,
253,2.0,2.0,4.0,2.0,6.0,-1.661791667,,,False,False,
25,2.0,4.0,4.0,8.0,4.0,-0.322285514,,0.02652829758784942,False,True,0.6863489836271299
41,2.0,4.0,4.0,8.0,6.0,-0.336847361,,0.1925458640111047,False,True,0.01110430548384786
46,2.0,2.0,4.0,8.0,4.0,-0.341116875,,0.8798941140257872,False,True,0.3780578853527423
181,2.0,4.0,2.0,2.0,2.0,-0.816021472,,0.8690423085572243,False,False,0.3221027861690843
29,4.0,4.0,2.0,6.0,6.0,-0.329223611,,0.05225989683450016,False,True,0.6124510565555563
30,2.0,4.0,2.0,6.0,6.0,-0.328707986,,0.04923956360265928,False,True,0.4652944505038827
40,2.0,4.0,4.0,6.0,6.0,-0.354989264,,0.16956420535028782,False,True,0.086377145718077
165,4.0,4.0,2.0,2.0,6.0,-1.700916667,,0.05580411955931179,False,True,0.01326923489246585
47,2.0,2.0,4.0,8.0,6.0,-0.339389972,,0.16020193230347893,False,True,0.21094991431323568
43,2.0,2.0,4.0,6.0,4.0,-0.338625681,,0.1370916114893986,False,True,0.23064216105307891
