index,parallelism_deepspeech,parallelism_ffmpeg-0,parallelism_ffmpeg-1,parallelism_ffmpeg-2,parallelism_librosa,target,memory_queue,acquisition,terminated,feasible,ml_mape
260,2.0,2.0,4.0,4.0,2.0,-0.681861111,,,False,False,
149,4.0,2.0,2.0,6.0,4.0,-0.503263889,,,False,True,
224,2.0,4.0,2.0,2.0,2.0,-1.002263889,,,False,False,
247,2.0,2.0,4.0,2.0,4.0,-1.706057556,,,False,False,
101,4.0,2.0,4.0,6.0,2.0,-0.441108292,,,False,True,
124,2.0,2.0,4.0,4.0,6.0,-0.550736111,,,False,True,
84,2.0,4.0,4.0,4.0,6.0,-0.990777778,,,False,True,
42,2.0,2.0,4.0,4.0,6.0,-0.343127194,,,False,True,
224,2.0,4.0,2.0,2.0,2.0,-1.002263889,,,False,False,
0,4.0,2.0,2.0,4.0,4.0,-0.478763889,,0.024956941176176757,False,True,0.06632714173252746
3,4.0,4.0,4.0,8.0,6.0,-0.174361111,,0.027443084796151145,False,True,0.9231326819072025
5,4.0,4.0,4.0,6.0,6.0,-0.289680556,,0.01801492586721204,False,True,0.23562051340079174
7,4.0,4.0,4.0,8.0,4.0,-0.233569444,,0.02156811650052646,False,True,0.32607048257853477
0,4.0,2.0,2.0,4.0,4.0,-0.478763889,,1.0,False,True,0.004886827847738681
0,4.0,2.0,2.0,4.0,4.0,-0.478763889,,1.0,False,True,0.002543700715374906
16,4.0,4.0,4.0,6.0,4.0,-0.309360444,,0.023684067758519334,False,True,0.15257481965435796
44,4.0,2.0,4.0,6.0,4.0,-0.349742236,,0.05055833188076819,False,True,0.2139673186319036
31,4.0,2.0,4.0,6.0,6.0,-0.327348181,,0.05611351455069785,False,True,0.6075019251435421
9,4.0,4.0,4.0,4.0,6.0,-0.68646125,,0.026508402497345006,False,True,0.013435135073815592
