index,parallelism_deepspeech,parallelism_ffmpeg-0,parallelism_ffmpeg-1,parallelism_ffmpeg-2,parallelism_librosa,target,memory_queue,acquisition,terminated,feasible,ml_mape
76,4.0,4.0,2.0,6.0,4.0,-0.409236111,,,False,True,
76,4.0,4.0,2.0,6.0,4.0,-0.409236111,,,False,True,
191,2.0,2.0,2.0,6.0,2.0,-0.541027778,,,False,False,
156,2.0,2.0,2.0,2.0,2.0,-0.8476465,,,False,True,
95,2.0,4.0,2.0,4.0,4.0,-0.576430556,,,False,True,
223,2.0,2.0,2.0,2.0,2.0,-1.058027778,,,False,False,
207,2.0,2.0,2.0,2.0,6.0,-2.025200306,,,False,False,
96,2.0,4.0,2.0,4.0,6.0,-0.516527778,,,False,True,
244,2.0,4.0,2.0,2.0,4.0,-2.045125,,,False,False,
58,4.0,2.0,2.0,8.0,6.0,-0.368771528,,0.6595074746787147,False,True,0.041825579558890394
29,4.0,4.0,2.0,6.0,6.0,-0.329223611,,0.6353268161139142,False,True,0.03275939718570776
3,4.0,4.0,4.0,8.0,6.0,-0.174361111,,0.6094259587263781,False,True,0.29285657201083776
0,4.0,2.0,2.0,4.0,4.0,-0.478763889,,1.0,False,True,0.07431027568495768
40,2.0,4.0,4.0,6.0,6.0,-0.354989264,,0.654757014441004,False,True,0.478147887681451
106,4.0,2.0,4.0,8.0,2.0,-0.456300083,,0.745257061637668,False,True,0.09906952719515588
31,4.0,2.0,4.0,6.0,6.0,-0.327348181,,0.5078327616030428,False,True,0.2642869214049755
7,4.0,4.0,4.0,8.0,4.0,-0.233569444,,0.4794332006195655,False,True,0.014528940225518493
65,4.0,2.0,4.0,8.0,6.0,-0.352691847,,0.5081177720039978,False,True,0.27542595021713095
192,4.0,2.0,2.0,8.0,4.0,-0.5575,,0.4989268316418417,False,False,0.17487527047520213
