index,parallelism_deepspeech,parallelism_ffmpeg-0,parallelism_ffmpeg-1,parallelism_ffmpeg-2,parallelism_librosa,target,memory_queue,acquisition,terminated,feasible,ml_mape
147,2.0,2.0,4.0,8.0,4.0,-0.496416667,,,False,True,
212,4.0,2.0,2.0,2.0,6.0,-1.265793236,,,False,False,
214,2.0,4.0,2.0,4.0,2.0,-0.573271181,,,False,False,
114,2.0,4.0,2.0,6.0,2.0,-0.45505725,,,False,True,
160,4.0,4.0,4.0,2.0,2.0,-0.833162361,,,False,True,
1,4.0,2.0,2.0,4.0,4.0,-0.351947292,,,False,True,
189,2.0,2.0,4.0,2.0,6.0,-1.738330417,,,False,False,
90,2.0,4.0,4.0,6.0,6.0,-0.589277778,,,False,True,
161,2.0,2.0,2.0,2.0,2.0,-0.920423736,,,False,True,
17,4.0,2.0,2.0,6.0,4.0,-0.3125,,0.5031610918064501,False,True,0.24658711277249443
109,4.0,2.0,2.0,4.0,2.0,-0.455934792,,0.43082155293861846,False,True,0.387042984544003
170,4.0,2.0,4.0,2.0,4.0,-1.748654097,,0.3074335661136576,False,True,0.5811354555641405
61,2.0,2.0,2.0,8.0,6.0,-0.3464265,,0.5312566389970058,False,True,1.0644954915296705
18,4.0,4.0,2.0,6.0,4.0,-0.312747681,,0.5598365288928814,False,True,0.28042208199686863
13,4.0,4.0,2.0,8.0,6.0,-0.298934014,,0.4935578734986685,False,True,0.6101701934264512
3,4.0,4.0,4.0,8.0,6.0,-0.174361111,,0.5721259335211718,False,True,0.49520435228826487
7,4.0,4.0,4.0,8.0,4.0,-0.233569444,,0.5234899429043453,False,True,0.01335213295990126
41,2.0,4.0,4.0,8.0,6.0,-0.336847361,,0.2705852608504743,False,True,0.04380574555846467
5,4.0,4.0,4.0,6.0,6.0,-0.289680556,,0.4126161009596737,False,True,0.8987738350988341
