index,parallelism_deepspeech,parallelism_ffmpeg-0,parallelism_ffmpeg-1,parallelism_ffmpeg-2,parallelism_librosa,target,memory_queue,acquisition,terminated,feasible,ml_mape
183,4.0,2.0,2.0,8.0,2.0,-0.525085903,,,False,False,
242,2.0,2.0,4.0,2.0,6.0,-1.715388889,,,False,False,
237,2.0,4.0,4.0,2.0,2.0,-0.970541667,,,False,False,
241,2.0,2.0,4.0,2.0,2.0,-1.150944444,,,False,False,
172,2.0,4.0,2.0,2.0,4.0,-1.909765486,,,False,True,
83,4.0,4.0,2.0,4.0,4.0,-0.461416667,,,False,True,
132,4.0,2.0,2.0,4.0,2.0,-0.474599083,,,False,True,
147,2.0,2.0,4.0,8.0,4.0,-0.496416667,,,False,True,
182,4.0,4.0,2.0,2.0,2.0,-1.021298139,,,False,False,
58,4.0,2.0,2.0,8.0,6.0,-0.368771528,,0.042765804616492833,False,True,0.2499388792812964
3,4.0,4.0,4.0,8.0,6.0,-0.174361111,,0.03760656838917185,False,True,1.3382843896454504
41,2.0,4.0,4.0,8.0,6.0,-0.336847361,,0.015463512431055926,False,True,0.3146924403482939
65,4.0,2.0,4.0,8.0,6.0,-0.352691847,,0.021578358534794555,False,True,0.49421074276452615
210,4.0,2.0,2.0,2.0,6.0,-0.572237847,,0.02821188037267404,False,False,0.3718891129403584
110,2.0,2.0,2.0,4.0,6.0,-0.468694444,,0.020202447385918535,False,True,0.11067447727663472
5,4.0,4.0,4.0,6.0,6.0,-0.289680556,,0.01827141490962214,False,True,0.63627797944627
73,2.0,2.0,2.0,6.0,4.0,-0.397555556,,0.05099331718352007,False,True,0.2397614583731254
156,2.0,2.0,2.0,2.0,2.0,-0.8476465,,0.023755499439390836,False,True,0.031465434164040455
16,4.0,4.0,4.0,6.0,4.0,-0.309360444,,0.03518194694549601,False,True,0.057631478330802975
