index,parallelism_deepspeech,parallelism_ffmpeg-0,parallelism_ffmpeg-1,parallelism_ffmpeg-2,parallelism_librosa,target,memory_queue,acquisition,terminated,feasible,ml_mape
101,4.0,2.0,4.0,6.0,2.0,-0.441108292,,,False,True,
169,4.0,2.0,4.0,2.0,2.0,-0.879925569,,,False,True,
192,4.0,2.0,2.0,8.0,4.0,-0.5575,,,False,False,
193,4.0,2.0,4.0,8.0,2.0,-0.544234181,,,False,False,
2,4.0,2.0,2.0,4.0,4.0,-0.498833333,,,False,True,
3,4.0,4.0,4.0,8.0,6.0,-0.174361111,,,False,True,
5,4.0,4.0,4.0,6.0,6.0,-0.289680556,,,False,True,
187,4.0,2.0,2.0,4.0,2.0,-0.527723514,,,False,False,
218,4.0,4.0,2.0,6.0,2.0,-0.581611111,,,False,False,
41,2.0,4.0,4.0,8.0,6.0,-0.336847361,,0.012391397827194051,False,True,0.4753601886491421
40,2.0,4.0,4.0,6.0,6.0,-0.354989264,,0.0034411717689130147,False,True,0.1534056812981716
0,4.0,2.0,2.0,4.0,4.0,-0.478763889,,1.0,False,True,0.07164236155357166
7,4.0,4.0,4.0,8.0,4.0,-0.233569444,,0.002797127225553855,False,True,0.6299115049824603
16,4.0,4.0,4.0,6.0,4.0,-0.309360444,,0.014038761003943814,False,True,0.44963539600976093
13,4.0,4.0,2.0,8.0,6.0,-0.298934014,,0.013429743565741618,False,True,0.491833188614186
65,4.0,2.0,4.0,8.0,6.0,-0.352691847,,0.013529227418329518,False,True,0.25203026387417143
25,2.0,4.0,4.0,8.0,4.0,-0.322285514,,0.0046608486018326865,False,True,0.4553989193265369
29,4.0,4.0,2.0,6.0,6.0,-0.329223611,,0.009946593941040673,False,True,0.12470613708299426
9,4.0,4.0,4.0,4.0,6.0,-0.68646125,,0.004609771631660833,False,True,0.43862579404296415
