index,parallelism_deepspeech,parallelism_ffmpeg-0,parallelism_ffmpeg-1,parallelism_ffmpeg-2,parallelism_librosa,target,memory_queue,acquisition,terminated,feasible,ml_mape
223,2.0,2.0,2.0,2.0,2.0,-1.058027778,,,False,False,
263,2.0,2.0,4.0,8.0,6.0,-0.730130069,,,False,False,
95,2.0,4.0,2.0,4.0,4.0,-0.576430556,,,False,True,
242,2.0,2.0,4.0,2.0,6.0,-1.715388889,,,False,False,
169,4.0,2.0,4.0,2.0,2.0,-0.879925569,,,False,True,
204,4.0,4.0,4.0,4.0,2.0,-0.556930556,,,False,False,
270,2.0,4.0,2.0,8.0,2.0,-0.836875,,,False,False,
93,2.0,4.0,2.0,8.0,4.0,-0.449402778,,,False,True,
72,4.0,2.0,2.0,2.0,4.0,-0.389361375,,,False,True,
0,4.0,2.0,2.0,4.0,4.0,-0.478763889,,0.18652702316708203,False,True,0.40647041272320095
164,4.0,4.0,2.0,2.0,4.0,-1.723588111,,0.9808551142089128,False,True,0.6693109739146884
41,2.0,4.0,4.0,8.0,6.0,-0.336847361,,1.0,False,True,0.29712315487897134
56,4.0,2.0,2.0,4.0,6.0,-0.352285833,,1.0,False,True,0.6041477108606634
117,4.0,4.0,2.0,4.0,2.0,-0.462181681,,0.9974246234005937,False,True,0.1211402395836897
39,4.0,2.0,4.0,4.0,6.0,-0.354505208,,0.991937316203586,False,True,0.5392065526472034
52,2.0,2.0,2.0,6.0,6.0,-0.341679014,,0.9892583390612986,False,True,0.15623336613485092
160,4.0,4.0,4.0,2.0,2.0,-0.833162361,,0.9528874993582825,False,True,0.09638377951836902
35,2.0,4.0,2.0,6.0,4.0,-0.329550403,,0.9745671003739009,False,True,0.10441509864711773
31,4.0,2.0,4.0,6.0,6.0,-0.327348181,,0.9754804551425406,False,True,0.6538329626347356
