index,parallelism_deepspeech,parallelism_ffmpeg-0,parallelism_ffmpeg-1,parallelism_ffmpeg-2,parallelism_librosa,target,memory_queue,acquisition,terminated,feasible,ml_mape
175,2.0,2.0,4.0,2.0,4.0,-1.691752611,,,False,False,
144,2.0,4.0,4.0,2.0,6.0,-2.553500542,,,False,True,
157,4.0,4.0,4.0,8.0,2.0,-0.507875,,,False,True,
173,2.0,2.0,4.0,2.0,2.0,-0.982603028,,,False,True,
139,4.0,4.0,4.0,2.0,6.0,-2.581552792,,,False,True,
147,2.0,2.0,4.0,8.0,4.0,-0.496416667,,,False,True,
48,4.0,2.0,4.0,6.0,4.0,-0.342658708,,,False,True,
49,2.0,2.0,2.0,4.0,4.0,-0.340263431,,,False,True,
55,4.0,2.0,2.0,6.0,6.0,-0.347265153,,,False,True,
73,2.0,2.0,2.0,6.0,4.0,-0.397555556,,2.1369856019505415,False,True,0.005838713331583806
17,4.0,2.0,2.0,6.0,4.0,-0.3125,,1.9045263516002338,False,True,0.04628909386514111
59,4.0,2.0,4.0,8.0,4.0,-0.346334431,,1.7605236151544617,False,True,0.0770363000135371
0,4.0,2.0,2.0,4.0,4.0,-0.478763889,,1.2397846710009044,False,True,0.4250672392880545
198,2.0,2.0,2.0,4.0,2.0,-0.54725,,1.6511025596376385,False,False,0.2904370895884701
52,2.0,2.0,2.0,6.0,6.0,-0.341679014,,1.5347553329928183,False,True,0.13371954834044547
65,4.0,2.0,4.0,8.0,6.0,-0.352691847,,1.4858028107608219,False,True,0.5068711116679293
58,4.0,2.0,2.0,8.0,6.0,-0.368771528,,1.479977828328466,False,True,0.3218921012715422
7,4.0,4.0,4.0,8.0,4.0,-0.233569444,,1.1337133216810111,False,True,0.4582463692497636
5,4.0,4.0,4.0,6.0,6.0,-0.289680556,,1.1360936910481123,False,True,0.7313775990899571
