index,parallelism_deepspeech,parallelism_ffmpeg-0,parallelism_ffmpeg-1,parallelism_ffmpeg-2,parallelism_librosa,target,memory_queue,acquisition,terminated,feasible,ml_mape
134,4.0,4.0,4.0,4.0,2.0,-0.472590528,,,False,True,
105,2.0,4.0,2.0,8.0,4.0,-0.476013889,,,False,True,
47,2.0,2.0,4.0,8.0,6.0,-0.339389972,,,False,True,
69,4.0,2.0,2.0,8.0,6.0,-0.358575153,,,False,True,
186,2.0,2.0,4.0,6.0,2.0,-0.539194444,,,False,False,
175,2.0,2.0,4.0,2.0,4.0,-1.691752611,,,False,False,
158,4.0,2.0,4.0,8.0,6.0,-0.506138889,,,False,True,
253,2.0,2.0,4.0,2.0,6.0,-1.661791667,,,False,False,
27,2.0,4.0,4.0,4.0,6.0,-0.852930556,,,False,True,
41,2.0,4.0,4.0,8.0,6.0,-0.336847361,,0.06903900821853774,False,True,0.21631498222856357
179,4.0,4.0,2.0,2.0,2.0,-0.773426778,,0.9266374001942534,False,False,0.524745504437534
157,4.0,4.0,4.0,8.0,2.0,-0.507875,,0.06814633243317644,False,True,0.508393256056998
61,2.0,2.0,2.0,8.0,6.0,-0.3464265,,0.06272630051648996,False,True,0.24233172166220526
13,4.0,4.0,2.0,8.0,6.0,-0.298934014,,0.03455951306481111,False,True,0.42101422160166235
153,4.0,4.0,2.0,6.0,2.0,-0.487353861,,0.017979497963691568,False,True,0.18204125787674602
33,2.0,4.0,2.0,8.0,6.0,-0.326393083,,0.0177960975730364,False,True,0.17095032280288697
29,4.0,4.0,2.0,6.0,6.0,-0.329223611,,0.00817686987360398,False,True,0.5530104727806289
125,2.0,4.0,4.0,6.0,2.0,-0.4634665,,0.007801387357246038,False,True,0.17498080911213593
16,4.0,4.0,4.0,6.0,4.0,-0.309360444,,0.006195192963396132,False,True,0.48566137753295874
