index,parallelism_deepspeech,parallelism_ffmpeg-0,parallelism_ffmpeg-1,parallelism_ffmpeg-2,parallelism_librosa,target,memory_queue,acquisition,terminated,feasible,ml_mape
232,2.0,4.0,2.0,2.0,2.0,-1.063930556,,,False,False,
29,4.0,4.0,2.0,6.0,6.0,-0.329223611,,,False,True,
219,2.0,4.0,2.0,6.0,2.0,-0.582208333,,,False,False,
29,4.0,4.0,2.0,6.0,6.0,-0.329223611,,,False,True,
206,2.0,4.0,2.0,6.0,2.0,-0.564430556,,,False,False,
88,2.0,4.0,2.0,4.0,4.0,-0.563819444,,,False,True,
67,4.0,2.0,4.0,4.0,4.0,-0.356944444,,,False,True,
71,4.0,4.0,2.0,8.0,4.0,-0.4445,,,False,True,
56,4.0,2.0,2.0,4.0,6.0,-0.352285833,,,False,True,
47,2.0,2.0,4.0,8.0,6.0,-0.339389972,,0.9998316807049773,False,True,2.238189214872682
31,4.0,2.0,4.0,6.0,6.0,-0.327348181,,0.04208944543933976,False,True,0.2160614459690871
40,2.0,4.0,4.0,6.0,6.0,-0.354989264,,0.009255684276546815,False,True,0.0037672585394374803
137,2.0,4.0,4.0,8.0,2.0,-0.471614069,,-0.0022268917846002463,False,True,0.5434140384452927
160,4.0,4.0,4.0,2.0,2.0,-0.833162361,,-0.01488763581485371,False,True,0.42348148688608783
42,2.0,2.0,4.0,4.0,6.0,-0.343127194,,-0.04596221705576303,False,True,0.21466357360742963
117,4.0,4.0,2.0,4.0,2.0,-0.462181681,,-0.05965189448529813,False,True,0.4062858802466656
52,2.0,2.0,2.0,6.0,6.0,-0.341679014,,-0.022287552126163703,False,True,0.05181136374543453
106,4.0,2.0,4.0,8.0,2.0,-0.456300083,,-0.042733278305800176,False,True,1.0691477017027646
33,2.0,4.0,2.0,8.0,6.0,-0.326393083,,-0.043618552939812975,False,True,0.2598260803191171
