index,parallelism_deepspeech,parallelism_ffmpeg-0,parallelism_ffmpeg-1,parallelism_ffmpeg-2,parallelism_librosa,target,memory_queue,acquisition,terminated,feasible,ml_mape
135,2.0,2.0,4.0,4.0,4.0,-0.525222222,,,False,True,
212,4.0,2.0,2.0,2.0,6.0,-1.265793236,,,False,False,
273,4.0,4.0,2.0,4.0,2.0,-0.848291667,,,False,False,
200,4.0,2.0,4.0,4.0,2.0,-0.547041667,,,False,False,
54,4.0,2.0,4.0,4.0,4.0,-0.355211889,,,False,True,
116,2.0,2.0,2.0,4.0,4.0,-0.513097222,,,False,True,
199,4.0,2.0,2.0,8.0,2.0,-0.558790042,,,False,False,
40,2.0,4.0,4.0,6.0,6.0,-0.354989264,,,False,True,
195,2.0,4.0,2.0,4.0,2.0,-0.529499708,,,False,False,
0,4.0,2.0,2.0,4.0,4.0,-0.478763889,,0.0794947032368668,False,True,0.026174439985233017
60,2.0,2.0,4.0,6.0,6.0,-0.347250847,,0.09162421993336145,False,True,0.019836819702251925
5,4.0,4.0,4.0,6.0,6.0,-0.289680556,,0.08375250861134875,False,True,0.9996371248095877
7,4.0,4.0,4.0,8.0,4.0,-0.233569444,,0.11137026426264107,False,True,0.46434083582625824
8,2.0,2.0,2.0,8.0,4.0,-0.240564167,,0.14609947762880848,False,True,0.1293554045074045
9,4.0,4.0,4.0,4.0,6.0,-0.68646125,,0.1692848566660401,False,True,0.8891391126231616
16,4.0,4.0,4.0,6.0,4.0,-0.309360444,,0.19328275114254267,False,True,0.005857847462486886
12,4.0,4.0,4.0,4.0,4.0,-0.457125,,0.14965427598630776,False,True,0.3148994154316793
13,4.0,4.0,2.0,8.0,6.0,-0.298934014,,0.13359915929906674,False,True,0.5919477295736333
15,2.0,4.0,4.0,4.0,6.0,-0.782349653,,0.13853532378715905,False,True,0.359436982118545
