index,parallelism_deepspeech,parallelism_ffmpeg-0,parallelism_ffmpeg-1,parallelism_ffmpeg-2,parallelism_librosa,target,memory_queue,acquisition,terminated,feasible,ml_mape
172,2.0,4.0,2.0,2.0,4.0,-1.909765486,,,False,True,
117,4.0,4.0,2.0,4.0,2.0,-0.462181681,,,False,True,
229,4.0,4.0,2.0,2.0,4.0,-2.081097222,,,False,False,
145,2.0,2.0,4.0,6.0,4.0,-0.503777778,,,False,True,
191,2.0,2.0,2.0,6.0,2.0,-0.541027778,,,False,False,
254,2.0,2.0,2.0,2.0,6.0,-1.897097222,,,False,False,
128,2.0,2.0,2.0,8.0,2.0,-0.468699931,,,False,True,
179,4.0,4.0,2.0,2.0,2.0,-0.773426778,,,False,False,
16,4.0,4.0,4.0,6.0,4.0,-0.309360444,,,False,True,
157,4.0,4.0,4.0,8.0,2.0,-0.507875,,0.16291763522557312,False,True,0.9448919670648701
21,4.0,4.0,2.0,8.0,4.0,-0.313295944,,0.8889933060890332,False,True,1.0349860442794985
25,2.0,4.0,4.0,8.0,4.0,-0.322285514,,0.8765944496528886,False,True,0.0130050163290555
3,4.0,4.0,4.0,8.0,6.0,-0.174361111,,0.9406927162058358,False,True,0.44008484889589583
47,2.0,2.0,4.0,8.0,6.0,-0.339389972,,1.0,False,True,0.31203538895290317
59,4.0,2.0,4.0,8.0,4.0,-0.346334431,,0.8206187981796033,False,True,0.5215651651676108
144,2.0,4.0,4.0,2.0,6.0,-2.553500542,,0.9996808922919672,False,True,0.5796011916044376
65,4.0,2.0,4.0,8.0,6.0,-0.352691847,,0.8555249516268773,False,True,0.6563585378882452
7,4.0,4.0,4.0,8.0,4.0,-0.233569444,,0.7973994446935861,False,True,0.349612010950443
33,2.0,4.0,2.0,8.0,6.0,-0.326393083,,0.8669467092992679,False,True,0.810857347277361
