index,parallelism_deepspeech,parallelism_ffmpeg-0,parallelism_ffmpeg-1,parallelism_ffmpeg-2,parallelism_librosa,target,memory_queue,acquisition,terminated,feasible,ml_mape
145,2.0,2.0,4.0,6.0,4.0,-0.503777778,,,False,True,
133,2.0,2.0,4.0,6.0,4.0,-0.483902778,,,False,True,
207,2.0,2.0,2.0,2.0,6.0,-2.025200306,,,False,False,
273,4.0,4.0,2.0,4.0,2.0,-0.848291667,,,False,False,
237,2.0,4.0,4.0,2.0,2.0,-0.970541667,,,False,False,
70,4.0,2.0,4.0,6.0,6.0,-0.376416667,,,False,True,
250,4.0,2.0,2.0,8.0,2.0,-0.634722222,,,False,False,
81,2.0,4.0,2.0,6.0,4.0,-0.425430208,,,False,True,
125,2.0,4.0,4.0,6.0,2.0,-0.4634665,,,False,True,
25,2.0,4.0,4.0,8.0,4.0,-0.322285514,,0.14250434669532971,False,True,0.7969465863766603
3,4.0,4.0,4.0,8.0,6.0,-0.174361111,,0.12537176891405502,False,True,0.7777188077267956
65,4.0,2.0,4.0,8.0,6.0,-0.352691847,,0.06210281951884721,False,True,0.4028656249864859
13,4.0,4.0,2.0,8.0,6.0,-0.298934014,,0.05280582219188643,False,True,0.2970629136772201
41,2.0,4.0,4.0,8.0,6.0,-0.336847361,,0.03628703344809704,False,True,0.5625379171312846
5,4.0,4.0,4.0,6.0,6.0,-0.289680556,,0.0304865458671902,False,True,0.46317485269743514
7,4.0,4.0,4.0,8.0,4.0,-0.233569444,,0.025943647441873954,False,True,0.4524262628993446
19,2.0,4.0,2.0,8.0,4.0,-0.314709528,,0.006794888139513462,False,True,0.2369170082849196
16,4.0,4.0,4.0,6.0,4.0,-0.309360444,,0.0052300761812905435,False,True,0.09027635433448143
21,4.0,4.0,2.0,8.0,4.0,-0.313295944,,0.002371795606652684,False,True,0.4296491266312942
