index,parallelism_deepspeech,parallelism_ffmpeg-0,parallelism_ffmpeg-1,parallelism_ffmpeg-2,parallelism_librosa,target,memory_queue,acquisition,terminated,feasible,ml_mape
135,2.0,2.0,4.0,4.0,4.0,-0.525222222,,,False,True,
212,4.0,2.0,2.0,2.0,6.0,-1.265793236,,,False,False,
273,4.0,4.0,2.0,4.0,2.0,-0.848291667,,,False,False,
200,4.0,2.0,4.0,4.0,2.0,-0.547041667,,,False,False,
54,4.0,2.0,4.0,4.0,4.0,-0.355211889,,,False,True,
116,2.0,2.0,2.0,4.0,4.0,-0.513097222,,,False,True,
199,4.0,2.0,2.0,8.0,2.0,-0.558790042,,,False,False,
40,2.0,4.0,4.0,6.0,6.0,-0.354989264,,,False,True,
195,2.0,4.0,2.0,4.0,2.0,-0.529499708,,,False,False,
0,4.0,2.0,2.0,4.0,4.0,-0.478763889,,0.0794947032368668,False,True,0.026174439985233017
59,4.0,2.0,4.0,8.0,4.0,-0.346334431,,0.42834091092826454,False,True,0.7704292199926218
33,2.0,4.0,2.0,8.0,6.0,-0.326393083,,0.5891264665588997,False,True,0.8196682775636264
3,4.0,4.0,4.0,8.0,6.0,-0.174361111,,0.6405393953896656,False,True,1.0283509715379175
192,4.0,2.0,2.0,8.0,4.0,-0.5575,,0.6207914116455469,False,False,0.390456015469965
19,2.0,4.0,2.0,8.0,4.0,-0.314709528,,0.6342146914879725,False,True,0.5447210764558114
21,4.0,4.0,2.0,8.0,4.0,-0.313295944,,0.6449051241873083,False,True,0.19962676975083074
31,4.0,2.0,4.0,6.0,6.0,-0.327348181,,0.6525735398985271,False,True,0.32721171235954505
35,2.0,4.0,2.0,6.0,4.0,-0.329550403,,0.6432230694253253,False,True,0.20943100315784666
41,2.0,4.0,4.0,8.0,6.0,-0.336847361,,0.6490031581136952,False,True,0.05992364508306287
