index,parallelism_deepspeech,parallelism_ffmpeg-0,parallelism_ffmpeg-1,parallelism_ffmpeg-2,parallelism_librosa,target,memory_queue,acquisition,terminated,feasible,ml_mape
75,2.0,2.0,4.0,6.0,2.0,-0.391723917,,,False,True,
254,2.0,2.0,2.0,2.0,6.0,-1.897097222,,,False,False,
15,2.0,4.0,4.0,4.0,6.0,-0.782349653,,,False,True,
239,2.0,4.0,4.0,2.0,6.0,-2.643055556,,,False,False,
70,4.0,2.0,4.0,6.0,6.0,-0.376416667,,,False,True,
225,2.0,2.0,2.0,2.0,6.0,-1.550319444,,,False,False,
44,4.0,2.0,4.0,6.0,4.0,-0.349742236,,,False,True,
227,2.0,4.0,2.0,2.0,6.0,-2.084416667,,,False,False,
229,4.0,4.0,2.0,2.0,4.0,-2.081097222,,,False,False,
41,2.0,4.0,4.0,8.0,6.0,-0.336847361,,1.2088795197112476,False,True,1.6558596610724123
60,2.0,2.0,4.0,6.0,6.0,-0.347250847,,0.8863953087099483,False,True,0.05756827347115938
125,2.0,4.0,4.0,6.0,2.0,-0.4634665,,0.8174846896322635,False,True,0.5326449294361988
5,4.0,4.0,4.0,6.0,6.0,-0.289680556,,0.7257376270603657,False,True,0.9688692576060016
30,2.0,4.0,2.0,6.0,6.0,-0.328707986,,0.555599716031798,False,True,0.47500363743700247
40,2.0,4.0,4.0,6.0,6.0,-0.354989264,,0.4676582084103831,False,True,0.463775392393615
13,4.0,4.0,2.0,8.0,6.0,-0.298934014,,0.6320877937492517,False,True,0.21213255440361178
7,4.0,4.0,4.0,8.0,4.0,-0.233569444,,0.5444457275247533,False,True,0.6083085414020427
73,2.0,2.0,2.0,6.0,4.0,-0.397555556,,0.4985142549945527,False,True,0.33711023021305336
65,4.0,2.0,4.0,8.0,6.0,-0.352691847,,0.45572670124823716,False,True,0.12407589227050542
