index,parallelism_deepspeech,parallelism_ffmpeg-0,parallelism_ffmpeg-1,parallelism_ffmpeg-2,parallelism_librosa,target,memory_queue,acquisition,terminated,feasible,ml_mape
199,4.0,2.0,2.0,8.0,2.0,-0.558790042,,,False,False,
234,4.0,4.0,4.0,2.0,2.0,-0.777097222,,,False,False,
260,2.0,2.0,4.0,4.0,2.0,-0.681861111,,,False,False,
137,2.0,4.0,4.0,8.0,2.0,-0.471614069,,,False,True,
145,2.0,2.0,4.0,6.0,4.0,-0.503777778,,,False,True,
67,4.0,2.0,4.0,4.0,4.0,-0.356944444,,,False,True,
244,2.0,4.0,2.0,2.0,4.0,-2.045125,,,False,False,
247,2.0,2.0,4.0,2.0,4.0,-1.706057556,,,False,False,
54,4.0,2.0,4.0,4.0,4.0,-0.355211889,,,False,True,
44,4.0,2.0,4.0,6.0,4.0,-0.349742236,,0.06774021308197441,False,True,0.2633322173607621
0,4.0,2.0,2.0,4.0,4.0,-0.478763889,,0.07357162885584984,False,True,0.3113646660002337
5,4.0,4.0,4.0,6.0,6.0,-0.289680556,,0.07391485948022924,False,True,0.35497867271528233
16,4.0,4.0,4.0,6.0,4.0,-0.309360444,,0.17260031670450626,False,True,0.22724753937492778
3,4.0,4.0,4.0,8.0,6.0,-0.174361111,,0.07065150888130242,False,True,0.6387144770716902
7,4.0,4.0,4.0,8.0,4.0,-0.233569444,,0.14188556537935423,False,True,0.22134512820311097
9,4.0,4.0,4.0,4.0,6.0,-0.68646125,,0.056718262824965074,False,True,0.2861400656085352
41,2.0,4.0,4.0,8.0,6.0,-0.336847361,,0.1145284186011358,False,True,0.18028192833810866
12,4.0,4.0,4.0,4.0,4.0,-0.457125,,0.051848584103784415,False,True,0.36028441195127936
25,2.0,4.0,4.0,8.0,4.0,-0.322285514,,0.10970277666224824,False,True,0.012858653313822525
