index,parallelism_deepspeech,parallelism_ffmpeg-0,parallelism_ffmpeg-1,parallelism_ffmpeg-2,parallelism_librosa,target,memory_queue,acquisition,terminated,feasible,ml_mape
242,2.0,2.0,4.0,2.0,6.0,-1.715388889,,,False,False,
210,4.0,2.0,2.0,2.0,6.0,-0.572237847,,,False,False,
84,2.0,4.0,4.0,4.0,6.0,-0.990777778,,,False,True,
215,2.0,4.0,4.0,8.0,2.0,-0.575388889,,,False,False,
187,4.0,2.0,2.0,4.0,2.0,-0.527723514,,,False,False,
168,2.0,2.0,4.0,6.0,2.0,-0.523680556,,,False,True,
166,2.0,4.0,4.0,2.0,2.0,-0.686595319,,,False,True,
172,2.0,4.0,2.0,2.0,4.0,-1.909765486,,,False,True,
217,2.0,4.0,4.0,4.0,2.0,-0.575930556,,,False,False,
3,4.0,4.0,4.0,8.0,6.0,-0.174361111,,0.40574488430412115,False,True,0.6371170044088159
87,4.0,2.0,4.0,4.0,2.0,-0.421543819,,0.6441157377578844,False,True,0.19596739162140858
58,4.0,2.0,2.0,8.0,6.0,-0.368771528,,0.5466515727916347,False,True,0.3960639586985695
65,4.0,2.0,4.0,8.0,6.0,-0.352691847,,0.5592508654043652,False,True,0.5565311349108963
5,4.0,4.0,4.0,6.0,6.0,-0.289680556,,0.7523551409878867,False,True,0.4445254995053716
41,2.0,4.0,4.0,8.0,6.0,-0.336847361,,0.8069035980538541,False,True,0.40366101982086305
16,4.0,4.0,4.0,6.0,4.0,-0.309360444,,0.550386410110115,False,True,0.18089589793683383
0,4.0,2.0,2.0,4.0,4.0,-0.478763889,,,False,True,0.032984376920226245
7,4.0,4.0,4.0,8.0,4.0,-0.233569444,,0.7628153876964767,False,True,0.27734479582371757
59,4.0,2.0,4.0,8.0,4.0,-0.346334431,,0.7064605772303636,False,True,0.1455359041509437
