index,parallelism_deepspeech,parallelism_ffmpeg-0,parallelism_ffmpeg-1,parallelism_ffmpeg-2,parallelism_librosa,target,memory_queue,acquisition,terminated,feasible,ml_mape
17,4.0,2.0,2.0,6.0,4.0,-0.3125,,,False,True,
200,4.0,2.0,4.0,4.0,2.0,-0.547041667,,,False,False,
117,4.0,4.0,2.0,4.0,2.0,-0.462181681,,,False,True,
151,4.0,2.0,4.0,6.0,4.0,-0.502097222,,,False,True,
65,4.0,2.0,4.0,8.0,6.0,-0.352691847,,,False,True,
227,2.0,4.0,2.0,2.0,6.0,-2.084416667,,,False,False,
205,4.0,2.0,2.0,2.0,2.0,-0.561025153,,,False,False,
231,4.0,4.0,2.0,2.0,6.0,-2.021638889,,,False,False,
60,2.0,2.0,4.0,6.0,6.0,-0.347250847,,,False,True,
8,2.0,2.0,2.0,8.0,4.0,-0.240564167,,0.23177861581439663,False,True,0.7008778724899798
183,4.0,2.0,2.0,8.0,2.0,-0.525085903,,0.12359551969020056,False,False,0.44088075749177
47,2.0,2.0,4.0,8.0,6.0,-0.339389972,,0.105374127718322,False,True,0.16777272744861357
191,2.0,2.0,2.0,6.0,2.0,-0.541027778,,0.0870702060331194,False,False,0.306202203531496
192,4.0,2.0,2.0,8.0,4.0,-0.5575,,0.046619609710415025,False,False,0.6619828393706195
137,2.0,4.0,4.0,8.0,2.0,-0.471614069,,0.054556837525424146,False,True,0.8055882582610898
153,4.0,4.0,2.0,6.0,2.0,-0.487353861,,0.035400569526706484,False,True,0.7934066126803483
19,2.0,4.0,2.0,8.0,4.0,-0.314709528,,0.048274063910825456,False,True,0.1950046657419411
33,2.0,4.0,2.0,8.0,6.0,-0.326393083,,0.047519513040339335,False,True,0.8388054665237957
61,2.0,2.0,2.0,8.0,6.0,-0.3464265,,0.06707746957845623,False,True,0.8413471264699622
