index,parallelism_deepspeech,parallelism_ffmpeg-0,parallelism_ffmpeg-1,parallelism_ffmpeg-2,parallelism_librosa,target,memory_queue,acquisition,terminated,feasible,ml_mape
248,2.0,4.0,4.0,2.0,2.0,-1.079555556,,,False,False,
194,4.0,2.0,2.0,4.0,6.0,-0.529667778,,,False,False,
203,2.0,2.0,4.0,8.0,2.0,-0.560458333,,,False,False,
270,2.0,4.0,2.0,8.0,2.0,-0.836875,,,False,False,
126,2.0,2.0,4.0,4.0,6.0,-0.556583333,,,False,True,
137,2.0,4.0,4.0,8.0,2.0,-0.471614069,,,False,True,
77,4.0,4.0,2.0,8.0,6.0,-0.411388889,,,False,True,
161,2.0,2.0,2.0,2.0,2.0,-0.920423736,,,False,True,
153,4.0,4.0,2.0,6.0,2.0,-0.487353861,,,False,True,
8,2.0,2.0,2.0,8.0,4.0,-0.240564167,,-0.0,False,True,3.1192624332718375
192,4.0,2.0,2.0,8.0,4.0,-0.5575,,0.1211803754413675,False,False,0.6158666434568785
73,2.0,2.0,2.0,6.0,4.0,-0.397555556,,0.06279457047918957,False,True,0.5077838309751667
33,2.0,4.0,2.0,8.0,6.0,-0.326393083,,0.06692439132482342,False,True,0.5010176127359309
52,2.0,2.0,2.0,6.0,6.0,-0.341679014,,0.07438210297372772,False,True,0.3276907692102263
40,2.0,4.0,4.0,6.0,6.0,-0.354989264,,0.06925360297580047,False,True,0.5033980874508102
5,4.0,4.0,4.0,6.0,6.0,-0.289680556,,0.037760883963753156,False,True,0.6015759484210034
7,4.0,4.0,4.0,8.0,4.0,-0.233569444,,0.05413653343311953,False,True,0.7458710275833208
65,4.0,2.0,4.0,8.0,6.0,-0.352691847,,0.11809920713624106,False,True,0.9962266082125615
25,2.0,4.0,4.0,8.0,4.0,-0.322285514,,0.06739274271781076,False,True,0.5901772393173546
