index,parallelism_deepspeech,parallelism_ffmpeg-0,parallelism_ffmpeg-1,parallelism_ffmpeg-2,parallelism_librosa,target,memory_queue,acquisition,terminated,feasible,ml_mape
48,4.0,2.0,4.0,6.0,4.0,-0.342658708,,,False,True,
182,4.0,4.0,2.0,2.0,2.0,-1.021298139,,,False,False,
41,2.0,4.0,4.0,8.0,6.0,-0.336847361,,,False,True,
93,2.0,4.0,2.0,8.0,4.0,-0.449402778,,,False,True,
179,4.0,4.0,2.0,2.0,2.0,-0.773426778,,,False,False,
18,4.0,4.0,2.0,6.0,4.0,-0.312747681,,,False,True,
49,2.0,2.0,2.0,4.0,4.0,-0.340263431,,,False,True,
120,4.0,2.0,2.0,8.0,6.0,-0.472138889,,,False,True,
91,2.0,4.0,2.0,8.0,6.0,-0.442208333,,,False,True,
16,4.0,4.0,4.0,6.0,4.0,-0.309360444,,0.08661872256297376,False,True,0.10534082265558611
0,4.0,2.0,2.0,4.0,4.0,-0.478763889,,0.09453514912976796,False,True,0.308100531227845
73,2.0,2.0,2.0,6.0,4.0,-0.397555556,,0.16930348372983783,False,True,0.02009221786242213
5,4.0,4.0,4.0,6.0,6.0,-0.289680556,,0.1380577021971796,False,True,1.496620798069741
40,2.0,4.0,4.0,6.0,6.0,-0.354989264,,0.17167196552268982,False,True,0.46798403896866475
29,4.0,4.0,2.0,6.0,6.0,-0.329223611,,0.05663442583091949,False,True,0.3118113479826705
3,4.0,4.0,4.0,8.0,6.0,-0.174361111,,0.053807224734560954,False,True,0.054913200830377755
7,4.0,4.0,4.0,8.0,4.0,-0.233569444,,0.08322066538903966,False,True,0.4865180510632954
59,4.0,2.0,4.0,8.0,4.0,-0.346334431,,0.16605509636995697,False,True,0.1026101858971488
21,4.0,4.0,2.0,8.0,4.0,-0.313295944,,0.1463412045591022,False,True,0.057935513384148464
