index,parallelism_deepspeech,parallelism_ffmpeg-0,parallelism_ffmpeg-1,parallelism_ffmpeg-2,parallelism_librosa,target,memory_queue,acquisition,terminated,feasible,ml_mape
260,2.0,2.0,4.0,4.0,2.0,-0.681861111,,,False,False,
30,2.0,4.0,2.0,6.0,6.0,-0.328707986,,,False,True,
98,2.0,4.0,2.0,8.0,6.0,-0.451875,,,False,True,
230,2.0,4.0,2.0,2.0,4.0,-2.073611111,,,False,False,
227,2.0,4.0,2.0,2.0,6.0,-2.084416667,,,False,False,
29,4.0,4.0,2.0,6.0,6.0,-0.329223611,,,False,True,
84,2.0,4.0,4.0,4.0,6.0,-0.990777778,,,False,True,
150,4.0,2.0,2.0,2.0,4.0,-1.702361111,,,False,True,
237,2.0,4.0,4.0,2.0,2.0,-0.970541667,,,False,False,
65,4.0,2.0,4.0,8.0,6.0,-0.352691847,,0.622620049595965,False,True,0.7398487907345508
60,2.0,2.0,4.0,6.0,6.0,-0.347250847,,0.41548535117371604,False,True,0.23743436094150464
3,4.0,4.0,4.0,8.0,6.0,-0.174361111,,0.36916773948262793,False,True,2.5305790035925275
5,4.0,4.0,4.0,6.0,6.0,-0.289680556,,0.264150231952749,False,True,0.4951569406232774
41,2.0,4.0,4.0,8.0,6.0,-0.336847361,,0.21821969620676182,False,True,0.4783459896779617
16,4.0,4.0,4.0,6.0,4.0,-0.309360444,,0.17785452208408536,False,True,0.2991521962396574
157,4.0,4.0,4.0,8.0,2.0,-0.507875,,0.29470889158799984,False,True,0.15599238653433842
153,4.0,4.0,2.0,6.0,2.0,-0.487353861,,0.145741751048173,False,True,0.04706324349785714
125,2.0,4.0,4.0,6.0,2.0,-0.4634665,,0.10399701457957138,False,True,0.09120355456270933
21,4.0,4.0,2.0,8.0,4.0,-0.313295944,,0.09076481029701408,False,True,1.1303944915327928
