index,parallelism_deepspeech,parallelism_ffmpeg-0,parallelism_ffmpeg-1,parallelism_ffmpeg-2,parallelism_librosa,target,memory_queue,acquisition,terminated,feasible,ml_mape
64,4.0,4.0,4.0,6.0,6.0,-0.635833333,,,False,True,
96,2.0,4.0,2.0,4.0,6.0,-0.516527778,,,False,True,
197,4.0,4.0,4.0,6.0,2.0,-0.543944444,,,False,False,
264,4.0,4.0,2.0,8.0,2.0,-0.718686361,,,False,False,
137,2.0,4.0,4.0,8.0,2.0,-0.471614069,,,False,True,
210,4.0,2.0,2.0,2.0,6.0,-0.572237847,,,False,False,
155,2.0,4.0,4.0,4.0,2.0,-0.489930597,,,False,True,
242,2.0,2.0,4.0,2.0,6.0,-1.715388889,,,False,False,
26,4.0,4.0,4.0,6.0,4.0,-0.335936681,,,False,True,
125,2.0,4.0,4.0,6.0,2.0,-0.4634665,,0.3796410473252859,False,True,0.001914903609925851
12,4.0,4.0,4.0,4.0,4.0,-0.457125,,0.3620429209152449,False,True,0.35798023177797406
129,4.0,4.0,4.0,4.0,2.0,-0.469290486,,0.34741600377044424,False,True,0.002904616197691216
0,4.0,2.0,2.0,4.0,4.0,-0.478763889,,1.0,False,True,0.11296871152017841
3,4.0,4.0,4.0,8.0,6.0,-0.174361111,,0.25180203063831674,False,True,2.7381636445616664
7,4.0,4.0,4.0,8.0,4.0,-0.233569444,,0.29948481879466526,False,True,0.4818319013131223
9,4.0,4.0,4.0,4.0,6.0,-0.68646125,,0.3205361998446117,False,True,0.5595575610464227
25,2.0,4.0,4.0,8.0,4.0,-0.322285514,,0.382454934290216,False,True,0.16024485856794204
8,2.0,2.0,2.0,8.0,4.0,-0.240564167,,0.28976722603645866,False,True,0.9673964173285237
13,4.0,4.0,2.0,8.0,6.0,-0.298934014,,0.302970256309823,False,True,0.31722920645142294
