index,parallelism_deepspeech,parallelism_ffmpeg-0,parallelism_ffmpeg-1,parallelism_ffmpeg-2,parallelism_librosa,target,memory_queue,acquisition,terminated,feasible,ml_mape
248,2.0,4.0,4.0,2.0,2.0,-1.079555556,,,False,False,
149,4.0,2.0,2.0,6.0,4.0,-0.503263889,,,False,True,
95,2.0,4.0,2.0,4.0,4.0,-0.576430556,,,False,True,
180,2.0,4.0,2.0,2.0,6.0,-1.863021056,,,False,False,
28,2.0,4.0,4.0,4.0,4.0,-0.407666667,,,False,True,
14,4.0,4.0,4.0,4.0,4.0,-0.506810167,,,False,True,
168,2.0,2.0,4.0,6.0,2.0,-0.523680556,,,False,True,
98,2.0,4.0,2.0,8.0,6.0,-0.451875,,,False,True,
85,4.0,4.0,4.0,4.0,6.0,-1.020666667,,,False,True,
25,2.0,4.0,4.0,8.0,4.0,-0.322285514,,0.4615818123162275,False,True,0.7921563995379248
47,2.0,2.0,4.0,8.0,6.0,-0.339389972,,0.41330660078037,False,True,0.9413953861369244
3,4.0,4.0,4.0,8.0,6.0,-0.174361111,,0.3922497622032777,False,True,0.8712444116603297
16,4.0,4.0,4.0,6.0,4.0,-0.309360444,,0.31616931282656524,False,True,0.5240710867765423
114,2.0,4.0,2.0,6.0,2.0,-0.45505725,,0.2524946102935502,False,True,0.8462330545285305
21,4.0,4.0,2.0,8.0,4.0,-0.313295944,,0.22081489695502124,False,True,0.26823208255404324
59,4.0,2.0,4.0,8.0,4.0,-0.346334431,,0.2031628637618435,False,True,0.40498387323869744
65,4.0,2.0,4.0,8.0,6.0,-0.352691847,,0.13981342285139972,False,True,0.20670641466239953
8,2.0,2.0,2.0,8.0,4.0,-0.240564167,,0.11234535602863575,False,True,2.2820414830614397
128,2.0,2.0,2.0,8.0,2.0,-0.468699931,,0.13227680105197634,False,True,0.5349734562887909
