index,parallelism_deepspeech,parallelism_ffmpeg-0,parallelism_ffmpeg-1,parallelism_ffmpeg-2,parallelism_librosa,target,memory_queue,acquisition,terminated,feasible,ml_mape
86,4.0,4.0,2.0,4.0,6.0,-0.514958333,,,False,True,
236,4.0,2.0,4.0,2.0,2.0,-1.192458333,,,False,False,
36,2.0,4.0,2.0,4.0,4.0,-0.359824042,,,False,True,
29,4.0,4.0,2.0,6.0,6.0,-0.329223611,,,False,True,
154,4.0,4.0,4.0,2.0,6.0,-2.677372167,,,False,True,
66,4.0,2.0,4.0,8.0,6.0,-0.366388889,,,False,True,
156,2.0,2.0,2.0,2.0,2.0,-0.8476465,,,False,True,
48,4.0,2.0,4.0,6.0,4.0,-0.342658708,,,False,True,
150,4.0,2.0,2.0,2.0,4.0,-1.702361111,,,False,True,
107,4.0,4.0,4.0,6.0,2.0,-0.446536125,,1.100329017969428,False,True,0.9335410033243811
30,2.0,4.0,2.0,6.0,6.0,-0.328707986,,0.9913629727284234,False,True,0.08474066597291798
75,2.0,2.0,4.0,6.0,2.0,-0.391723917,,0.9455582943055032,False,True,0.09993555896567131
106,4.0,2.0,4.0,8.0,2.0,-0.456300083,,0.8006514820554695,False,True,0.24917089548827412
46,2.0,2.0,4.0,8.0,4.0,-0.341116875,,0.658862657945091,False,True,0.03634602741463559
7,4.0,4.0,4.0,8.0,4.0,-0.233569444,,0.6752096024405251,False,True,0.16459754550216332
41,2.0,4.0,4.0,8.0,6.0,-0.336847361,,0.6296275886545407,False,True,0.7338771108485065
73,2.0,2.0,2.0,6.0,4.0,-0.397555556,,0.5491549982142234,False,True,0.04271351601403524
192,4.0,2.0,2.0,8.0,4.0,-0.5575,,0.5267742231746864,False,False,0.2312584425044319
137,2.0,4.0,4.0,8.0,2.0,-0.471614069,,0.4164955667427034,False,True,0.6927712946154512
