index,parallelism_deepspeech,parallelism_ffmpeg-0,parallelism_ffmpeg-1,parallelism_ffmpeg-2,parallelism_librosa,target,memory_queue,acquisition,terminated,feasible,ml_mape
248,2.0,4.0,4.0,2.0,2.0,-1.079555556,,,False,False,
95,2.0,4.0,2.0,4.0,4.0,-0.576430556,,,False,True,
237,2.0,4.0,4.0,2.0,2.0,-0.970541667,,,False,False,
164,4.0,4.0,2.0,2.0,4.0,-1.723588111,,,False,True,
86,4.0,4.0,2.0,4.0,6.0,-0.514958333,,,False,True,
108,2.0,2.0,2.0,4.0,4.0,-0.457611111,,,False,True,
138,4.0,4.0,4.0,2.0,4.0,-2.116722222,,,False,True,
179,4.0,4.0,2.0,2.0,2.0,-0.773426778,,,False,False,
267,4.0,4.0,4.0,8.0,2.0,-0.750095889,,,False,False,
0,4.0,2.0,2.0,4.0,4.0,-0.478763889,,0.388768362134862,False,True,0.06331833057610653
56,4.0,2.0,2.0,4.0,6.0,-0.352285833,,0.6624954793194513,False,True,0.33356941568319876
3,4.0,4.0,4.0,8.0,6.0,-0.174361111,,0.49020677991425765,False,True,2.2809893783559967
5,4.0,4.0,4.0,6.0,6.0,-0.289680556,,0.58599275522541,False,True,0.656028783057397
29,4.0,4.0,2.0,6.0,6.0,-0.329223611,,0.9305129548190995,False,True,0.18067437404078476
7,4.0,4.0,4.0,8.0,4.0,-0.233569444,,0.6371179916318402,False,True,1.4816011477675155
13,4.0,4.0,2.0,8.0,6.0,-0.298934014,,0.6659795609614543,False,True,0.10264087754617615
0,4.0,2.0,2.0,4.0,4.0,-0.478763889,,1.0,False,True,0.07173781224861336
0,4.0,2.0,2.0,4.0,4.0,-0.478763889,,1.0,False,True,0.03747162281325501
16,4.0,4.0,4.0,6.0,4.0,-0.309360444,,0.6314650477619809,False,True,0.19710262756016006
