index,parallelism_deepspeech,parallelism_ffmpeg-0,parallelism_ffmpeg-1,parallelism_ffmpeg-2,parallelism_librosa,target,memory_queue,acquisition,terminated,feasible,ml_mape
116,2.0,2.0,2.0,4.0,4.0,-0.513097222,,,False,True,
114,2.0,4.0,2.0,6.0,2.0,-0.45505725,,,False,True,
195,2.0,4.0,2.0,4.0,2.0,-0.529499708,,,False,False,
194,4.0,2.0,2.0,4.0,6.0,-0.529667778,,,False,False,
206,2.0,4.0,2.0,6.0,2.0,-0.564430556,,,False,False,
274,2.0,2.0,2.0,6.0,4.0,-0.750597222,,,False,False,
70,4.0,2.0,4.0,6.0,6.0,-0.376416667,,,False,True,
199,4.0,2.0,2.0,8.0,2.0,-0.558790042,,,False,False,
233,4.0,4.0,2.0,2.0,2.0,-1.0745,,,False,False,
163,4.0,2.0,4.0,2.0,6.0,-1.661284764,,0.012681263230794703,False,True,2.0493071010057933
101,4.0,2.0,4.0,6.0,2.0,-0.441108292,,0.03828836629940753,False,True,1.6697120659216953
42,2.0,2.0,4.0,4.0,6.0,-0.343127194,,0.03892654609515959,False,True,0.27692965771702
109,4.0,2.0,2.0,4.0,2.0,-0.455934792,,0.0361656564768653,False,True,0.5387640070185918
7,4.0,4.0,4.0,8.0,4.0,-0.233569444,,0.034956169824554864,False,True,0.5860619682138094
39,4.0,2.0,4.0,4.0,6.0,-0.354505208,,0.020787071409415884,False,True,0.09229169062819965
157,4.0,4.0,4.0,8.0,2.0,-0.507875,,0.021090976616844403,False,True,0.7007321243964856
44,4.0,2.0,4.0,6.0,4.0,-0.349742236,,0.019875850304948758,False,True,0.04975762116323535
54,4.0,2.0,4.0,4.0,4.0,-0.355211889,,0.01972971331021736,False,True,0.19367254053788066
198,2.0,2.0,2.0,4.0,2.0,-0.54725,,0.01899381959555333,False,False,0.017018365387777987
