index,parallelism_deepspeech,parallelism_ffmpeg-0,parallelism_ffmpeg-1,parallelism_ffmpeg-2,parallelism_librosa,target,memory_queue,acquisition,terminated,feasible,ml_mape
180,2.0,4.0,2.0,2.0,6.0,-1.863021056,,,False,False,
143,2.0,2.0,4.0,8.0,6.0,-0.486527778,,,False,True,
116,2.0,2.0,2.0,4.0,4.0,-0.513097222,,,False,True,
85,4.0,4.0,4.0,4.0,6.0,-1.020666667,,,False,True,
182,4.0,4.0,2.0,2.0,2.0,-1.021298139,,,False,False,
88,2.0,4.0,2.0,4.0,4.0,-0.563819444,,,False,True,
182,4.0,4.0,2.0,2.0,2.0,-1.021298139,,,False,False,
120,4.0,2.0,2.0,8.0,6.0,-0.472138889,,,False,True,
67,4.0,2.0,4.0,4.0,4.0,-0.356944444,,,False,True,
44,4.0,2.0,4.0,6.0,4.0,-0.349742236,,0.3022983293118813,False,True,0.06737968179169096
152,2.0,2.0,4.0,4.0,2.0,-0.505361111,,0.23919309361534977,False,True,0.30912542595398146
31,4.0,2.0,4.0,6.0,6.0,-0.327348181,,0.14158411917294386,False,True,0.03132629060272543
59,4.0,2.0,4.0,8.0,4.0,-0.346334431,,0.11685809244262481,False,True,0.11028591620763
208,2.0,4.0,2.0,8.0,2.0,-0.562777778,,0.1625672536207843,False,False,0.2955367977205629
65,4.0,2.0,4.0,8.0,6.0,-0.352691847,,0.09775835647542928,False,True,0.09497041789904483
41,2.0,4.0,4.0,8.0,6.0,-0.336847361,,0.8975598438359641,False,True,0.3427782759077377
25,2.0,4.0,4.0,8.0,4.0,-0.322285514,,0.12465408509482641,False,True,0.3223656081837171
3,4.0,4.0,4.0,8.0,6.0,-0.174361111,,0.08702745213283526,False,True,1.5486959862364613
18,4.0,4.0,2.0,6.0,4.0,-0.312747681,,0.11902471661780635,False,True,0.06412273410721255
