index,parallelism_deepspeech,parallelism_ffmpeg-0,parallelism_ffmpeg-1,parallelism_ffmpeg-2,parallelism_librosa,target,memory_queue,acquisition,terminated,feasible,ml_mape
112,4.0,2.0,2.0,2.0,4.0,-1.663708333,,,False,True,
182,4.0,4.0,2.0,2.0,2.0,-1.021298139,,,False,False,
123,4.0,2.0,2.0,6.0,2.0,-0.461257611,,,False,True,
140,2.0,2.0,4.0,6.0,6.0,-0.489888889,,,False,True,
55,4.0,2.0,2.0,6.0,6.0,-0.347265153,,,False,True,
61,2.0,2.0,2.0,8.0,6.0,-0.3464265,,,False,True,
103,2.0,4.0,4.0,6.0,6.0,-0.725972222,,,False,True,
70,4.0,2.0,4.0,6.0,6.0,-0.376416667,,,False,True,
124,2.0,2.0,4.0,4.0,6.0,-0.550736111,,,False,True,
203,2.0,2.0,4.0,8.0,2.0,-0.560458333,,0.8766618430422919,False,False,0.055936783729637556
58,4.0,2.0,2.0,8.0,6.0,-0.368771528,,0.3608350225881601,False,True,0.2768766936426397
52,2.0,2.0,2.0,6.0,6.0,-0.341679014,,0.2286065167061107,False,True,0.0968298335970733
33,2.0,4.0,2.0,8.0,6.0,-0.326393083,,0.15255591313000977,False,True,0.16963447579008212
41,2.0,4.0,4.0,8.0,6.0,-0.336847361,,0.12217794315015258,False,True,0.4366982611921371
183,4.0,2.0,2.0,8.0,2.0,-0.525085903,,0.12436072090600667,False,False,0.1979712677641636
87,4.0,2.0,4.0,4.0,2.0,-0.421543819,,0.19535137162689126,False,True,0.11684425781666272
19,2.0,4.0,2.0,8.0,4.0,-0.314709528,,0.24028211221138723,False,True,0.0955436759699803
152,2.0,2.0,4.0,4.0,2.0,-0.505361111,,0.143806647160694,False,True,0.00018031446384440402
0,4.0,2.0,2.0,4.0,4.0,-0.478763889,,0.8220915389233165,False,True,0.09823325346052099
