index,parallelism_deepspeech,parallelism_ffmpeg-0,parallelism_ffmpeg-1,parallelism_ffmpeg-2,parallelism_librosa,target,memory_queue,acquisition,terminated,feasible,ml_mape
187,4.0,2.0,2.0,4.0,2.0,-0.527723514,,,False,False,
163,4.0,2.0,4.0,2.0,6.0,-1.661284764,,,False,True,
112,4.0,2.0,2.0,2.0,4.0,-1.663708333,,,False,True,
120,4.0,2.0,2.0,8.0,6.0,-0.472138889,,,False,True,
262,4.0,2.0,2.0,2.0,6.0,-0.753805556,,,False,False,
87,4.0,2.0,4.0,4.0,2.0,-0.421543819,,,False,True,
264,4.0,4.0,2.0,8.0,2.0,-0.718686361,,,False,False,
121,4.0,4.0,2.0,8.0,2.0,-0.475219681,,,False,True,
259,4.0,2.0,2.0,2.0,2.0,-0.68475,,,False,False,
59,4.0,2.0,4.0,8.0,4.0,-0.346334431,,0.3538299066880089,False,True,1.2266742047581771
7,4.0,4.0,4.0,8.0,4.0,-0.233569444,,0.39331069227135557,False,True,2.0423909214928457
16,4.0,4.0,4.0,6.0,4.0,-0.309360444,,0.35682020263550734,False,True,0.8357272524335234
13,4.0,4.0,2.0,8.0,6.0,-0.298934014,,0.34942164889579796,False,True,0.2272695535238297
21,4.0,4.0,2.0,8.0,4.0,-0.313295944,,0.25915000079933626,False,True,0.2569805449011619
3,4.0,4.0,4.0,8.0,6.0,-0.174361111,,0.2696874433799186,False,True,0.8699399725321717
44,4.0,2.0,4.0,6.0,4.0,-0.349742236,,0.4066271568605979,False,True,0.4911958460829024
65,4.0,2.0,4.0,8.0,6.0,-0.352691847,,0.19953434977173895,False,True,0.43483005050916346
19,2.0,4.0,2.0,8.0,4.0,-0.314709528,,0.15767610637137494,False,True,0.9107828877202313
25,2.0,4.0,4.0,8.0,4.0,-0.322285514,,0.15505649770301555,False,True,0.34930745991604617
