index,parallelism_deepspeech,parallelism_ffmpeg-0,parallelism_ffmpeg-1,parallelism_ffmpeg-2,parallelism_librosa,target,memory_queue,acquisition,terminated,feasible,ml_mape
35,2.0,4.0,2.0,6.0,4.0,-0.329550403,,,False,True,
143,2.0,2.0,4.0,8.0,6.0,-0.486527778,,,False,True,
106,4.0,2.0,4.0,8.0,2.0,-0.456300083,,,False,True,
76,4.0,4.0,2.0,6.0,4.0,-0.409236111,,,False,True,
116,2.0,2.0,2.0,4.0,4.0,-0.513097222,,,False,True,
5,4.0,4.0,4.0,6.0,6.0,-0.289680556,,,False,True,
52,2.0,2.0,2.0,6.0,6.0,-0.341679014,,,False,True,
34,4.0,4.0,2.0,6.0,4.0,-0.328441333,,,False,True,
42,2.0,2.0,4.0,4.0,6.0,-0.343127194,,,False,True,
22,2.0,4.0,2.0,4.0,6.0,-0.377765889,,0.003025754472729051,False,True,0.928698093678805
208,2.0,4.0,2.0,8.0,2.0,-0.562777778,,0.002834546177150763,False,False,0.6188612808463128
30,2.0,4.0,2.0,6.0,6.0,-0.328707986,,0.0036573714273797522,False,True,0.48017882970802284
40,2.0,4.0,4.0,6.0,6.0,-0.354989264,,0.004599351342230705,False,True,0.4152701678258639
16,4.0,4.0,4.0,6.0,4.0,-0.309360444,,0.004165941715051113,False,True,0.5833249177396191
29,4.0,4.0,2.0,6.0,6.0,-0.329223611,,0.005558319430774742,False,True,0.30527977692362096
31,4.0,2.0,4.0,6.0,6.0,-0.327348181,,0.006000500418957385,False,True,0.9229508838082762
9,4.0,4.0,4.0,4.0,6.0,-0.68646125,,0.006293246623336494,False,True,0.008163212728484307
3,4.0,4.0,4.0,8.0,6.0,-0.174361111,,0.00897243045124112,False,True,0.16261801026197517
13,4.0,4.0,2.0,8.0,6.0,-0.298934014,,0.002862287688338587,False,True,0.6385950522927708
