index,parallelism_deepspeech,parallelism_ffmpeg-0,parallelism_ffmpeg-1,parallelism_ffmpeg-2,parallelism_librosa,target,memory_queue,acquisition,terminated,feasible,ml_mape
27,2.0,4.0,4.0,4.0,6.0,-0.852930556,,,False,True,
56,4.0,2.0,2.0,4.0,6.0,-0.352285833,,,False,True,
81,2.0,4.0,2.0,6.0,4.0,-0.425430208,,,False,True,
255,2.0,2.0,2.0,4.0,6.0,-0.638375,,,False,False,
238,2.0,4.0,4.0,2.0,6.0,-2.605416667,,,False,False,
58,4.0,2.0,2.0,8.0,6.0,-0.368771528,,,False,True,
72,4.0,2.0,2.0,2.0,4.0,-0.389361375,,,False,True,
247,2.0,2.0,4.0,2.0,4.0,-1.706057556,,,False,False,
51,4.0,4.0,2.0,8.0,6.0,-0.361694444,,,False,True,
0,4.0,2.0,2.0,4.0,4.0,-0.478763889,,1.0584889354508225,False,True,0.42291719166595343
8,2.0,2.0,2.0,8.0,4.0,-0.240564167,,1.0211503002177635,False,True,0.8388115907496251
19,2.0,4.0,2.0,8.0,4.0,-0.314709528,,1.3023286497950768,False,True,0.6482276309990416
12,4.0,4.0,4.0,4.0,4.0,-0.457125,,1.0296883009791125,False,True,0.6969846920863282
0,4.0,2.0,2.0,4.0,4.0,-0.478763889,,1.0,False,True,0.02025787809888314
61,2.0,2.0,2.0,8.0,6.0,-0.3464265,,0.9532595727049065,False,True,0.35228018576419706
33,2.0,4.0,2.0,8.0,6.0,-0.326393083,,1.1657913280686893,False,True,0.004167370097430013
9,4.0,4.0,4.0,4.0,6.0,-0.68646125,,0.9207441454116541,False,True,0.8006917871737818
16,4.0,4.0,4.0,6.0,4.0,-0.309360444,,0.8717912893037916,False,True,0.7632840227804893
5,4.0,4.0,4.0,6.0,6.0,-0.289680556,,0.8613181284977639,False,True,0.41074529908248386
