index,parallelism_deepspeech,parallelism_ffmpeg-0,parallelism_ffmpeg-1,parallelism_ffmpeg-2,parallelism_librosa,target,memory_queue,acquisition,terminated,feasible,ml_mape
24,4.0,4.0,2.0,4.0,4.0,-0.379202111,,,False,True,
84,2.0,4.0,4.0,4.0,6.0,-0.990777778,,,False,True,
90,2.0,4.0,4.0,6.0,6.0,-0.589277778,,,False,True,
93,2.0,4.0,2.0,8.0,4.0,-0.449402778,,,False,True,
77,4.0,4.0,2.0,8.0,6.0,-0.411388889,,,False,True,
58,4.0,2.0,2.0,8.0,6.0,-0.368771528,,,False,True,
193,4.0,2.0,4.0,8.0,2.0,-0.544234181,,,False,False,
117,4.0,4.0,2.0,4.0,2.0,-0.462181681,,,False,True,
76,4.0,4.0,2.0,6.0,4.0,-0.409236111,,,False,True,
110,2.0,2.0,2.0,4.0,6.0,-0.468694444,,0.8333711552368379,False,True,0.42461808510655663
181,2.0,4.0,2.0,2.0,2.0,-0.816021472,,0.8009003065410153,False,False,0.3497171740710628
0,4.0,2.0,2.0,4.0,4.0,-0.478763889,,0.8616359501156102,False,True,0.5585131571077
47,2.0,2.0,4.0,8.0,6.0,-0.339389972,,0.8679718704231121,False,True,0.46411555771593777
137,2.0,4.0,4.0,8.0,2.0,-0.471614069,,0.874438131673817,False,True,0.13797498636056707
61,2.0,2.0,2.0,8.0,6.0,-0.3464265,,0.9094208028189491,False,True,0.14866834360508746
32,4.0,4.0,2.0,4.0,6.0,-0.345415417,,0.8714695921622506,False,True,0.4995153429091219
65,4.0,2.0,4.0,8.0,6.0,-0.352691847,,0.9080364033399766,False,True,0.10205744470177523
41,2.0,4.0,4.0,8.0,6.0,-0.336847361,,0.8897213752463415,False,True,0.217809765014704
30,2.0,4.0,2.0,6.0,6.0,-0.328707986,,0.908180798060324,False,True,0.6537800322476208
