index,parallelism_deepspeech,parallelism_ffmpeg-0,parallelism_ffmpeg-1,parallelism_ffmpeg-2,parallelism_librosa,target,memory_queue,acquisition,terminated,feasible,ml_mape
135,2.0,2.0,4.0,4.0,4.0,-0.525222222,,,False,True,
212,4.0,2.0,2.0,2.0,6.0,-1.265793236,,,False,False,
273,4.0,4.0,2.0,4.0,2.0,-0.848291667,,,False,False,
200,4.0,2.0,4.0,4.0,2.0,-0.547041667,,,False,False,
54,4.0,2.0,4.0,4.0,4.0,-0.355211889,,,False,True,
116,2.0,2.0,2.0,4.0,4.0,-0.513097222,,,False,True,
199,4.0,2.0,2.0,8.0,2.0,-0.558790042,,,False,False,
40,2.0,4.0,4.0,6.0,6.0,-0.354989264,,,False,True,
195,2.0,4.0,2.0,4.0,2.0,-0.529499708,,,False,False,
65,4.0,2.0,4.0,8.0,6.0,-0.352691847,,0.07836215202812528,False,True,1.441481534396333
31,4.0,2.0,4.0,6.0,6.0,-0.327348181,,0.09145250465269104,False,True,0.08331362869946045
175,2.0,2.0,4.0,2.0,4.0,-1.691752611,,0.09566719865505427,False,False,0.20951460287164606
41,2.0,4.0,4.0,8.0,6.0,-0.336847361,,0.3385588093313066,False,True,0.29012185670023644
0,4.0,2.0,2.0,4.0,4.0,-0.478763889,,0.33667211950923986,False,True,0.04019882140982833
3,4.0,4.0,4.0,8.0,6.0,-0.174361111,,0.34840944559598563,False,True,0.9641890188030263
46,2.0,2.0,4.0,8.0,4.0,-0.341116875,,0.3495487435743684,False,True,0.7800322399712777
43,2.0,2.0,4.0,6.0,4.0,-0.338625681,,0.3956570730113849,False,True,0.22955206819565308
44,4.0,2.0,4.0,6.0,4.0,-0.349742236,,0.41424747252214855,False,True,0.28363784201027814
60,2.0,2.0,4.0,6.0,6.0,-0.347250847,,0.2861185495057075,False,True,0.9157840925431873
