index,parallelism_deepspeech,parallelism_ffmpeg-0,parallelism_ffmpeg-1,parallelism_ffmpeg-2,parallelism_librosa,target,memory_queue,acquisition,terminated,feasible,ml_mape
29,4.0,4.0,2.0,6.0,6.0,-0.329223611,,,False,True,
135,2.0,2.0,4.0,4.0,4.0,-0.525222222,,,False,True,
163,4.0,2.0,4.0,2.0,6.0,-1.661284764,,,False,True,
149,4.0,2.0,2.0,6.0,4.0,-0.503263889,,,False,True,
248,2.0,4.0,4.0,2.0,2.0,-1.079555556,,,False,False,
10,4.0,4.0,4.0,4.0,6.0,-0.642764458,,,False,True,
218,4.0,4.0,2.0,6.0,2.0,-0.581611111,,,False,False,
50,4.0,2.0,2.0,6.0,4.0,-0.353336194,,,False,True,
3,4.0,4.0,4.0,8.0,6.0,-0.174361111,,,False,True,
65,4.0,2.0,4.0,8.0,6.0,-0.352691847,,0.04371269959289508,False,True,0.625214225896223
41,2.0,4.0,4.0,8.0,6.0,-0.336847361,,0.045003862568252194,False,True,0.020741273358904036
7,4.0,4.0,4.0,8.0,4.0,-0.233569444,,0.023236304652269585,False,True,0.4731064858096616
13,4.0,4.0,2.0,8.0,6.0,-0.298934014,,0.02307446329275926,False,True,0.2331863135442427
5,4.0,4.0,4.0,6.0,6.0,-0.289680556,,0.018967124947203057,False,True,0.26568680392130806
46,2.0,2.0,4.0,8.0,4.0,-0.341116875,,0.028584218275427016,False,True,0.5528879585878931
128,2.0,2.0,2.0,8.0,2.0,-0.468699931,,0.014102184690607974,False,True,0.08623411341840491
137,2.0,4.0,4.0,8.0,2.0,-0.471614069,,0.005343386963365995,False,True,0.016154075017167684
21,4.0,4.0,2.0,8.0,4.0,-0.313295944,,0.002930169215190489,False,True,0.20981193503270962
60,2.0,2.0,4.0,6.0,6.0,-0.347250847,,0.0027691216636230756,False,True,0.876431354785133
