index,parallelism_deepspeech,parallelism_ffmpeg-0,parallelism_ffmpeg-1,parallelism_ffmpeg-2,parallelism_librosa,target,memory_queue,acquisition,terminated,feasible,ml_mape
253,2.0,2.0,4.0,2.0,6.0,-1.661791667,,,False,False,
169,4.0,2.0,4.0,2.0,2.0,-0.879925569,,,False,True,
71,4.0,4.0,2.0,8.0,4.0,-0.4445,,,False,True,
0,4.0,2.0,2.0,4.0,4.0,-0.478763889,,,False,True,
187,4.0,2.0,2.0,4.0,2.0,-0.527723514,,,False,False,
71,4.0,4.0,2.0,8.0,4.0,-0.4445,,,False,True,
123,4.0,2.0,2.0,6.0,2.0,-0.461257611,,,False,True,
196,2.0,2.0,2.0,6.0,2.0,-0.53278925,,,False,False,
210,4.0,2.0,2.0,2.0,6.0,-0.572237847,,,False,False,
192,4.0,2.0,2.0,8.0,4.0,-0.5575,,0.08829128723014731,False,False,0.582512481060972
157,4.0,4.0,4.0,8.0,2.0,-0.507875,,0.07804741259445998,False,True,1.0492519606336377
18,4.0,4.0,2.0,6.0,4.0,-0.312747681,,0.06030437888350309,False,True,0.2954033413745569
16,4.0,4.0,4.0,6.0,4.0,-0.309360444,,0.017665688985760923,False,True,0.26731096006595906
29,4.0,4.0,2.0,6.0,6.0,-0.329223611,,0.014195381261426875,False,True,0.02849633369254502
32,4.0,4.0,2.0,4.0,6.0,-0.345415417,,0.013762660338506769,False,True,0.2571123082412566
5,4.0,4.0,4.0,6.0,6.0,-0.289680556,,0.015597591463983327,False,True,1.4679135004703192
3,4.0,4.0,4.0,8.0,6.0,-0.174361111,,0.016954174421543854,False,True,0.6331524579932715
65,4.0,2.0,4.0,8.0,6.0,-0.352691847,,0.007481396622671578,False,True,0.03360254708502726
7,4.0,4.0,4.0,8.0,4.0,-0.233569444,,0.002877268721650779,False,True,0.2605006499975421
