index,parallelism_deepspeech,parallelism_ffmpeg-0,parallelism_ffmpeg-1,parallelism_ffmpeg-2,parallelism_librosa,target,memory_queue,acquisition,terminated,feasible,ml_mape
21,4.0,4.0,2.0,8.0,4.0,-0.313295944,,,False,True,
39,4.0,2.0,4.0,4.0,6.0,-0.354505208,,,False,True,
270,2.0,4.0,2.0,8.0,2.0,-0.836875,,,False,False,
40,2.0,4.0,4.0,6.0,6.0,-0.354989264,,,False,True,
198,2.0,2.0,2.0,4.0,2.0,-0.54725,,,False,False,
13,4.0,4.0,2.0,8.0,6.0,-0.298934014,,,False,True,
245,4.0,4.0,4.0,2.0,6.0,-2.663833333,,,False,False,
13,4.0,4.0,2.0,8.0,6.0,-0.298934014,,,False,True,
7,4.0,4.0,4.0,8.0,4.0,-0.233569444,,,False,True,
59,4.0,2.0,4.0,8.0,4.0,-0.346334431,,0.13380580468324899,False,True,0.3709436944786004
32,4.0,4.0,2.0,4.0,6.0,-0.345415417,,0.10528831496974944,False,True,0.44330997050938764
0,4.0,2.0,2.0,4.0,4.0,-0.478763889,,1.0,False,True,0.36636306694304427
129,4.0,4.0,4.0,4.0,2.0,-0.469290486,,0.10542364814893458,False,True,0.2983574566381614
0,4.0,2.0,2.0,4.0,4.0,-0.478763889,,1.0,False,True,0.018752089570832416
3,4.0,4.0,4.0,8.0,6.0,-0.174361111,,0.09408888929691785,False,True,0.3409413937721833
65,4.0,2.0,4.0,8.0,6.0,-0.352691847,,0.1053713679120264,False,True,0.17251043435068822
0,4.0,2.0,2.0,4.0,4.0,-0.478763889,,1.0,False,True,0.009706479272396124
20,4.0,4.0,2.0,4.0,4.0,-0.320928667,,0.09005180460054078,False,True,0.26196311493659324
30,2.0,4.0,2.0,6.0,6.0,-0.328707986,,0.09413828822280819,False,True,0.504798102031915
