index,parallelism_deepspeech,parallelism_ffmpeg-0,parallelism_ffmpeg-1,parallelism_ffmpeg-2,parallelism_librosa,target,memory_queue,acquisition,terminated,feasible,ml_mape
117,4.0,4.0,2.0,4.0,2.0,-0.462181681,,,False,True,
6,4.0,4.0,4.0,6.0,6.0,-0.263958333,,,False,True,
95,2.0,4.0,2.0,4.0,4.0,-0.576430556,,,False,True,
171,4.0,4.0,2.0,2.0,6.0,-1.776849611,,,False,True,
167,2.0,2.0,4.0,2.0,2.0,-0.826847028,,,False,True,
54,4.0,2.0,4.0,4.0,4.0,-0.355211889,,,False,True,
256,2.0,4.0,2.0,4.0,2.0,-0.640430556,,,False,False,
113,4.0,2.0,4.0,4.0,4.0,-0.496375,,,False,True,
116,2.0,2.0,2.0,4.0,4.0,-0.513097222,,,False,True,
3,4.0,4.0,4.0,8.0,6.0,-0.174361111,,0.48652339869110744,False,True,0.028209998688407355
31,4.0,2.0,4.0,6.0,6.0,-0.327348181,,0.4822258340235734,False,True,0.14614527044465334
16,4.0,4.0,4.0,6.0,4.0,-0.309360444,,0.5940414170836292,False,True,0.13801174429663982
18,4.0,4.0,2.0,6.0,4.0,-0.312747681,,0.4425973894639523,False,True,0.0755250368508562
13,4.0,4.0,2.0,8.0,6.0,-0.298934014,,0.599132719792902,False,True,0.763727212929122
40,2.0,4.0,4.0,6.0,6.0,-0.354989264,,0.4157440686395242,False,True,0.5409140051336098
109,4.0,2.0,2.0,4.0,2.0,-0.455934792,,0.4014411377575193,False,True,0.010862138987993535
41,2.0,4.0,4.0,8.0,6.0,-0.336847361,,0.3813208037762266,False,True,0.321478063919778
29,4.0,4.0,2.0,6.0,6.0,-0.329223611,,0.36886014676434375,False,True,0.2947884705854586
30,2.0,4.0,2.0,6.0,6.0,-0.328707986,,0.3620556086746018,False,True,0.6914024371753427
