index,parallelism_deepspeech,parallelism_ffmpeg-0,parallelism_ffmpeg-1,parallelism_ffmpeg-2,parallelism_librosa,target,memory_queue,acquisition,terminated,feasible,ml_mape
269,4.0,4.0,2.0,8.0,2.0,-0.818444444,,,False,False,
203,2.0,2.0,4.0,8.0,2.0,-0.560458333,,,False,False,
144,2.0,4.0,4.0,2.0,6.0,-2.553500542,,,False,True,
95,2.0,4.0,2.0,4.0,4.0,-0.576430556,,,False,True,
47,2.0,2.0,4.0,8.0,6.0,-0.339389972,,,False,True,
78,4.0,4.0,2.0,6.0,6.0,-0.430708333,,,False,True,
85,4.0,4.0,4.0,4.0,6.0,-1.020666667,,,False,True,
270,2.0,4.0,2.0,8.0,2.0,-0.836875,,,False,False,
77,4.0,4.0,2.0,8.0,6.0,-0.411388889,,,False,True,
44,4.0,2.0,4.0,6.0,4.0,-0.349742236,,0.8585193890081289,False,True,0.04274622342715691
129,4.0,4.0,4.0,4.0,2.0,-0.469290486,,0.7095857928333951,False,True,0.004707877572531508
7,4.0,4.0,4.0,8.0,4.0,-0.233569444,,0.6606418352739636,False,True,1.6071966131190052
3,4.0,4.0,4.0,8.0,6.0,-0.174361111,,1.0,False,True,0.759425294972777
65,4.0,2.0,4.0,8.0,6.0,-0.352691847,,0.5192861188412844,False,True,0.19831981468986007
41,2.0,4.0,4.0,8.0,6.0,-0.336847361,,0.3778818952507827,False,True,0.99434310959379
198,2.0,2.0,2.0,4.0,2.0,-0.54725,,0.4426447995148243,False,False,0.2142741741362481
16,4.0,4.0,4.0,6.0,4.0,-0.309360444,,0.2608004706870152,False,True,0.2619105728150483
3,4.0,4.0,4.0,8.0,6.0,-0.174361111,,1.0,False,True,0.04359344919503419
52,2.0,2.0,2.0,6.0,6.0,-0.341679014,,0.18584809764041266,False,True,0.47528721055673606
