index,parallelism_deepspeech,parallelism_ffmpeg-0,parallelism_ffmpeg-1,parallelism_ffmpeg-2,parallelism_librosa,target,memory_queue,acquisition,terminated,feasible,ml_mape
246,4.0,2.0,4.0,2.0,6.0,-1.744666667,,,False,False,
237,2.0,4.0,4.0,2.0,2.0,-0.970541667,,,False,False,
18,4.0,4.0,2.0,6.0,4.0,-0.312747681,,,False,True,
136,4.0,2.0,4.0,6.0,6.0,-0.483944444,,,False,True,
182,4.0,4.0,2.0,2.0,2.0,-1.021298139,,,False,False,
31,4.0,2.0,4.0,6.0,6.0,-0.327348181,,,False,True,
23,2.0,4.0,4.0,4.0,4.0,-0.457704472,,,False,True,
173,2.0,2.0,4.0,2.0,2.0,-0.982603028,,,False,True,
253,2.0,2.0,4.0,2.0,6.0,-1.661791667,,,False,False,
203,2.0,2.0,4.0,8.0,2.0,-0.560458333,,0.033731865978627436,False,False,0.8591310315271581
16,4.0,4.0,4.0,6.0,4.0,-0.309360444,,0.14158894803905053,False,True,0.273268209227227
35,2.0,4.0,2.0,6.0,4.0,-0.329550403,,0.12847802341834083,False,True,0.46252430480167783
44,4.0,2.0,4.0,6.0,4.0,-0.349742236,,0.12586201432757496,False,True,0.17075926926453253
41,2.0,4.0,4.0,8.0,6.0,-0.336847361,,0.045100555955055056,False,True,0.3912960564885212
40,2.0,4.0,4.0,6.0,6.0,-0.354989264,,0.14787881099148864,False,True,0.22913381044592251
53,2.0,2.0,4.0,4.0,4.0,-0.353006875,,0.04978880671744436,False,True,0.03956505655932164
43,2.0,2.0,4.0,6.0,4.0,-0.338625681,,0.17306660881725197,False,True,0.00770303895843642
5,4.0,4.0,4.0,6.0,6.0,-0.289680556,,0.1180117891715292,False,True,1.3985709277789906
29,4.0,4.0,2.0,6.0,6.0,-0.329223611,,0.10707018938945574,False,True,0.07839208726920252
