index,parallelism_deepspeech,parallelism_ffmpeg-0,parallelism_ffmpeg-1,parallelism_ffmpeg-2,parallelism_librosa,target,memory_queue,acquisition,terminated,feasible,ml_mape
87,4.0,2.0,4.0,4.0,2.0,-0.421543819,,,False,True,
87,4.0,2.0,4.0,4.0,2.0,-0.421543819,,,False,True,
54,4.0,2.0,4.0,4.0,4.0,-0.355211889,,,False,True,
219,2.0,4.0,2.0,6.0,2.0,-0.582208333,,,False,False,
72,4.0,2.0,2.0,2.0,4.0,-0.389361375,,,False,True,
21,4.0,4.0,2.0,8.0,4.0,-0.313295944,,,False,True,
227,2.0,4.0,2.0,2.0,6.0,-2.084416667,,,False,False,
213,2.0,4.0,4.0,6.0,2.0,-0.56625,,,False,False,
93,2.0,4.0,2.0,8.0,4.0,-0.449402778,,,False,True,
3,4.0,4.0,4.0,8.0,6.0,-0.174361111,,0.6802364612388495,False,True,0.42976720350704056
41,2.0,4.0,4.0,8.0,6.0,-0.336847361,,0.42200913162019044,False,True,0.08084824105574018
5,4.0,4.0,4.0,6.0,6.0,-0.289680556,,0.346489067222631,False,True,0.9722182322477927
59,4.0,2.0,4.0,8.0,4.0,-0.346334431,,0.6453793079594142,False,True,0.37759472215771545
58,4.0,2.0,2.0,8.0,6.0,-0.368771528,,0.5674556803432754,False,True,0.07889008612792744
157,4.0,4.0,4.0,8.0,2.0,-0.507875,,0.37438397263441037,False,True,0.16789574029170976
31,4.0,2.0,4.0,6.0,6.0,-0.327348181,,0.2418416844010255,False,True,0.009911001798494978
17,4.0,2.0,2.0,6.0,4.0,-0.3125,,0.18211079950094627,False,True,0.32223563144307893
13,4.0,4.0,2.0,8.0,6.0,-0.298934014,,0.0932452299877946,False,True,0.33822947379213064
156,2.0,2.0,2.0,2.0,2.0,-0.8476465,,0.18309202387839532,False,True,0.024082166320089346
