index,parallelism_deepspeech,parallelism_ffmpeg-0,parallelism_ffmpeg-1,parallelism_ffmpeg-2,parallelism_librosa,target,memory_queue,acquisition,terminated,feasible,ml_mape
7,4.0,4.0,4.0,8.0,4.0,-0.233569444,,,False,True,
86,4.0,4.0,2.0,4.0,6.0,-0.514958333,,,False,True,
248,2.0,4.0,4.0,2.0,2.0,-1.079555556,,,False,False,
29,4.0,4.0,2.0,6.0,6.0,-0.329223611,,,False,True,
233,4.0,4.0,2.0,2.0,2.0,-1.0745,,,False,False,
154,4.0,4.0,4.0,2.0,6.0,-2.677372167,,,False,True,
182,4.0,4.0,2.0,2.0,2.0,-1.021298139,,,False,False,
255,2.0,2.0,2.0,4.0,6.0,-0.638375,,,False,False,
121,4.0,4.0,2.0,8.0,2.0,-0.475219681,,,False,True,
3,4.0,4.0,4.0,8.0,6.0,-0.174361111,,0.7963876577763389,False,True,0.2723444764006799
13,4.0,4.0,2.0,8.0,6.0,-0.298934014,,0.7122033433720834,False,True,0.15302598291515282
137,2.0,4.0,4.0,8.0,2.0,-0.471614069,,0.5729723813663165,False,True,0.15316054293546474
19,2.0,4.0,2.0,8.0,4.0,-0.314709528,,0.5421499928569619,False,True,0.9396974323103688
41,2.0,4.0,4.0,8.0,6.0,-0.336847361,,0.5838993998100557,False,True,0.5233121635873159
30,2.0,4.0,2.0,6.0,6.0,-0.328707986,,0.45881548148097767,False,True,0.2873125832115534
114,2.0,4.0,2.0,6.0,2.0,-0.45505725,,0.3784657377043042,False,True,0.17230898352771631
18,4.0,4.0,2.0,6.0,4.0,-0.312747681,,0.32480323205053235,False,True,0.1998171788005208
107,4.0,4.0,4.0,6.0,2.0,-0.446536125,,0.2332961885965465,False,True,0.2499510899394375
33,2.0,4.0,2.0,8.0,6.0,-0.326393083,,0.18720755778191212,False,True,0.028639383598187886
