index,parallelism_deepspeech,parallelism_ffmpeg-0,parallelism_ffmpeg-1,parallelism_ffmpeg-2,parallelism_librosa,target,memory_queue,acquisition,terminated,feasible,ml_mape
195,2.0,4.0,2.0,4.0,2.0,-0.529499708,,,False,False,
203,2.0,2.0,4.0,8.0,2.0,-0.560458333,,,False,False,
79,4.0,4.0,2.0,6.0,6.0,-0.416763889,,,False,True,
92,2.0,4.0,4.0,8.0,4.0,-0.452111111,,,False,True,
240,4.0,2.0,4.0,2.0,2.0,-1.144777778,,,False,False,
28,2.0,4.0,4.0,4.0,4.0,-0.407666667,,,False,True,
175,2.0,2.0,4.0,2.0,4.0,-1.691752611,,,False,False,
175,2.0,2.0,4.0,2.0,4.0,-1.691752611,,,False,False,
141,2.0,2.0,2.0,8.0,6.0,-0.486847222,,,False,True,
35,2.0,4.0,2.0,6.0,4.0,-0.329550403,,0.15520745567035446,False,True,0.7151628843036753
30,2.0,4.0,2.0,6.0,6.0,-0.328707986,,0.15314208875418556,False,True,0.8178171866800755
40,2.0,4.0,4.0,6.0,6.0,-0.354989264,,0.15626701369049967,False,True,0.16097961866204494
36,2.0,4.0,2.0,4.0,4.0,-0.359824042,,0.06348718798922952,False,True,0.05909116272079248
3,4.0,4.0,4.0,8.0,6.0,-0.174361111,,0.06628555576793113,False,True,2.4855932628583286
5,4.0,4.0,4.0,6.0,6.0,-0.289680556,,0.04254966084374216,False,True,1.0841128172073635
41,2.0,4.0,4.0,8.0,6.0,-0.336847361,,0.1056622225830524,False,True,0.014290522840484059
7,4.0,4.0,4.0,8.0,4.0,-0.233569444,,0.04490663495359985,False,True,0.4170578079029639
8,2.0,2.0,2.0,8.0,4.0,-0.240564167,,0.04734122367718671,False,True,0.38916733602610815
9,4.0,4.0,4.0,4.0,6.0,-0.68646125,,0.04923170621683494,False,True,0.9899908321897805
