index,parallelism_deepspeech,parallelism_ffmpeg-0,parallelism_ffmpeg-1,parallelism_ffmpeg-2,parallelism_librosa,target,memory_queue,acquisition,terminated,feasible,ml_mape
262,4.0,2.0,2.0,2.0,6.0,-0.753805556,,,False,False,
94,2.0,4.0,2.0,6.0,6.0,-0.453180556,,,False,True,
69,4.0,2.0,2.0,8.0,6.0,-0.358575153,,,False,True,
120,4.0,2.0,2.0,8.0,6.0,-0.472138889,,,False,True,
248,2.0,4.0,4.0,2.0,2.0,-1.079555556,,,False,False,
32,4.0,4.0,2.0,4.0,6.0,-0.345415417,,,False,True,
14,4.0,4.0,4.0,4.0,4.0,-0.506810167,,,False,True,
187,4.0,2.0,2.0,4.0,2.0,-0.527723514,,,False,False,
49,2.0,2.0,2.0,4.0,4.0,-0.340263431,,,False,True,
0,4.0,2.0,2.0,4.0,4.0,-0.478763889,,0.02393285137742083,False,True,0.20470591925903836
29,4.0,4.0,2.0,6.0,6.0,-0.329223611,,0.9173086514724589,False,True,0.18445734633678687
73,2.0,2.0,2.0,6.0,4.0,-0.397555556,,0.8481787874335862,False,True,0.06369153483766507
31,4.0,2.0,4.0,6.0,6.0,-0.327348181,,0.9108757397439018,False,True,0.8805350294627428
5,4.0,4.0,4.0,6.0,6.0,-0.289680556,,1.0,False,True,0.03960698806791893
3,4.0,4.0,4.0,8.0,6.0,-0.174361111,,0.9750300889282171,False,True,0.3456982098424016
7,4.0,4.0,4.0,8.0,4.0,-0.233569444,,0.9126777413920405,False,True,0.9277458660989936
59,4.0,2.0,4.0,8.0,4.0,-0.346334431,,0.9354703188366431,False,True,0.5474079728138552
41,2.0,4.0,4.0,8.0,6.0,-0.336847361,,0.8000029982442829,False,True,0.4628350118283243
157,4.0,4.0,4.0,8.0,2.0,-0.507875,,0.882388675868651,False,True,0.08743485072646598
