index,parallelism_deepspeech,parallelism_ffmpeg-0,parallelism_ffmpeg-1,parallelism_ffmpeg-2,parallelism_librosa,target,memory_queue,acquisition,terminated,feasible,ml_mape
129,4.0,4.0,4.0,4.0,2.0,-0.469290486,,,False,True,
150,4.0,2.0,2.0,2.0,4.0,-1.702361111,,,False,True,
146,2.0,2.0,2.0,6.0,6.0,-0.489805556,,,False,True,
224,2.0,4.0,2.0,2.0,2.0,-1.002263889,,,False,False,
176,4.0,2.0,4.0,2.0,4.0,-1.436454722,,,False,False,
51,4.0,4.0,2.0,8.0,6.0,-0.361694444,,,False,True,
140,2.0,2.0,4.0,6.0,6.0,-0.489888889,,,False,True,
116,2.0,2.0,2.0,4.0,4.0,-0.513097222,,,False,True,
248,2.0,4.0,4.0,2.0,2.0,-1.079555556,,,False,False,
157,4.0,4.0,4.0,8.0,2.0,-0.507875,,0.5129064467419134,False,True,0.8795360863788242
16,4.0,4.0,4.0,6.0,4.0,-0.309360444,,0.2736250183241867,False,True,0.32055821101004267
3,4.0,4.0,4.0,8.0,6.0,-0.174361111,,0.2024966805093136,False,True,0.7759720609251131
59,4.0,2.0,4.0,8.0,4.0,-0.346334431,,0.38094727223939384,False,True,0.22910315854821384
75,2.0,2.0,4.0,6.0,2.0,-0.391723917,,0.24421914174112155,False,True,0.445599952985541
41,2.0,4.0,4.0,8.0,6.0,-0.336847361,,0.18091413901665895,False,True,0.49387119176689914
8,2.0,2.0,2.0,8.0,4.0,-0.240564167,,0.11343745264132911,False,True,1.9800472759942593
65,4.0,2.0,4.0,8.0,6.0,-0.352691847,,0.08813272391153194,False,True,0.2975068564807157
128,2.0,2.0,2.0,8.0,2.0,-0.468699931,,0.05284899221305265,False,True,0.38758421328597503
46,2.0,2.0,4.0,8.0,4.0,-0.341116875,,0.04646689393697239,False,True,0.5314827615233481
