index,parallelism_deepspeech,parallelism_ffmpeg-0,parallelism_ffmpeg-1,parallelism_ffmpeg-2,parallelism_librosa,target,memory_queue,acquisition,terminated,feasible,ml_mape
84,2.0,4.0,4.0,4.0,6.0,-0.990777778,,,False,True,
170,4.0,2.0,4.0,2.0,4.0,-1.748654097,,,False,True,
160,4.0,4.0,4.0,2.0,2.0,-0.833162361,,,False,True,
152,2.0,2.0,4.0,4.0,2.0,-0.505361111,,,False,True,
227,2.0,4.0,2.0,2.0,6.0,-2.084416667,,,False,False,
211,4.0,2.0,2.0,8.0,4.0,-0.55837625,,,False,False,
87,4.0,2.0,4.0,4.0,2.0,-0.421543819,,,False,True,
265,2.0,2.0,2.0,8.0,2.0,-0.723914528,,,False,False,
44,4.0,2.0,4.0,6.0,4.0,-0.349742236,,,False,True,
101,4.0,2.0,4.0,6.0,2.0,-0.441108292,,0.6442191541047391,False,True,0.18867464609549064
59,4.0,2.0,4.0,8.0,4.0,-0.346334431,,0.4379860041956986,False,True,0.0632701573378137
47,2.0,2.0,4.0,8.0,6.0,-0.339389972,,0.4136797982593502,False,True,0.5384532582967165
41,2.0,4.0,4.0,8.0,6.0,-0.336847361,,0.41200120361377973,False,True,0.33620965164660377
23,2.0,4.0,4.0,4.0,4.0,-0.457704472,,0.7403981253946225,False,True,0.4484031221709172
12,4.0,4.0,4.0,4.0,4.0,-0.457125,,0.7378080733144782,False,True,0.6302285481456852
65,4.0,2.0,4.0,8.0,6.0,-0.352691847,,0.5232581621514774,False,True,0.07981435486453373
169,4.0,2.0,4.0,2.0,2.0,-0.879925569,,0.2760745978288732,False,True,0.04919100846449549
137,2.0,4.0,4.0,8.0,2.0,-0.471614069,,0.3635545096383736,False,True,0.4831105022436236
31,4.0,2.0,4.0,6.0,6.0,-0.327348181,,0.3578050146352757,False,True,0.09703050561325496
