index,parallelism_deepspeech,parallelism_ffmpeg-0,parallelism_ffmpeg-1,parallelism_ffmpeg-2,parallelism_librosa,target,memory_queue,acquisition,terminated,feasible,ml_mape
265,2.0,2.0,2.0,8.0,2.0,-0.723914528,,,False,False,
38,2.0,4.0,2.0,6.0,6.0,-0.332537986,,,False,True,
242,2.0,2.0,4.0,2.0,6.0,-1.715388889,,,False,False,
217,2.0,4.0,4.0,4.0,2.0,-0.575930556,,,False,False,
132,4.0,2.0,2.0,4.0,2.0,-0.474599083,,,False,True,
96,2.0,4.0,2.0,4.0,6.0,-0.516527778,,,False,True,
221,2.0,4.0,4.0,4.0,2.0,-0.581986111,,,False,False,
3,4.0,4.0,4.0,8.0,6.0,-0.174361111,,,False,True,
142,4.0,2.0,4.0,8.0,4.0,-0.48625,,,False,True,
13,4.0,4.0,2.0,8.0,6.0,-0.298934014,,0.01919870303671152,False,True,0.941726458450265
5,4.0,4.0,4.0,6.0,6.0,-0.289680556,,0.04283575349223774,False,True,0.37285754677198935
41,2.0,4.0,4.0,8.0,6.0,-0.336847361,,0.04218516198373864,False,True,0.5089788807418965
7,4.0,4.0,4.0,8.0,4.0,-0.233569444,,0.03397474929631403,False,True,0.36625171649753907
65,4.0,2.0,4.0,8.0,6.0,-0.352691847,,0.023314862304710134,False,True,0.31566128387125875
104,4.0,2.0,2.0,6.0,2.0,-0.445360833,,0.02097114036061602,False,True,0.27234106719609463
40,2.0,4.0,4.0,6.0,6.0,-0.354989264,,0.023913113553306248,False,True,0.0005100121115339818
58,4.0,2.0,2.0,8.0,6.0,-0.368771528,,0.026377727590742122,False,True,0.422113358296247
207,2.0,2.0,2.0,2.0,6.0,-2.025200306,,0.014651506527081795,False,False,0.09483360741652808
144,2.0,4.0,4.0,2.0,6.0,-2.553500542,,0.03207049795721187,False,True,0.019525967684063575
