index,parallelism_deepspeech,parallelism_ffmpeg-0,parallelism_ffmpeg-1,parallelism_ffmpeg-2,parallelism_librosa,target,memory_queue,acquisition,terminated,feasible,ml_mape
237,2.0,4.0,4.0,2.0,2.0,-0.970541667,,,False,False,
104,4.0,2.0,2.0,6.0,2.0,-0.445360833,,,False,True,
217,2.0,4.0,4.0,4.0,2.0,-0.575930556,,,False,False,
103,2.0,4.0,4.0,6.0,6.0,-0.725972222,,,False,True,
60,2.0,2.0,4.0,6.0,6.0,-0.347250847,,,False,True,
234,4.0,4.0,4.0,2.0,2.0,-0.777097222,,,False,False,
94,2.0,4.0,2.0,6.0,6.0,-0.453180556,,,False,True,
101,4.0,2.0,4.0,6.0,2.0,-0.441108292,,,False,True,
268,4.0,4.0,2.0,4.0,2.0,-0.752026028,,,False,False,
58,4.0,2.0,2.0,8.0,6.0,-0.368771528,,0.9650093988249451,False,True,1.0537152707640713
52,2.0,2.0,2.0,6.0,6.0,-0.341679014,,0.017430840564337646,False,True,0.1702284559783275
61,2.0,2.0,2.0,8.0,6.0,-0.3464265,,0.030196886371100847,False,True,1.3322677488036094
8,2.0,2.0,2.0,8.0,4.0,-0.240564167,,0.02485389893724127,False,True,0.7315019884469777
128,2.0,2.0,2.0,8.0,2.0,-0.468699931,,0.017023129029540514,False,True,0.9080751798775303
73,2.0,2.0,2.0,6.0,4.0,-0.397555556,,0.014177882406764918,False,True,0.6889027684071255
46,2.0,2.0,4.0,8.0,4.0,-0.341116875,,0.014725213800607713,False,True,0.12366679283535598
192,4.0,2.0,2.0,8.0,4.0,-0.5575,,0.01354975268787998,False,False,0.33442996230619704
31,4.0,2.0,4.0,6.0,6.0,-0.327348181,,0.008535897877953417,False,True,0.20867735573887047
19,2.0,4.0,2.0,8.0,4.0,-0.314709528,,0.006010305873728489,False,True,0.2853085458591355
