index,parallelism_deepspeech,parallelism_ffmpeg-0,parallelism_ffmpeg-1,parallelism_ffmpeg-2,parallelism_librosa,target,memory_queue,acquisition,terminated,feasible,ml_mape
14,4.0,4.0,4.0,4.0,4.0,-0.506810167,,,False,True,
228,2.0,2.0,2.0,2.0,4.0,-1.829888889,,,False,False,
101,4.0,2.0,4.0,6.0,2.0,-0.441108292,,,False,True,
121,4.0,4.0,2.0,8.0,2.0,-0.475219681,,,False,True,
176,4.0,2.0,4.0,2.0,4.0,-1.436454722,,,False,False,
119,4.0,4.0,4.0,6.0,2.0,-0.464861111,,,False,True,
21,4.0,4.0,2.0,8.0,4.0,-0.313295944,,,False,True,
124,2.0,2.0,4.0,4.0,6.0,-0.550736111,,,False,True,
220,4.0,2.0,4.0,2.0,6.0,-0.579277778,,,False,False,
41,2.0,4.0,4.0,8.0,6.0,-0.336847361,,0.6289857140370987,False,True,0.5104160494140524
65,4.0,2.0,4.0,8.0,6.0,-0.352691847,,0.9981489605710723,False,True,0.5204629239959665
5,4.0,4.0,4.0,6.0,6.0,-0.289680556,,0.9999576938883225,False,True,0.1985087357536749
144,2.0,4.0,4.0,2.0,6.0,-2.553500542,,0.9056824081049049,False,True,0.5059268594795729
203,2.0,2.0,4.0,8.0,2.0,-0.560458333,,0.9070400174113133,False,False,0.3000522691924772
32,4.0,4.0,2.0,4.0,6.0,-0.345415417,,0.8915243760278113,False,True,0.06445126130046597
35,2.0,4.0,2.0,6.0,4.0,-0.329550403,,0.9199775970901332,False,True,0.5963652280098005
55,4.0,2.0,2.0,6.0,6.0,-0.347265153,,0.9570523511493496,False,True,0.9949159692946339
15,2.0,4.0,4.0,4.0,6.0,-0.782349653,,0.8446836867086291,False,True,0.04461805378582518
44,4.0,2.0,4.0,6.0,4.0,-0.349742236,,0.9191156739268052,False,True,0.1575382102520178
