index,parallelism_deepspeech,parallelism_ffmpeg-0,parallelism_ffmpeg-1,parallelism_ffmpeg-2,parallelism_librosa,target,memory_queue,acquisition,terminated,feasible,ml_mape
110,2.0,2.0,2.0,4.0,6.0,-0.468694444,,,False,True,
76,4.0,4.0,2.0,6.0,4.0,-0.409236111,,,False,True,
63,4.0,2.0,2.0,6.0,6.0,-0.363416389,,,False,True,
128,2.0,2.0,2.0,8.0,2.0,-0.468699931,,,False,True,
182,4.0,4.0,2.0,2.0,2.0,-1.021298139,,,False,False,
90,2.0,4.0,4.0,6.0,6.0,-0.589277778,,,False,True,
105,2.0,4.0,2.0,8.0,4.0,-0.476013889,,,False,True,
73,2.0,2.0,2.0,6.0,4.0,-0.397555556,,,False,True,
41,2.0,4.0,4.0,8.0,6.0,-0.336847361,,,False,True,
0,4.0,2.0,2.0,4.0,4.0,-0.478763889,,1.0,False,True,0.13535449643057507
65,4.0,2.0,4.0,8.0,6.0,-0.352691847,,0.01901157627882063,False,True,0.5192649572440192
58,4.0,2.0,2.0,8.0,6.0,-0.368771528,,0.02036702457881892,False,True,0.35510062648258206
47,2.0,2.0,4.0,8.0,6.0,-0.339389972,,0.03394532441213876,False,True,0.12001348312125953
137,2.0,4.0,4.0,8.0,2.0,-0.471614069,,0.023065272699320398,False,True,0.4251621174244357
0,4.0,2.0,2.0,4.0,4.0,-0.478763889,,1.0,False,True,0.02310957119121697
32,4.0,4.0,2.0,4.0,6.0,-0.345415417,,0.019103414784903613,False,True,0.029712102281434005
3,4.0,4.0,4.0,8.0,6.0,-0.174361111,,0.019574341046509798,False,True,1.50019889313423
7,4.0,4.0,4.0,8.0,4.0,-0.233569444,,0.005829984629898678,False,True,0.4375895927830574
139,4.0,4.0,4.0,2.0,6.0,-2.581552792,,0.004898213423906891,False,True,0.15704148991050224
