index,parallelism_deepspeech,parallelism_ffmpeg-0,parallelism_ffmpeg-1,parallelism_ffmpeg-2,parallelism_librosa,target,memory_queue,acquisition,terminated,feasible,ml_mape
218,4.0,4.0,2.0,6.0,2.0,-0.581611111,,,False,False,
185,4.0,2.0,4.0,6.0,2.0,-0.531611111,,,False,False,
154,4.0,4.0,4.0,2.0,6.0,-2.677372167,,,False,True,
241,2.0,2.0,4.0,2.0,2.0,-1.150944444,,,False,False,
210,4.0,2.0,2.0,2.0,6.0,-0.572237847,,,False,False,
215,2.0,4.0,4.0,8.0,2.0,-0.575388889,,,False,False,
217,2.0,4.0,4.0,4.0,2.0,-0.575930556,,,False,False,
20,4.0,4.0,2.0,4.0,4.0,-0.320928667,,,False,True,
29,4.0,4.0,2.0,6.0,6.0,-0.329223611,,,False,True,
164,4.0,4.0,2.0,2.0,4.0,-1.723588111,,0.6256624483258101,False,True,0.5389115232003341
3,4.0,4.0,4.0,8.0,6.0,-0.174361111,,0.7876603678146591,False,True,1.3617771267908916
41,2.0,4.0,4.0,8.0,6.0,-0.336847361,,0.4845719849848258,False,True,0.28505957274581073
7,4.0,4.0,4.0,8.0,4.0,-0.233569444,,0.41367911849350036,False,True,0.2959148493637289
5,4.0,4.0,4.0,6.0,6.0,-0.289680556,,0.481732385467992,False,True,0.7382032290448436
19,2.0,4.0,2.0,8.0,4.0,-0.314709528,,0.7003328112488819,False,True,0.7409561206283654
21,4.0,4.0,2.0,8.0,4.0,-0.313295944,,0.5683978823039086,False,True,0.13317422680825264
192,4.0,2.0,2.0,8.0,4.0,-0.5575,,0.42963754780390156,False,False,0.13048076140834303
13,4.0,4.0,2.0,8.0,6.0,-0.298934014,,0.36735431838589394,False,True,0.014949325249755865
36,2.0,4.0,2.0,4.0,4.0,-0.359824042,,0.3565140914124818,False,True,0.35574827370271944
