index,parallelism_deepspeech,parallelism_ffmpeg-0,parallelism_ffmpeg-1,parallelism_ffmpeg-2,parallelism_librosa,target,memory_queue,acquisition,terminated,feasible,ml_mape
204,4.0,4.0,4.0,4.0,2.0,-0.556930556,,,False,False,
174,2.0,2.0,2.0,2.0,4.0,-1.632116264,,,False,False,
124,2.0,2.0,4.0,4.0,6.0,-0.550736111,,,False,True,
36,2.0,4.0,2.0,4.0,4.0,-0.359824042,,,False,True,
180,2.0,4.0,2.0,2.0,6.0,-1.863021056,,,False,False,
230,2.0,4.0,2.0,2.0,4.0,-2.073611111,,,False,False,
175,2.0,2.0,4.0,2.0,4.0,-1.691752611,,,False,False,
9,4.0,4.0,4.0,4.0,6.0,-0.68646125,,,False,True,
95,2.0,4.0,2.0,4.0,4.0,-0.576430556,,,False,True,
35,2.0,4.0,2.0,6.0,4.0,-0.329550403,,0.05753325890229369,False,True,0.9515355741378582
40,2.0,4.0,4.0,6.0,6.0,-0.354989264,,0.11601622986929525,False,True,0.1613258728667726
18,4.0,4.0,2.0,6.0,4.0,-0.312747681,,0.1177418846841038,False,True,0.5707166068178492
16,4.0,4.0,4.0,6.0,4.0,-0.309360444,,0.11907299817642941,False,True,0.34377469455540915
31,4.0,2.0,4.0,6.0,6.0,-0.327348181,,0.11224731842388441,False,True,0.08760715283416987
52,2.0,2.0,2.0,6.0,6.0,-0.341679014,,0.11062243975323625,False,True,0.6514755088470899
30,2.0,4.0,2.0,6.0,6.0,-0.328707986,,0.0880009549365801,False,True,0.7861029478392503
125,2.0,4.0,4.0,6.0,2.0,-0.4634665,,0.10467174769504517,False,True,0.47855415247979527
17,4.0,2.0,2.0,6.0,4.0,-0.3125,,0.10497900322429196,False,True,0.323622279471566
153,4.0,4.0,2.0,6.0,2.0,-0.487353861,,0.09140740905568293,False,True,0.1134014794715093
