index,parallelism_deepspeech,parallelism_ffmpeg-0,parallelism_ffmpeg-1,parallelism_ffmpeg-2,parallelism_librosa,target,memory_queue,acquisition,terminated,feasible,ml_mape
261,4.0,2.0,4.0,6.0,2.0,-0.702819444,,,False,False,
260,2.0,2.0,4.0,4.0,2.0,-0.681861111,,,False,False,
129,4.0,4.0,4.0,4.0,2.0,-0.469290486,,,False,True,
89,2.0,4.0,4.0,4.0,4.0,-0.765861111,,,False,True,
16,4.0,4.0,4.0,6.0,4.0,-0.309360444,,,False,True,
129,4.0,4.0,4.0,4.0,2.0,-0.469290486,,,False,True,
146,2.0,2.0,2.0,6.0,6.0,-0.489805556,,,False,True,
97,2.0,4.0,4.0,8.0,4.0,-0.457888889,,,False,True,
217,2.0,4.0,4.0,4.0,2.0,-0.575930556,,,False,False,
5,4.0,4.0,4.0,6.0,6.0,-0.289680556,,0.002168802512861345,False,True,0.8157224852923421
29,4.0,4.0,2.0,6.0,6.0,-0.329223611,,0.008802781807914536,False,True,0.7606045033782641
3,4.0,4.0,4.0,8.0,6.0,-0.174361111,,0.012575707637070577,False,True,0.3869492892634213
13,4.0,4.0,2.0,8.0,6.0,-0.298934014,,0.008394788984915722,False,True,0.05742819763990152
41,2.0,4.0,4.0,8.0,6.0,-0.336847361,,0.002396362164177916,False,True,0.38235916286895605
65,4.0,2.0,4.0,8.0,6.0,-0.352691847,,0.004984431767069163,False,True,0.19327851813437727
7,4.0,4.0,4.0,8.0,4.0,-0.233569444,,0.002367307868215809,False,True,0.6011134647113613
165,4.0,4.0,2.0,2.0,6.0,-1.700916667,,0.0009324513100474765,False,True,0.40204119167323216
61,2.0,2.0,2.0,8.0,6.0,-0.3464265,,0.0032754639189633544,False,True,0.7229404105025559
33,2.0,4.0,2.0,8.0,6.0,-0.326393083,,0.002654986491551979,False,True,0.3517902518224893
