index,parallelism_deepspeech,parallelism_ffmpeg-0,parallelism_ffmpeg-1,parallelism_ffmpeg-2,parallelism_librosa,target,memory_queue,acquisition,terminated,feasible,ml_mape
145,2.0,2.0,4.0,6.0,4.0,-0.503777778,,,False,True,
133,2.0,2.0,4.0,6.0,4.0,-0.483902778,,,False,True,
207,2.0,2.0,2.0,2.0,6.0,-2.025200306,,,False,False,
273,4.0,4.0,2.0,4.0,2.0,-0.848291667,,,False,False,
237,2.0,4.0,4.0,2.0,2.0,-0.970541667,,,False,False,
70,4.0,2.0,4.0,6.0,6.0,-0.376416667,,,False,True,
250,4.0,2.0,2.0,8.0,2.0,-0.634722222,,,False,False,
81,2.0,4.0,2.0,6.0,4.0,-0.425430208,,,False,True,
125,2.0,4.0,4.0,6.0,2.0,-0.4634665,,,False,True,
3,4.0,4.0,4.0,8.0,6.0,-0.174361111,,0.14382051977591404,False,True,1.676794995838677
41,2.0,4.0,4.0,8.0,6.0,-0.336847361,,0.07024173007524392,False,True,1.1676788890105654
65,4.0,2.0,4.0,8.0,6.0,-0.352691847,,0.04879505520878632,False,True,0.2014515118237606
7,4.0,4.0,4.0,8.0,4.0,-0.233569444,,0.04003312586317723,False,True,0.5387743627751164
13,4.0,4.0,2.0,8.0,6.0,-0.298934014,,0.029351173522240284,False,True,0.06075173536573663
5,4.0,4.0,4.0,6.0,6.0,-0.289680556,,0.01729428877359184,False,True,0.5068551758625965
19,2.0,4.0,2.0,8.0,4.0,-0.314709528,,0.011833728541859599,False,True,0.2087979356123192
25,2.0,4.0,4.0,8.0,4.0,-0.322285514,,0.005191102762506554,False,True,0.1241486624507323
16,4.0,4.0,4.0,6.0,4.0,-0.309360444,,0.0035296886705346083,False,True,0.09027635433447964
21,4.0,4.0,2.0,8.0,4.0,-0.313295944,,0.0013113678166544135,False,True,0.4296491266313208
