index,#vm,ram,target,memory_queue,acquisition,terminated,feasible,ml_mape
296,23.0,0.2,-8494383.0,,,False,False,
424,8.0,0.7,-3870912.0,,,False,False,
632,26.0,0.7,-4453878.0,,,False,True,
0,3.0,0.2,-6782883.0,,0.0,False,False,0.7560003208384225
249,21.0,0.2,-9138129.0,,92.3578661253451,False,False,0.7887181378115131
432,10.0,0.7,-3821980.0,,356.9831972458386,False,False,0.6061638043877621
173,16.0,0.2,-9021200.0,,133.45402374226603,False,False,0.6944829675188184
473,12.0,0.7,-5478492.0,,0.001893598870797542,False,False,0.7503401705974927
10,4.0,0.2,-8015384.0,,0.0,False,False,0.04773680465507092
494,14.0,0.7,-4082512.0,,2.519137397642695e-10,False,False,0.797672012471257
604,24.0,0.7,-4437600.0,,0.004874084545022608,False,True,0.8776495016797956
515,16.0,0.7,-4027792.0,,218.86761570125472,False,False,0.8519820938564218
583,22.0,0.7,-4142446.0,,330.5884898753854,False,True,0.8102077651049171
562,20.0,0.7,-4132180.0,,408.15561109246596,False,False,0.8227710508853833
541,18.0,0.7,-5813136.0,,470.25193552389777,False,False,0.7508746460647877
20,5.0,0.2,-9436605.0,,0.0,False,False,0.08423053650935534
35,6.0,0.2,-9471234.0,,0.0,False,False,0.01570959259056813
40,7.0,0.2,-10276763.0,,0.0,False,False,0.015679406926650503
63,8.0,0.2,-9751200.0,,0.0,False,False,0.07129129837642412
65,9.0,0.2,-10237491.0,,0.0,False,False,0.02007811787452357
84,10.0,0.2,-10254350.0,,0.0,False,False,0.009286063005969458
92,11.0,0.2,-10798579.0,,0.0,False,False,0.06041740096413385
115,12.0,0.2,-10371108.0,,0.0,False,False,0.038512476253105055
120,13.0,0.2,-8398923.0,,0.0,False,False,0.15594213804224683
150,15.0,0.2,-7718760.0,,0.0,False,False,0.14197769713615357
175,17.0,0.2,-9910167.0,,0.0,False,False,0.1841310505810425
213,18.0,0.2,-9415458.0,,0.0,False,False,0.12800132533889985
215,19.0,0.2,-9311957.0,,0.0,False,False,0.09711959496957188
243,20.0,0.2,-9209900.0,,0.0,False,False,0.04888599336907624
281,22.0,0.2,-8355358.0,,0.0,False,False,0.19362968729136854
314,24.0,0.2,-8312232.0,,0.0,False,False,0.4159076822291215
329,3.0,0.9,-3937797.0,,0.0,False,False,0.007915848773377712
339,4.0,0.9,-2195600.0,,0.0,False,False,1.0955433020342238
