index,parallelism_deepspeech,parallelism_ffmpeg-0,parallelism_ffmpeg-1,parallelism_ffmpeg-2,parallelism_librosa,target,memory_queue,acquisition,terminated,feasible,ml_mape
42,2.0,2.0,4.0,4.0,6.0,-0.343127194,,,False,True,
172,2.0,4.0,2.0,2.0,4.0,-1.909765486,,,False,True,
28,2.0,4.0,4.0,4.0,4.0,-0.407666667,,,False,True,
136,4.0,2.0,4.0,6.0,6.0,-0.483944444,,,False,True,
66,4.0,2.0,4.0,8.0,6.0,-0.366388889,,,False,True,
152,2.0,2.0,4.0,4.0,2.0,-0.505361111,,,False,True,
224,2.0,4.0,2.0,2.0,2.0,-1.002263889,,,False,False,
95,2.0,4.0,2.0,4.0,4.0,-0.576430556,,,False,True,
194,4.0,2.0,2.0,4.0,6.0,-0.529667778,,,False,False,
61,2.0,2.0,2.0,8.0,6.0,-0.3464265,,0.5316676964030607,False,True,0.7953202350147969
47,2.0,2.0,4.0,8.0,6.0,-0.339389972,,0.5878001142781523,False,True,0.5782206143388523
58,4.0,2.0,2.0,8.0,6.0,-0.368771528,,0.5765126833012818,False,True,0.12882404423448632
106,4.0,2.0,4.0,8.0,2.0,-0.456300083,,0.5167417483201424,False,True,0.769859146747319
137,2.0,4.0,4.0,8.0,2.0,-0.471614069,,0.48582686253312996,False,True,0.6154420763312216
52,2.0,2.0,2.0,6.0,6.0,-0.341679014,,0.5125359194644978,False,True,0.10614352660956411
73,2.0,2.0,2.0,6.0,4.0,-0.397555556,,0.5087144663289908,False,True,0.2506024259903684
41,2.0,4.0,4.0,8.0,6.0,-0.336847361,,0.47826143345886996,False,True,0.6142083049875185
60,2.0,2.0,4.0,6.0,6.0,-0.347250847,,0.4051940569066074,False,True,0.10123939659719164
174,2.0,2.0,2.0,2.0,4.0,-1.632116264,,0.36442700236025055,False,False,0.08123346450225266
