index,parallelism_deepspeech,parallelism_ffmpeg-0,parallelism_ffmpeg-1,parallelism_ffmpeg-2,parallelism_librosa,target,memory_queue,acquisition,terminated,feasible,ml_mape
200,4.0,2.0,4.0,4.0,2.0,-0.547041667,,,False,False,
134,4.0,4.0,4.0,4.0,2.0,-0.472590528,,,False,True,
207,2.0,2.0,2.0,2.0,6.0,-2.025200306,,,False,False,
160,4.0,4.0,4.0,2.0,2.0,-0.833162361,,,False,True,
215,2.0,4.0,4.0,8.0,2.0,-0.575388889,,,False,False,
182,4.0,4.0,2.0,2.0,2.0,-1.021298139,,,False,False,
146,2.0,2.0,2.0,6.0,6.0,-0.489805556,,,False,True,
196,2.0,2.0,2.0,6.0,2.0,-0.53278925,,,False,False,
191,2.0,2.0,2.0,6.0,2.0,-0.541027778,,,False,False,
73,2.0,2.0,2.0,6.0,4.0,-0.397555556,,0.1153227374845925,False,True,0.397107668517313
0,4.0,2.0,2.0,4.0,4.0,-0.478763889,,0.060810226371629805,False,True,0.031131693675008155
3,4.0,4.0,4.0,8.0,6.0,-0.174361111,,0.06181410474244725,False,True,0.4772521361515955
5,4.0,4.0,4.0,6.0,6.0,-0.289680556,,0.031118418586564722,False,True,0.8248240281092236
7,4.0,4.0,4.0,8.0,4.0,-0.233569444,,0.03396237155334249,False,True,0.6759439188227807
8,2.0,2.0,2.0,8.0,4.0,-0.240564167,,0.037642621647088426,False,True,1.4826995278814687
16,4.0,4.0,4.0,6.0,4.0,-0.309360444,,0.10416518802478969,False,True,0.04342367387619163
9,4.0,4.0,4.0,4.0,6.0,-0.68646125,,0.04140489029599466,False,True,0.2511113340349228
192,4.0,2.0,2.0,8.0,4.0,-0.5575,,0.08445995276718399,False,False,0.7748316258468768
12,4.0,4.0,4.0,4.0,4.0,-0.457125,,0.034475373689075134,False,True,0.09432686619342238
