index,parallelism_deepspeech,parallelism_ffmpeg-0,parallelism_ffmpeg-1,parallelism_ffmpeg-2,parallelism_librosa,target,memory_queue,acquisition,terminated,feasible,ml_mape
171,4.0,4.0,2.0,2.0,6.0,-1.776849611,,,False,True,
258,4.0,2.0,2.0,8.0,4.0,-0.680513889,,,False,False,
120,4.0,2.0,2.0,8.0,6.0,-0.472138889,,,False,True,
93,2.0,4.0,2.0,8.0,4.0,-0.449402778,,,False,True,
225,2.0,2.0,2.0,2.0,6.0,-1.550319444,,,False,False,
210,4.0,2.0,2.0,2.0,6.0,-0.572237847,,,False,False,
202,2.0,2.0,2.0,4.0,2.0,-0.544842333,,,False,False,
215,2.0,4.0,4.0,8.0,2.0,-0.575388889,,,False,False,
116,2.0,2.0,2.0,4.0,4.0,-0.513097222,,,False,True,
0,4.0,2.0,2.0,4.0,4.0,-0.478763889,,0.42497121105477165,False,True,0.07469976790171319
3,4.0,4.0,4.0,8.0,6.0,-0.174361111,,0.4190895205925951,False,True,0.03868839197420531
5,4.0,4.0,4.0,6.0,6.0,-0.289680556,,0.4985460718881949,False,True,0.14225329308694762
7,4.0,4.0,4.0,8.0,4.0,-0.233569444,,0.5198143305584676,False,True,0.9661315089441762
9,4.0,4.0,4.0,4.0,6.0,-0.68646125,,0.5458765150878495,False,True,0.45416231998161616
12,4.0,4.0,4.0,4.0,4.0,-0.457125,,0.49982484052387777,False,True,0.7040879310441841
13,4.0,4.0,2.0,8.0,6.0,-0.298934014,,0.4798767858966301,False,True,0.5744361103369194
16,4.0,4.0,4.0,6.0,4.0,-0.309360444,,0.5840379060074451,False,True,0.3975105462480832
15,2.0,4.0,4.0,4.0,6.0,-0.782349653,,0.48547444391172834,False,True,0.6114056714696056
18,4.0,4.0,2.0,6.0,4.0,-0.312747681,,0.4505508948707019,False,True,0.2795194785162023
