index,parallelism_deepspeech,parallelism_ffmpeg-0,parallelism_ffmpeg-1,parallelism_ffmpeg-2,parallelism_librosa,target,memory_queue,acquisition,terminated,feasible,ml_mape
137,2.0,4.0,4.0,8.0,2.0,-0.471614069,,,False,True,
223,2.0,2.0,2.0,2.0,2.0,-1.058027778,,,False,False,
101,4.0,2.0,4.0,6.0,2.0,-0.441108292,,,False,True,
144,2.0,4.0,4.0,2.0,6.0,-2.553500542,,,False,True,
235,2.0,2.0,2.0,2.0,4.0,-1.583097222,,,False,False,
70,4.0,2.0,4.0,6.0,6.0,-0.376416667,,,False,True,
3,4.0,4.0,4.0,8.0,6.0,-0.174361111,,,False,True,
150,4.0,2.0,2.0,2.0,4.0,-1.702361111,,,False,True,
49,2.0,2.0,2.0,4.0,4.0,-0.340263431,,,False,True,
73,2.0,2.0,2.0,6.0,4.0,-0.397555556,,0.2646014191401726,False,True,1.2478599656699116
41,2.0,4.0,4.0,8.0,6.0,-0.336847361,,0.06423269863579129,False,True,1.8557096578955836
65,4.0,2.0,4.0,8.0,6.0,-0.352691847,,0.1532508499745394,False,True,0.10831814117979989
58,4.0,2.0,2.0,8.0,6.0,-0.368771528,,0.07224073070200715,False,True,1.904000867397254
13,4.0,4.0,2.0,8.0,6.0,-0.298934014,,0.13741026466787082,False,True,0.7655901329247687
183,4.0,2.0,2.0,8.0,2.0,-0.525085903,,0.07350680506042327,False,False,0.47278097547647696
5,4.0,4.0,4.0,6.0,6.0,-0.289680556,,0.13901222043680647,False,True,0.417526638374667
165,4.0,4.0,2.0,2.0,6.0,-1.700916667,,0.07248455669127532,False,True,0.2606621630414627
170,4.0,2.0,4.0,2.0,4.0,-1.748654097,,0.06610733234565432,False,True,0.12698246694151186
44,4.0,2.0,4.0,6.0,4.0,-0.349742236,,0.14740878307588962,False,True,0.04168261810019283
