index,parallelism_deepspeech,parallelism_ffmpeg-0,parallelism_ffmpeg-1,parallelism_ffmpeg-2,parallelism_librosa,target,memory_queue,acquisition,terminated,feasible,ml_mape
220,4.0,2.0,4.0,2.0,6.0,-0.579277778,,,False,False,
57,4.0,4.0,4.0,8.0,6.0,-0.411472222,,,False,True,
169,4.0,2.0,4.0,2.0,2.0,-0.879925569,,,False,True,
67,4.0,2.0,4.0,4.0,4.0,-0.356944444,,,False,True,
209,2.0,4.0,4.0,8.0,2.0,-0.569402778,,,False,False,
80,4.0,4.0,4.0,4.0,4.0,-0.691569444,,,False,True,
54,4.0,2.0,4.0,4.0,4.0,-0.355211889,,,False,True,
147,2.0,2.0,4.0,8.0,4.0,-0.496416667,,,False,True,
242,2.0,2.0,4.0,2.0,6.0,-1.715388889,,,False,False,
0,4.0,2.0,2.0,4.0,4.0,-0.478763889,,1.0,False,True,0.07374474500471766
106,4.0,2.0,4.0,8.0,2.0,-0.456300083,,0.30769938633761,False,True,0.40421427469890053
31,4.0,2.0,4.0,6.0,6.0,-0.327348181,,0.28533364285450136,False,True,0.11106668050015979
44,4.0,2.0,4.0,6.0,4.0,-0.349742236,,0.25560323145510716,False,True,0.14758552653412696
5,4.0,4.0,4.0,6.0,6.0,-0.289680556,,0.2973535911632754,False,True,1.6693611326878266
40,2.0,4.0,4.0,6.0,6.0,-0.354989264,,0.3626909624603313,False,True,0.6619933818569235
75,2.0,2.0,4.0,6.0,2.0,-0.391723917,,0.3375128345605465,False,True,0.45576481558177395
60,2.0,2.0,4.0,6.0,6.0,-0.347250847,,0.3516287017345605,False,True,0.012746921071020162
101,4.0,2.0,4.0,6.0,2.0,-0.441108292,,0.21846939299194695,False,True,0.3733275022217985
41,2.0,4.0,4.0,8.0,6.0,-0.336847361,,0.1916157244887486,False,True,0.1837019352372849
