index,parallelism_deepspeech,parallelism_ffmpeg-0,parallelism_ffmpeg-1,parallelism_ffmpeg-2,parallelism_librosa,target,memory_queue,acquisition,terminated,feasible,ml_mape
26,4.0,4.0,4.0,6.0,4.0,-0.335936681,,,False,True,
258,4.0,2.0,2.0,8.0,4.0,-0.680513889,,,False,False,
113,4.0,2.0,4.0,4.0,4.0,-0.496375,,,False,True,
85,4.0,4.0,4.0,4.0,6.0,-1.020666667,,,False,True,
125,2.0,4.0,4.0,6.0,2.0,-0.4634665,,,False,True,
136,4.0,2.0,4.0,6.0,6.0,-0.483944444,,,False,True,
134,4.0,4.0,4.0,4.0,2.0,-0.472590528,,,False,True,
197,4.0,4.0,4.0,6.0,2.0,-0.543944444,,,False,False,
1,4.0,2.0,2.0,4.0,4.0,-0.351947292,,,False,True,
8,2.0,2.0,2.0,8.0,4.0,-0.240564167,,-0.0,False,True,2.852641682988096
47,2.0,2.0,4.0,8.0,6.0,-0.339389972,,0.020024366173576336,False,True,0.9539226528906888
114,2.0,4.0,2.0,6.0,2.0,-0.45505725,,0.023012658148088356,False,True,0.888895078651532
61,2.0,2.0,2.0,8.0,6.0,-0.3464265,,0.00882662527836182,False,True,0.9565147707517709
46,2.0,2.0,4.0,8.0,4.0,-0.341116875,,0.010477999787575465,False,True,0.47781580429452486
73,2.0,2.0,2.0,6.0,4.0,-0.397555556,,0.02379742950902658,False,True,0.2923360551126534
25,2.0,4.0,4.0,8.0,4.0,-0.322285514,,0.0021312441623352885,False,True,0.7201699074726459
19,2.0,4.0,2.0,8.0,4.0,-0.314709528,,0.029246735900862835,False,True,0.0799698770812095
21,4.0,4.0,2.0,8.0,4.0,-0.313295944,,0.007486776508877302,False,True,0.6177445404933195
7,4.0,4.0,4.0,8.0,4.0,-0.233569444,,0.031705577348769436,False,True,0.8531517405342811
