index,parallelism_deepspeech,parallelism_ffmpeg-0,parallelism_ffmpeg-1,parallelism_ffmpeg-2,parallelism_librosa,target,memory_queue,acquisition,terminated,feasible,ml_mape
189,2.0,2.0,4.0,2.0,6.0,-1.738330417,,,False,False,
35,2.0,4.0,2.0,6.0,4.0,-0.329550403,,,False,True,
14,4.0,4.0,4.0,4.0,4.0,-0.506810167,,,False,True,
200,4.0,2.0,4.0,4.0,2.0,-0.547041667,,,False,False,
113,4.0,2.0,4.0,4.0,4.0,-0.496375,,,False,True,
26,4.0,4.0,4.0,6.0,4.0,-0.335936681,,,False,True,
43,2.0,2.0,4.0,6.0,4.0,-0.338625681,,,False,True,
40,2.0,4.0,4.0,6.0,6.0,-0.354989264,,,False,True,
269,4.0,4.0,2.0,8.0,2.0,-0.818444444,,,False,False,
65,4.0,2.0,4.0,8.0,6.0,-0.352691847,,0.09715583029088734,False,True,1.0633463342201053
41,2.0,4.0,4.0,8.0,6.0,-0.336847361,,0.0918235075713948,False,True,0.2603052191709719
29,4.0,4.0,2.0,6.0,6.0,-0.329223611,,0.06524126012011561,False,True,0.15857823228832996
5,4.0,4.0,4.0,6.0,6.0,-0.289680556,,0.05898005404153552,False,True,1.024308752815408
17,4.0,2.0,2.0,6.0,4.0,-0.3125,,0.041047440627447127,False,True,1.3201427926033522
44,4.0,2.0,4.0,6.0,4.0,-0.349742236,,0.03843163772458148,False,True,0.2494396438987526
3,4.0,4.0,4.0,8.0,6.0,-0.174361111,,0.029211728759028107,False,True,0.7567376847500475
13,4.0,4.0,2.0,8.0,6.0,-0.298934014,,0.015742405370882544,False,True,0.04233317808952825
25,2.0,4.0,4.0,8.0,4.0,-0.322285514,,0.006387676524415145,False,True,0.13412986326115814
8,2.0,2.0,2.0,8.0,4.0,-0.240564167,,0.005619803021123147,False,True,0.6108832104688824
