index,parallelism_deepspeech,parallelism_ffmpeg-0,parallelism_ffmpeg-1,parallelism_ffmpeg-2,parallelism_librosa,target,memory_queue,acquisition,terminated,feasible,ml_mape
78,4.0,4.0,2.0,6.0,6.0,-0.430708333,,,False,True,
192,4.0,2.0,2.0,8.0,4.0,-0.5575,,,False,False,
12,4.0,4.0,4.0,4.0,4.0,-0.457125,,,False,True,
65,4.0,2.0,4.0,8.0,6.0,-0.352691847,,,False,True,
164,4.0,4.0,2.0,2.0,4.0,-1.723588111,,,False,True,
95,2.0,4.0,2.0,4.0,4.0,-0.576430556,,,False,True,
89,2.0,4.0,4.0,4.0,4.0,-0.765861111,,,False,True,
234,4.0,4.0,4.0,2.0,2.0,-0.777097222,,,False,False,
220,4.0,2.0,4.0,2.0,6.0,-0.579277778,,,False,False,
157,4.0,4.0,4.0,8.0,2.0,-0.507875,,0.31007448561986584,False,True,0.9651568645434985
87,4.0,2.0,4.0,4.0,2.0,-0.421543819,,0.2875230616801848,False,True,0.06910669575665511
13,4.0,4.0,2.0,8.0,6.0,-0.298934014,,0.28386895215894825,False,True,0.680480976585211
31,4.0,2.0,4.0,6.0,6.0,-0.327348181,,0.3591420569113041,False,True,0.20172813390225375
5,4.0,4.0,4.0,6.0,6.0,-0.289680556,,0.31062416934751835,False,True,0.25493544423817077
44,4.0,2.0,4.0,6.0,4.0,-0.349742236,,0.3301018065467673,False,True,0.2279073386445183
3,4.0,4.0,4.0,8.0,6.0,-0.174361111,,0.28227521964668895,False,True,0.897233391682358
33,2.0,4.0,2.0,8.0,6.0,-0.326393083,,0.2987834811783075,False,True,0.5440505296060189
25,2.0,4.0,4.0,8.0,4.0,-0.322285514,,0.2227032463933565,False,True,0.02144831371798015
114,2.0,4.0,2.0,6.0,2.0,-0.45505725,,0.2449106163657887,False,True,0.013474342747917818
