index,parallelism_deepspeech,parallelism_ffmpeg-0,parallelism_ffmpeg-1,parallelism_ffmpeg-2,parallelism_librosa,target,memory_queue,acquisition,terminated,feasible,ml_mape
44,4.0,2.0,4.0,6.0,4.0,-0.349742236,,,False,True,
9,4.0,4.0,4.0,4.0,6.0,-0.68646125,,,False,True,
174,2.0,2.0,2.0,2.0,4.0,-1.632116264,,,False,False,
186,2.0,2.0,4.0,6.0,2.0,-0.539194444,,,False,False,
185,4.0,2.0,4.0,6.0,2.0,-0.531611111,,,False,False,
182,4.0,4.0,2.0,2.0,2.0,-1.021298139,,,False,False,
136,4.0,2.0,4.0,6.0,6.0,-0.483944444,,,False,True,
83,4.0,4.0,2.0,4.0,4.0,-0.461416667,,,False,True,
204,4.0,4.0,4.0,4.0,2.0,-0.556930556,,,False,False,
16,4.0,4.0,4.0,6.0,4.0,-0.309360444,,0.08082396525047864,False,True,0.1899835189011165
12,4.0,4.0,4.0,4.0,4.0,-0.457125,,0.03583839560244765,False,True,0.18448371577938819
0,4.0,2.0,2.0,4.0,4.0,-0.478763889,,0.035731469652968875,False,True,0.03568810516841834
3,4.0,4.0,4.0,8.0,6.0,-0.174361111,,0.03483094707386711,False,True,1.514572298086328
7,4.0,4.0,4.0,8.0,4.0,-0.233569444,,0.06378622050626184,False,True,0.2908310904740592
59,4.0,2.0,4.0,8.0,4.0,-0.346334431,,0.05696444730918409,False,True,0.3165823650549235
5,4.0,4.0,4.0,6.0,6.0,-0.289680556,,0.024801853035726178,False,True,0.698368009661534
13,4.0,4.0,2.0,8.0,6.0,-0.298934014,,0.05230288826967,False,True,0.2808250139137464
8,2.0,2.0,2.0,8.0,4.0,-0.240564167,,0.02672498347041788,False,True,0.5341884479172692
15,2.0,4.0,4.0,4.0,6.0,-0.782349653,,,False,True,0.25177171750260186
