index,parallelism_deepspeech,parallelism_ffmpeg-0,parallelism_ffmpeg-1,parallelism_ffmpeg-2,parallelism_librosa,target,memory_queue,acquisition,terminated,feasible,ml_mape
49,2.0,2.0,2.0,4.0,4.0,-0.340263431,,,False,True,
204,4.0,4.0,4.0,4.0,2.0,-0.556930556,,,False,False,
61,2.0,2.0,2.0,8.0,6.0,-0.3464265,,,False,True,
108,2.0,2.0,2.0,4.0,4.0,-0.457611111,,,False,True,
47,2.0,2.0,4.0,8.0,6.0,-0.339389972,,,False,True,
42,2.0,2.0,4.0,4.0,6.0,-0.343127194,,,False,True,
270,2.0,4.0,2.0,8.0,2.0,-0.836875,,,False,False,
75,2.0,2.0,4.0,6.0,2.0,-0.391723917,,,False,True,
138,4.0,4.0,4.0,2.0,4.0,-2.116722222,,,False,True,
189,2.0,2.0,4.0,2.0,6.0,-1.738330417,,0.5250805956037796,False,False,0.4504666504126136
41,2.0,4.0,4.0,8.0,6.0,-0.336847361,,0.8326530540733639,False,True,0.7229039826535117
31,4.0,2.0,4.0,6.0,6.0,-0.327348181,,0.8146041350526352,False,True,0.5406965624287312
167,2.0,2.0,4.0,2.0,2.0,-0.826847028,,0.7430531922090223,False,True,0.5736091076373282
165,4.0,4.0,2.0,2.0,6.0,-1.700916667,,0.9602636495067676,False,True,1.1046560665670564
60,2.0,2.0,4.0,6.0,6.0,-0.347250847,,0.9307766504111304,False,True,0.14264639291847786
9,4.0,4.0,4.0,4.0,6.0,-0.68646125,,0.49171640375147707,False,True,0.533585863521048
39,4.0,2.0,4.0,4.0,6.0,-0.354505208,,0.7050420787479658,False,True,0.4166064401925791
40,2.0,4.0,4.0,6.0,6.0,-0.354989264,,0.6720014787914084,False,True,0.0830553906336168
43,2.0,2.0,4.0,6.0,4.0,-0.338625681,,0.7119300441029294,False,True,0.08685566571191604
