index,parallelism_deepspeech,parallelism_ffmpeg-0,parallelism_ffmpeg-1,parallelism_ffmpeg-2,parallelism_librosa,target,memory_queue,acquisition,terminated,feasible,ml_mape
216,2.0,4.0,4.0,6.0,2.0,-0.571856903,,,False,False,
167,2.0,2.0,4.0,2.0,2.0,-0.826847028,,,False,True,
53,2.0,2.0,4.0,4.0,4.0,-0.353006875,,,False,True,
201,4.0,2.0,2.0,6.0,2.0,-0.548472222,,,False,False,
251,4.0,2.0,2.0,4.0,6.0,-0.624513889,,,False,False,
31,4.0,2.0,4.0,6.0,6.0,-0.327348181,,,False,True,
51,4.0,4.0,2.0,8.0,6.0,-0.361694444,,,False,True,
101,4.0,2.0,4.0,6.0,2.0,-0.441108292,,,False,True,
182,4.0,4.0,2.0,2.0,2.0,-1.021298139,,,False,False,
60,2.0,2.0,4.0,6.0,6.0,-0.347250847,,0.015512722124622425,False,True,0.7238701691029693
5,4.0,4.0,4.0,6.0,6.0,-0.289680556,,0.018291146169881173,False,True,0.6712494382378629
43,2.0,2.0,4.0,6.0,4.0,-0.338625681,,0.05408095038920381,False,True,0.007520914797671488
3,4.0,4.0,4.0,8.0,6.0,-0.174361111,,0.04740798232214715,False,True,0.18284787890526685
7,4.0,4.0,4.0,8.0,4.0,-0.233569444,,0.027597728005212385,False,True,0.3897097058096616
87,4.0,2.0,4.0,4.0,2.0,-0.421543819,,0.010565226067879296,False,True,0.14716423115012903
65,4.0,2.0,4.0,8.0,6.0,-0.352691847,,0.02627457892918967,False,True,0.03446202889846582
117,4.0,4.0,2.0,4.0,2.0,-0.462181681,,0.007627994607168703,False,True,0.017905052824548108
41,2.0,4.0,4.0,8.0,6.0,-0.336847361,,0.008524680052694796,False,True,0.3611251398093521
16,4.0,4.0,4.0,6.0,4.0,-0.309360444,,0.004333018935666136,False,True,0.32685782376152217
