index,parallelism_deepspeech,parallelism_ffmpeg-0,parallelism_ffmpeg-1,parallelism_ffmpeg-2,parallelism_librosa,target,memory_queue,acquisition,terminated,feasible,ml_mape
229,4.0,4.0,2.0,2.0,4.0,-2.081097222,,,False,False,
174,2.0,2.0,2.0,2.0,4.0,-1.632116264,,,False,False,
24,4.0,4.0,2.0,4.0,4.0,-0.379202111,,,False,True,
99,4.0,2.0,4.0,4.0,2.0,-0.439447347,,,False,True,
7,4.0,4.0,4.0,8.0,4.0,-0.233569444,,,False,True,
161,2.0,2.0,2.0,2.0,2.0,-0.920423736,,,False,True,
182,4.0,4.0,2.0,2.0,2.0,-1.021298139,,,False,False,
182,4.0,4.0,2.0,2.0,2.0,-1.021298139,,,False,False,
256,2.0,4.0,2.0,4.0,2.0,-0.640430556,,,False,False,
128,2.0,2.0,2.0,8.0,2.0,-0.468699931,,0.5026763589281428,False,True,0.9422857854530182
41,2.0,4.0,4.0,8.0,6.0,-0.336847361,,0.529273842734817,False,True,0.13874506294564437
16,4.0,4.0,4.0,6.0,4.0,-0.309360444,,0.40103511021968263,False,True,0.26436199793877896
9,4.0,4.0,4.0,4.0,6.0,-0.68646125,,0.48380734429624606,False,True,1.2961941083628863
12,4.0,4.0,4.0,4.0,4.0,-0.457125,,0.34648398781507217,False,True,0.3908122313020873
47,2.0,2.0,4.0,8.0,6.0,-0.339389972,,0.5652358476214883,False,True,0.5400801958870037
109,4.0,2.0,2.0,4.0,2.0,-0.455934792,,0.45695590165330524,False,True,0.4799916485265696
107,4.0,4.0,4.0,6.0,2.0,-0.446536125,,0.671028099083805,False,True,0.0656101396666028
0,4.0,2.0,2.0,4.0,4.0,-0.478763889,,1.0,False,True,0.26023106312906463
163,4.0,2.0,4.0,2.0,6.0,-1.661284764,,0.5274598166962758,False,True,0.11305078027676482
