index,parallelism_deepspeech,parallelism_ffmpeg-0,parallelism_ffmpeg-1,parallelism_ffmpeg-2,parallelism_librosa,target,memory_queue,acquisition,terminated,feasible,ml_mape
96,2.0,4.0,2.0,4.0,6.0,-0.516527778,,,False,True,
130,2.0,2.0,2.0,6.0,6.0,-0.48275,,,False,True,
223,2.0,2.0,2.0,2.0,2.0,-1.058027778,,,False,False,
211,4.0,2.0,2.0,8.0,4.0,-0.55837625,,,False,False,
43,2.0,2.0,4.0,6.0,4.0,-0.338625681,,,False,True,
108,2.0,2.0,2.0,4.0,4.0,-0.457611111,,,False,True,
237,2.0,4.0,4.0,2.0,2.0,-0.970541667,,,False,False,
15,2.0,4.0,4.0,4.0,6.0,-0.782349653,,,False,True,
27,2.0,4.0,4.0,4.0,6.0,-0.852930556,,,False,True,
35,2.0,4.0,2.0,6.0,4.0,-0.329550403,,0.026378734383795677,False,True,0.38694926098961663
137,2.0,4.0,4.0,8.0,2.0,-0.471614069,,0.06846141349532198,False,True,0.43200481584034583
41,2.0,4.0,4.0,8.0,6.0,-0.336847361,,0.01217656031309311,False,True,0.918846537990233
46,2.0,2.0,4.0,8.0,4.0,-0.341116875,,0.04655838019718511,False,True,0.48077886994237135
33,2.0,4.0,2.0,8.0,6.0,-0.326393083,,0.01956172200465378,False,True,0.1508412651999925
0,4.0,2.0,2.0,4.0,4.0,-0.478763889,,-0.0,False,True,0.7720277906868861
17,4.0,2.0,2.0,6.0,4.0,-0.3125,,-0.0,False,True,0.9544133511565429
101,4.0,2.0,4.0,6.0,2.0,-0.441108292,,0.014784086581208333,False,True,0.055123611730000424
8,2.0,2.0,2.0,8.0,4.0,-0.240564167,,-0.0,False,True,1.8403331701344572
191,2.0,2.0,2.0,6.0,2.0,-0.541027778,,0.06717665548399354,False,False,0.329667197860437
