index,parallelism_deepspeech,parallelism_ffmpeg-0,parallelism_ffmpeg-1,parallelism_ffmpeg-2,parallelism_librosa,target,memory_queue,acquisition,terminated,feasible,ml_mape
153,4.0,4.0,2.0,6.0,2.0,-0.487353861,,,False,True,
186,2.0,2.0,4.0,6.0,2.0,-0.539194444,,,False,False,
245,4.0,4.0,4.0,2.0,6.0,-2.663833333,,,False,False,
204,4.0,4.0,4.0,4.0,2.0,-0.556930556,,,False,False,
189,2.0,2.0,4.0,2.0,6.0,-1.738330417,,,False,False,
231,4.0,4.0,2.0,2.0,6.0,-2.021638889,,,False,False,
152,2.0,2.0,4.0,4.0,2.0,-0.505361111,,,False,True,
105,2.0,4.0,2.0,8.0,4.0,-0.476013889,,,False,True,
223,2.0,2.0,2.0,2.0,2.0,-1.058027778,,,False,False,
21,4.0,4.0,2.0,8.0,4.0,-0.313295944,,1.3257303809246446,False,True,0.2796880756763646
125,2.0,4.0,4.0,6.0,2.0,-0.4634665,,1.3053152402517747,False,True,0.2028065960956515
114,2.0,4.0,2.0,6.0,2.0,-0.45505725,,1.1589808522337923,False,True,0.18553770139976436
23,2.0,4.0,4.0,4.0,4.0,-0.457704472,,0.8693596823628443,False,True,0.7230758107117404
18,4.0,4.0,2.0,6.0,4.0,-0.312747681,,1.0571657422878389,False,True,0.05308444559385401
167,2.0,2.0,4.0,2.0,2.0,-0.826847028,,0.8342152125591619,False,True,0.11921926375332018
35,2.0,4.0,2.0,6.0,4.0,-0.329550403,,1.0759971486567472,False,True,0.0693008541274174
208,2.0,4.0,2.0,8.0,2.0,-0.562777778,,0.729924978190172,False,False,0.13200644567145578
155,2.0,4.0,4.0,4.0,2.0,-0.489930597,,0.9256896016172734,False,True,0.1888473576817458
13,4.0,4.0,2.0,8.0,6.0,-0.298934014,,0.8913303522998252,False,True,0.26799053379664667
