index,parallelism_deepspeech,parallelism_ffmpeg-0,parallelism_ffmpeg-1,parallelism_ffmpeg-2,parallelism_librosa,target,memory_queue,acquisition,terminated,feasible,ml_mape
82,4.0,4.0,2.0,4.0,6.0,-0.523083333,,,False,True,
263,2.0,2.0,4.0,8.0,6.0,-0.730130069,,,False,False,
265,2.0,2.0,2.0,8.0,2.0,-0.723914528,,,False,False,
130,2.0,2.0,2.0,6.0,6.0,-0.48275,,,False,True,
87,4.0,2.0,4.0,4.0,2.0,-0.421543819,,,False,True,
76,4.0,4.0,2.0,6.0,4.0,-0.409236111,,,False,True,
34,4.0,4.0,2.0,6.0,4.0,-0.328441333,,,False,True,
124,2.0,2.0,4.0,4.0,6.0,-0.550736111,,,False,True,
205,4.0,2.0,2.0,2.0,2.0,-0.561025153,,,False,False,
8,2.0,2.0,2.0,8.0,4.0,-0.240564167,,-0.0,False,True,2.9285952820200385
131,4.0,4.0,4.0,2.0,4.0,-2.122924722,,0.6961436358965722,False,True,1.9228032484249453
183,4.0,2.0,2.0,8.0,2.0,-0.525085903,,0.7962242853729093,False,False,0.892985226588739
0,4.0,2.0,2.0,4.0,4.0,-0.478763889,,0.8628648192698749,False,True,0.8859070363720979
22,2.0,4.0,2.0,4.0,6.0,-0.377765889,,0.8096409104289796,False,True,0.2831995790585688
29,4.0,4.0,2.0,6.0,6.0,-0.329223611,,0.8137963838304954,False,True,0.9026245637570213
53,2.0,2.0,4.0,4.0,4.0,-0.353006875,,0.8949587021965522,False,True,0.5357206034059073
73,2.0,2.0,2.0,6.0,4.0,-0.397555556,,0.9154079277539591,False,True,0.21580053038198269
33,2.0,4.0,2.0,8.0,6.0,-0.326393083,,0.9199555058041675,False,True,0.7216115462721904
181,2.0,4.0,2.0,2.0,2.0,-0.816021472,,0.9215266356837031,False,False,0.2820187829789075
