index,parallelism_deepspeech,parallelism_ffmpeg-0,parallelism_ffmpeg-1,parallelism_ffmpeg-2,parallelism_librosa,target,memory_queue,acquisition,terminated,feasible,ml_mape
122,4.0,2.0,2.0,6.0,6.0,-0.474069444,,,False,True,
211,4.0,2.0,2.0,8.0,4.0,-0.55837625,,,False,False,
211,4.0,2.0,2.0,8.0,4.0,-0.55837625,,,False,False,
197,4.0,4.0,4.0,6.0,2.0,-0.543944444,,,False,False,
154,4.0,4.0,4.0,2.0,6.0,-2.677372167,,,False,True,
58,4.0,2.0,2.0,8.0,6.0,-0.368771528,,,False,True,
124,2.0,2.0,4.0,4.0,6.0,-0.550736111,,,False,True,
231,4.0,4.0,2.0,2.0,6.0,-2.021638889,,,False,False,
44,4.0,2.0,4.0,6.0,4.0,-0.349742236,,,False,True,
60,2.0,2.0,4.0,6.0,6.0,-0.347250847,,0.19187518360088626,False,True,0.3340759520660568
65,4.0,2.0,4.0,8.0,6.0,-0.352691847,,0.13853562893272853,False,True,1.2796107379636672
152,2.0,2.0,4.0,4.0,2.0,-0.505361111,,0.09355503390656214,False,True,0.6332477941501564
61,2.0,2.0,2.0,8.0,6.0,-0.3464265,,0.08305875271678986,False,True,0.43588375035806687
52,2.0,2.0,2.0,6.0,6.0,-0.341679014,,0.07285840032110592,False,True,0.24423025620211192
47,2.0,2.0,4.0,8.0,6.0,-0.339389972,,0.045576361119479436,False,True,0.16527287455762135
101,4.0,2.0,4.0,6.0,2.0,-0.441108292,,0.04516242133820869,False,True,0.06445623509121658
109,4.0,2.0,2.0,4.0,2.0,-0.455934792,,0.018738652849503063,False,True,0.06213355988035842
43,2.0,2.0,4.0,6.0,4.0,-0.338625681,,0.057037298846628476,False,True,0.5283126553883264
73,2.0,2.0,2.0,6.0,4.0,-0.397555556,,0.028144000067315107,False,True,0.22454611702842578
