index,parallelism_deepspeech,parallelism_ffmpeg-0,parallelism_ffmpeg-1,parallelism_ffmpeg-2,parallelism_librosa,target,memory_queue,acquisition,terminated,feasible,ml_mape
35,2.0,4.0,2.0,6.0,4.0,-0.329550403,,,False,True,
143,2.0,2.0,4.0,8.0,6.0,-0.486527778,,,False,True,
106,4.0,2.0,4.0,8.0,2.0,-0.456300083,,,False,True,
76,4.0,4.0,2.0,6.0,4.0,-0.409236111,,,False,True,
116,2.0,2.0,2.0,4.0,4.0,-0.513097222,,,False,True,
5,4.0,4.0,4.0,6.0,6.0,-0.289680556,,,False,True,
52,2.0,2.0,2.0,6.0,6.0,-0.341679014,,,False,True,
34,4.0,4.0,2.0,6.0,4.0,-0.328441333,,,False,True,
42,2.0,2.0,4.0,4.0,6.0,-0.343127194,,,False,True,
3,4.0,4.0,4.0,8.0,6.0,-0.174361111,,0.0009024661693482163,False,True,0.5323118941772619
13,4.0,4.0,2.0,8.0,6.0,-0.298934014,,0.0003530245937177933,False,True,0.5885549079978813
7,4.0,4.0,4.0,8.0,4.0,-0.233569444,,0.0004067673123507474,False,True,0.07841966349055227
40,2.0,4.0,4.0,6.0,6.0,-0.354989264,,0.00038824253230979906,False,True,0.737671414481637
31,4.0,2.0,4.0,6.0,6.0,-0.327348181,,0.0002783245984956761,False,True,0.5025831354918601
208,2.0,4.0,2.0,8.0,2.0,-0.562777778,,0.0002265691175620066,False,False,0.775024259952936
30,2.0,4.0,2.0,6.0,6.0,-0.328707986,,0.000869390274494003,False,True,0.44914522427593373
166,2.0,4.0,4.0,2.0,2.0,-0.686595319,,0.0008304184874892207,False,True,0.9167498703188672
65,4.0,2.0,4.0,8.0,6.0,-0.352691847,,0.00038703075970458745,False,True,0.1342968236072482
16,4.0,4.0,4.0,6.0,4.0,-0.309360444,,0.0003430527967492542,False,True,0.42319926066643493
