index,parallelism_deepspeech,parallelism_ffmpeg-0,parallelism_ffmpeg-1,parallelism_ffmpeg-2,parallelism_librosa,target,memory_queue,acquisition,terminated,feasible,ml_mape
123,4.0,2.0,2.0,6.0,2.0,-0.461257611,,,False,True,
251,4.0,2.0,2.0,4.0,6.0,-0.624513889,,,False,False,
246,4.0,2.0,4.0,2.0,6.0,-1.744666667,,,False,False,
111,2.0,2.0,4.0,4.0,4.0,-0.550722222,,,False,True,
122,4.0,2.0,2.0,6.0,6.0,-0.474069444,,,False,True,
151,4.0,2.0,4.0,6.0,4.0,-0.502097222,,,False,True,
199,4.0,2.0,2.0,8.0,2.0,-0.558790042,,,False,False,
251,4.0,2.0,2.0,4.0,6.0,-0.624513889,,,False,False,
78,4.0,4.0,2.0,6.0,6.0,-0.430708333,,,False,True,
35,2.0,4.0,2.0,6.0,4.0,-0.329550403,,0.39574405199837115,False,True,0.05813191737658308
41,2.0,4.0,4.0,8.0,6.0,-0.336847361,,0.3843246014435895,False,True,0.09273482063544182
195,2.0,4.0,2.0,4.0,2.0,-0.529499708,,0.3536800400143685,False,False,0.32698466991130454
0,4.0,2.0,2.0,4.0,4.0,-0.478763889,,1.0,False,True,0.016894634630091755
61,2.0,2.0,2.0,8.0,6.0,-0.3464265,,0.27227173425296414,False,True,0.36058806465169885
25,2.0,4.0,4.0,8.0,4.0,-0.322285514,,0.21387268861924913,False,True,0.7953970080408808
125,2.0,4.0,4.0,6.0,2.0,-0.4634665,,0.17099986726999783,False,True,0.0025912640605058553
73,2.0,2.0,2.0,6.0,4.0,-0.397555556,,0.14609394203517034,False,True,0.07833879094676742
21,4.0,4.0,2.0,8.0,4.0,-0.313295944,,0.12687480807625384,False,True,0.68508862700462
33,2.0,4.0,2.0,8.0,6.0,-0.326393083,,0.11182680221718222,False,True,0.7175793060628998
