index,parallelism_deepspeech,parallelism_ffmpeg-0,parallelism_ffmpeg-1,parallelism_ffmpeg-2,parallelism_librosa,target,memory_queue,acquisition,terminated,feasible,ml_mape
66,4.0,2.0,4.0,8.0,6.0,-0.366388889,,,False,True,
120,4.0,2.0,2.0,8.0,6.0,-0.472138889,,,False,True,
210,4.0,2.0,2.0,2.0,6.0,-0.572237847,,,False,False,
150,4.0,2.0,2.0,2.0,4.0,-1.702361111,,,False,True,
133,2.0,2.0,4.0,6.0,4.0,-0.483902778,,,False,True,
248,2.0,4.0,4.0,2.0,2.0,-1.079555556,,,False,False,
103,2.0,4.0,4.0,6.0,6.0,-0.725972222,,,False,True,
79,4.0,4.0,2.0,6.0,6.0,-0.416763889,,,False,True,
128,2.0,2.0,2.0,8.0,2.0,-0.468699931,,,False,True,
13,4.0,4.0,2.0,8.0,6.0,-0.298934014,,0.04069245468432306,False,True,0.23192414115761675
47,2.0,2.0,4.0,8.0,6.0,-0.339389972,,0.04407085442536748,False,True,0.45542447754050325
3,4.0,4.0,4.0,8.0,6.0,-0.174361111,,0.05325245385183157,False,True,0.734111580226999
7,4.0,4.0,4.0,8.0,4.0,-0.233569444,,0.04273998122194138,False,True,0.4623158010086323
106,4.0,2.0,4.0,8.0,2.0,-0.456300083,,0.03277903847563912,False,True,0.2070131340629771
25,2.0,4.0,4.0,8.0,4.0,-0.322285514,,0.029498917340802757,False,True,0.24488138399091394
46,2.0,2.0,4.0,8.0,4.0,-0.341116875,,0.025797234297267452,False,True,0.04676472727429849
208,2.0,4.0,2.0,8.0,2.0,-0.562777778,,0.014097955076027084,False,False,0.14544916334372815
33,2.0,4.0,2.0,8.0,6.0,-0.326393083,,0.017320735770609722,False,True,0.2819078529089803
61,2.0,2.0,2.0,8.0,6.0,-0.3464265,,0.00982112064508638,False,True,0.11054611314972201
