index,parallelism_deepspeech,parallelism_ffmpeg-0,parallelism_ffmpeg-1,parallelism_ffmpeg-2,parallelism_librosa,target,memory_queue,acquisition,terminated,feasible,ml_mape
190,2.0,2.0,2.0,4.0,6.0,-0.527102625,,,False,False,
105,2.0,4.0,2.0,8.0,4.0,-0.476013889,,,False,True,
3,4.0,4.0,4.0,8.0,6.0,-0.174361111,,,False,True,
144,2.0,4.0,4.0,2.0,6.0,-2.553500542,,,False,True,
105,2.0,4.0,2.0,8.0,4.0,-0.476013889,,,False,True,
4,4.0,4.0,4.0,8.0,6.0,-0.177944444,,,False,True,
101,4.0,2.0,4.0,6.0,2.0,-0.441108292,,,False,True,
148,2.0,2.0,4.0,8.0,4.0,-0.496097222,,,False,True,
20,4.0,4.0,2.0,4.0,4.0,-0.320928667,,,False,True,
0,4.0,2.0,2.0,4.0,4.0,-0.478763889,,1.1574661842681166,False,True,0.1407317382343651
5,4.0,4.0,4.0,6.0,6.0,-0.289680556,,1.0845892143925324,False,True,0.2989070105230182
7,4.0,4.0,4.0,8.0,4.0,-0.233569444,,1.052477778106915,False,True,0.006683335818990645
16,4.0,4.0,4.0,6.0,4.0,-0.309360444,,1.2197294905628049,False,True,0.40117650137427247
18,4.0,4.0,2.0,6.0,4.0,-0.312747681,,0.9974068120921723,False,True,0.0250215807854917
13,4.0,4.0,2.0,8.0,6.0,-0.298934014,,1.0974995471936024,False,True,0.41167934185022215
29,4.0,4.0,2.0,6.0,6.0,-0.329223611,,1.0823208074062294,False,True,0.36600976654520473
21,4.0,4.0,2.0,8.0,4.0,-0.313295944,,1.029836269946609,False,True,0.16106789835841753
9,4.0,4.0,4.0,4.0,6.0,-0.68646125,,0.8788821937285708,False,True,0.16518979848930423
65,4.0,2.0,4.0,8.0,6.0,-0.352691847,,0.9461068980259217,False,True,0.3702940039989911
