index,parallelism_deepspeech,parallelism_ffmpeg-0,parallelism_ffmpeg-1,parallelism_ffmpeg-2,parallelism_librosa,target,memory_queue,acquisition,terminated,feasible,ml_mape
169,4.0,2.0,4.0,2.0,2.0,-0.879925569,,,False,True,
231,4.0,4.0,2.0,2.0,6.0,-2.021638889,,,False,False,
227,2.0,4.0,2.0,2.0,6.0,-2.084416667,,,False,False,
259,4.0,2.0,2.0,2.0,2.0,-0.68475,,,False,False,
77,4.0,4.0,2.0,8.0,6.0,-0.411388889,,,False,True,
120,4.0,2.0,2.0,8.0,6.0,-0.472138889,,,False,True,
167,2.0,2.0,4.0,2.0,2.0,-0.826847028,,,False,True,
121,4.0,4.0,2.0,8.0,2.0,-0.475219681,,,False,True,
79,4.0,4.0,2.0,6.0,6.0,-0.416763889,,,False,True,
106,4.0,2.0,4.0,8.0,2.0,-0.456300083,,0.4950944508957189,False,True,0.46398501874333126
7,4.0,4.0,4.0,8.0,4.0,-0.233569444,,0.3836871308027825,False,True,0.04240286812248179
41,2.0,4.0,4.0,8.0,6.0,-0.336847361,,0.5219134995941763,False,True,0.0016525747012660914
16,4.0,4.0,4.0,6.0,4.0,-0.309360444,,0.26135306678258224,False,True,0.32023833652014594
125,2.0,4.0,4.0,6.0,2.0,-0.4634665,,0.24408826344406614,False,True,0.34277198257094565
31,4.0,2.0,4.0,6.0,6.0,-0.327348181,,0.15724315662604418,False,True,0.7186570167116726
3,4.0,4.0,4.0,8.0,6.0,-0.174361111,,0.1338360007431238,False,True,0.18332257841972718
5,4.0,4.0,4.0,6.0,6.0,-0.289680556,,0.03758678559740085,False,True,0.36722087388474084
47,2.0,2.0,4.0,8.0,6.0,-0.339389972,,0.10848044615139309,False,True,0.616725784111329
65,4.0,2.0,4.0,8.0,6.0,-0.352691847,,0.03970868627252879,False,True,0.15527260395207607
