index,parallelism_deepspeech,parallelism_ffmpeg-0,parallelism_ffmpeg-1,parallelism_ffmpeg-2,parallelism_librosa,target,memory_queue,acquisition,terminated,feasible,ml_mape
129,4.0,4.0,4.0,4.0,2.0,-0.469290486,,,False,True,
176,4.0,2.0,4.0,2.0,4.0,-1.436454722,,,False,False,
67,4.0,2.0,4.0,4.0,4.0,-0.356944444,,,False,True,
110,2.0,2.0,2.0,4.0,6.0,-0.468694444,,,False,True,
47,2.0,2.0,4.0,8.0,6.0,-0.339389972,,,False,True,
56,4.0,2.0,2.0,4.0,6.0,-0.352285833,,,False,True,
175,2.0,2.0,4.0,2.0,4.0,-1.691752611,,,False,False,
178,4.0,4.0,4.0,2.0,2.0,-0.674233264,,,False,False,
109,4.0,2.0,2.0,4.0,2.0,-0.455934792,,,False,True,
44,4.0,2.0,4.0,6.0,4.0,-0.349742236,,0.16562516651988377,False,True,0.23976979762641196
31,4.0,2.0,4.0,6.0,6.0,-0.327348181,,1.0,False,True,0.4251638404777027
29,4.0,4.0,2.0,6.0,6.0,-0.329223611,,0.9776676846828606,False,True,0.1917514389439844
55,4.0,2.0,2.0,6.0,6.0,-0.347265153,,0.9933912777944915,False,True,0.1288491964069796
40,2.0,4.0,4.0,6.0,6.0,-0.354989264,,0.9555030924188931,False,True,0.06129449866208513
30,2.0,4.0,2.0,6.0,6.0,-0.328707986,,0.9613771313901736,False,True,0.30340486169644854
60,2.0,2.0,4.0,6.0,6.0,-0.347250847,,0.9475432233078649,False,True,0.06610688070688775
16,4.0,4.0,4.0,6.0,4.0,-0.309360444,,0.9387403304203532,False,True,0.3869489183784566
41,2.0,4.0,4.0,8.0,6.0,-0.336847361,,0.9364697666120809,False,True,0.20676210806108541
5,4.0,4.0,4.0,6.0,6.0,-0.289680556,,0.8984789035807339,False,True,1.3463927678294143
