index,parallelism_deepspeech,parallelism_ffmpeg-0,parallelism_ffmpeg-1,parallelism_ffmpeg-2,parallelism_librosa,target,memory_queue,acquisition,terminated,feasible,ml_mape
27,2.0,4.0,4.0,4.0,6.0,-0.852930556,,,False,True,
229,4.0,4.0,2.0,2.0,4.0,-2.081097222,,,False,False,
169,4.0,2.0,4.0,2.0,2.0,-0.879925569,,,False,True,
259,4.0,2.0,2.0,2.0,2.0,-0.68475,,,False,False,
264,4.0,4.0,2.0,8.0,2.0,-0.718686361,,,False,False,
16,4.0,4.0,4.0,6.0,4.0,-0.309360444,,,False,True,
132,4.0,2.0,2.0,4.0,2.0,-0.474599083,,,False,True,
242,2.0,2.0,4.0,2.0,6.0,-1.715388889,,,False,False,
48,4.0,2.0,4.0,6.0,4.0,-0.342658708,,,False,True,
101,4.0,2.0,4.0,6.0,2.0,-0.441108292,,0.6288431085640109,False,True,0.44340617996268183
3,4.0,4.0,4.0,8.0,6.0,-0.174361111,,0.469190165236141,False,True,0.6821079146986841
33,2.0,4.0,2.0,8.0,6.0,-0.326393083,,0.28918542285507876,False,True,0.7866536657421516
40,2.0,4.0,4.0,6.0,6.0,-0.354989264,,0.22695053816406527,False,True,0.11888367081982211
59,4.0,2.0,4.0,8.0,4.0,-0.346334431,,0.25357974376246284,False,True,0.4224384076507979
198,2.0,2.0,2.0,4.0,2.0,-0.54725,,0.1853194237387797,False,False,0.02049226329025746
41,2.0,4.0,4.0,8.0,6.0,-0.336847361,,0.14395376044598054,False,True,0.5629069037921263
65,4.0,2.0,4.0,8.0,6.0,-0.352691847,,0.29839512353663405,False,True,0.5660628973930308
7,4.0,4.0,4.0,8.0,4.0,-0.233569444,,0.11526420963005517,False,True,0.7893511390147084
35,2.0,4.0,2.0,6.0,4.0,-0.329550403,,0.051891811522818375,False,True,0.5632431174524085
