index,parallelism_deepspeech,parallelism_ffmpeg-0,parallelism_ffmpeg-1,parallelism_ffmpeg-2,parallelism_librosa,target,memory_queue,acquisition,terminated,feasible,ml_mape
242,2.0,2.0,4.0,2.0,6.0,-1.715388889,,,False,False,
163,4.0,2.0,4.0,2.0,6.0,-1.661284764,,,False,True,
157,4.0,4.0,4.0,8.0,2.0,-0.507875,,,False,True,
204,4.0,4.0,4.0,4.0,2.0,-0.556930556,,,False,False,
86,4.0,4.0,2.0,4.0,6.0,-0.514958333,,,False,True,
53,2.0,2.0,4.0,4.0,4.0,-0.353006875,,,False,True,
106,4.0,2.0,4.0,8.0,2.0,-0.456300083,,,False,True,
187,4.0,2.0,2.0,4.0,2.0,-0.527723514,,,False,False,
185,4.0,2.0,4.0,6.0,2.0,-0.531611111,,,False,False,
0,4.0,2.0,2.0,4.0,4.0,-0.478763889,,0.530773070785231,False,True,0.18871623553245412
43,2.0,2.0,4.0,6.0,4.0,-0.338625681,,0.8639902013903658,False,True,0.5673321192492351
152,2.0,2.0,4.0,4.0,2.0,-0.505361111,,0.9168502280430391,False,True,0.5041376713476954
21,4.0,4.0,2.0,8.0,4.0,-0.313295944,,0.8882088250596898,False,True,0.835251753078938
16,4.0,4.0,4.0,6.0,4.0,-0.309360444,,0.9374711616063581,False,True,0.5296205408079842
117,4.0,4.0,2.0,4.0,2.0,-0.462181681,,0.9114930305324398,False,True,0.047403096969320074
19,2.0,4.0,2.0,8.0,4.0,-0.314709528,,0.9295387678744982,False,True,0.09108306004624903
164,4.0,4.0,2.0,2.0,4.0,-1.723588111,,0.8891597068178057,False,True,0.4073087318031794
114,2.0,4.0,2.0,6.0,2.0,-0.45505725,,0.9294208622733368,False,True,0.24785752281487983
58,4.0,2.0,2.0,8.0,6.0,-0.368771528,,0.903037587295579,False,True,0.08194827048678176
