index,parallelism_deepspeech,parallelism_ffmpeg-0,parallelism_ffmpeg-1,parallelism_ffmpeg-2,parallelism_librosa,target,memory_queue,acquisition,terminated,feasible,ml_mape
62,4.0,2.0,4.0,8.0,4.0,-0.374241069,,,False,True,
204,4.0,4.0,4.0,4.0,2.0,-0.556930556,,,False,False,
135,2.0,2.0,4.0,4.0,4.0,-0.525222222,,,False,True,
256,2.0,4.0,2.0,4.0,2.0,-0.640430556,,,False,False,
23,2.0,4.0,4.0,4.0,4.0,-0.457704472,,,False,True,
174,2.0,2.0,2.0,2.0,4.0,-1.632116264,,,False,False,
64,4.0,4.0,4.0,6.0,6.0,-0.635833333,,,False,True,
153,4.0,4.0,2.0,6.0,2.0,-0.487353861,,,False,True,
57,4.0,4.0,4.0,8.0,6.0,-0.411472222,,,False,True,
7,4.0,4.0,4.0,8.0,4.0,-0.233569444,,0.08458733235914576,False,True,0.5978454434645016
25,2.0,4.0,4.0,8.0,4.0,-0.322285514,,0.9814380398047164,False,True,0.5739516389820372
157,4.0,4.0,4.0,8.0,2.0,-0.507875,,0.9670914716293105,False,True,0.9560339392007354
21,4.0,4.0,2.0,8.0,4.0,-0.313295944,,0.9081142196070014,False,True,0.36998818024533925
43,2.0,2.0,4.0,6.0,4.0,-0.338625681,,0.9407190035908337,False,True,0.5373867776714076
75,2.0,2.0,4.0,6.0,2.0,-0.391723917,,0.916861278411194,False,True,0.2155226889732655
19,2.0,4.0,2.0,8.0,4.0,-0.314709528,,0.8700013367351638,False,True,0.8282883724902212
33,2.0,4.0,2.0,8.0,6.0,-0.326393083,,0.8969306392141461,False,True,0.38856323222811956
47,2.0,2.0,4.0,8.0,6.0,-0.339389972,,0.9164190324099322,False,True,0.5014565851123454
8,2.0,2.0,2.0,8.0,4.0,-0.240564167,,0.8371907833275041,False,True,0.4126936607345967
