index,parallelism_deepspeech,parallelism_ffmpeg-0,parallelism_ffmpeg-1,parallelism_ffmpeg-2,parallelism_librosa,target,memory_queue,acquisition,terminated,feasible,ml_mape
66,4.0,2.0,4.0,8.0,6.0,-0.366388889,,,False,True,
144,2.0,4.0,4.0,2.0,6.0,-2.553500542,,,False,True,
146,2.0,2.0,2.0,6.0,6.0,-0.489805556,,,False,True,
228,2.0,2.0,2.0,2.0,4.0,-1.829888889,,,False,False,
91,2.0,4.0,2.0,8.0,6.0,-0.442208333,,,False,True,
162,4.0,4.0,2.0,6.0,2.0,-0.5013195,,,False,True,
104,4.0,2.0,2.0,6.0,2.0,-0.445360833,,,False,True,
24,4.0,4.0,2.0,4.0,4.0,-0.379202111,,,False,True,
142,4.0,2.0,4.0,8.0,4.0,-0.48625,,,False,True,
29,4.0,4.0,2.0,6.0,6.0,-0.329223611,,0.8121731449265297,False,True,0.8238525335656295
58,4.0,2.0,2.0,8.0,6.0,-0.368771528,,0.6704496597288324,False,True,0.4401605362667282
129,4.0,4.0,4.0,4.0,2.0,-0.469290486,,0.40598049974582706,False,True,0.11473839864975519
16,4.0,4.0,4.0,6.0,4.0,-0.309360444,,0.41892372345109974,False,True,0.5876864339235753
3,4.0,4.0,4.0,8.0,6.0,-0.174361111,,0.34596781037612406,False,True,0.45608606120829237
25,2.0,4.0,4.0,8.0,4.0,-0.322285514,,0.3904886849877568,False,True,0.7494607090791882
8,2.0,2.0,2.0,8.0,4.0,-0.240564167,,0.3396167039388902,False,True,1.7456578346174976
203,2.0,2.0,4.0,8.0,2.0,-0.560458333,,0.4016252819079089,False,False,0.14361525579374096
21,4.0,4.0,2.0,8.0,4.0,-0.313295944,,0.2798446019395623,False,True,0.09901517208903057
47,2.0,2.0,4.0,8.0,6.0,-0.339389972,,0.23341799887809545,False,True,0.41341713561622734
