index,parallelism_deepspeech,parallelism_ffmpeg-0,parallelism_ffmpeg-1,parallelism_ffmpeg-2,parallelism_librosa,target,memory_queue,acquisition,terminated,feasible,ml_mape
148,2.0,2.0,4.0,8.0,4.0,-0.496097222,,,False,True,
158,4.0,2.0,4.0,8.0,6.0,-0.506138889,,,False,True,
3,4.0,4.0,4.0,8.0,6.0,-0.174361111,,,False,True,
112,4.0,2.0,2.0,2.0,4.0,-1.663708333,,,False,True,
14,4.0,4.0,4.0,4.0,4.0,-0.506810167,,,False,True,
69,4.0,2.0,2.0,8.0,6.0,-0.358575153,,,False,True,
267,4.0,4.0,4.0,8.0,2.0,-0.750095889,,,False,False,
53,2.0,2.0,4.0,4.0,4.0,-0.353006875,,,False,True,
88,2.0,4.0,2.0,4.0,4.0,-0.563819444,,,False,True,
13,4.0,4.0,2.0,8.0,6.0,-0.298934014,,0.05703948478307394,False,True,0.8222760189940672
5,4.0,4.0,4.0,6.0,6.0,-0.289680556,,0.9035735290731448,False,True,0.7687825150150552
0,4.0,2.0,2.0,4.0,4.0,-0.478763889,,1.0,False,True,0.054826896304293916
0,4.0,2.0,2.0,4.0,4.0,-0.478763889,,1.0,False,True,0.004341062225118118
29,4.0,4.0,2.0,6.0,6.0,-0.329223611,,0.9757980168549673,False,True,0.038525786072251024
18,4.0,4.0,2.0,6.0,4.0,-0.312747681,,0.8705108606601406,False,True,0.8505004921080241
17,4.0,2.0,2.0,6.0,4.0,-0.3125,,0.9282040427972293,False,True,0.7122195445137225
41,2.0,4.0,4.0,8.0,6.0,-0.336847361,,1.0,False,True,0.27960808150484845
73,2.0,2.0,2.0,6.0,4.0,-0.397555556,,0.9570403391931663,False,True,0.12844098628232026
0,4.0,2.0,2.0,4.0,4.0,-0.478763889,,1.0,False,True,0.06956291578286304
