index,parallelism_deepspeech,parallelism_ffmpeg-0,parallelism_ffmpeg-1,parallelism_ffmpeg-2,parallelism_librosa,target,memory_queue,acquisition,terminated,feasible,ml_mape
6,4.0,4.0,4.0,6.0,6.0,-0.263958333,,,False,True,
168,2.0,2.0,4.0,6.0,2.0,-0.523680556,,,False,True,
112,4.0,2.0,2.0,2.0,4.0,-1.663708333,,,False,True,
157,4.0,4.0,4.0,8.0,2.0,-0.507875,,,False,True,
191,2.0,2.0,2.0,6.0,2.0,-0.541027778,,,False,False,
222,4.0,2.0,2.0,2.0,2.0,-1.028465194,,,False,False,
78,4.0,4.0,2.0,6.0,6.0,-0.430708333,,,False,True,
9,4.0,4.0,4.0,4.0,6.0,-0.68646125,,,False,True,
162,4.0,4.0,2.0,6.0,2.0,-0.5013195,,,False,True,
3,4.0,4.0,4.0,8.0,6.0,-0.174361111,,0.081700174352577,False,True,0.12700159371188682
41,2.0,4.0,4.0,8.0,6.0,-0.336847361,,1.0,False,True,0.29400884739424815
13,4.0,4.0,2.0,8.0,6.0,-0.298934014,,0.8710786380312614,False,True,0.39393020427294656
59,4.0,2.0,4.0,8.0,4.0,-0.346334431,,0.8638281676811193,False,True,0.3735228406452497
65,4.0,2.0,4.0,8.0,6.0,-0.352691847,,0.86232934937627,False,True,0.7917638556442677
7,4.0,4.0,4.0,8.0,4.0,-0.233569444,,0.8237359934420635,False,True,0.04163642078735356
19,2.0,4.0,2.0,8.0,4.0,-0.314709528,,0.7784244391258129,False,True,0.15676360279732302
21,4.0,4.0,2.0,8.0,4.0,-0.313295944,,0.8127855738038439,False,True,0.25480983556689846
25,2.0,4.0,4.0,8.0,4.0,-0.322285514,,0.8386313404240366,False,True,0.18922753995081112
16,4.0,4.0,4.0,6.0,4.0,-0.309360444,,0.843282369338779,False,True,0.19800529888068744
