index,parallelism_deepspeech,parallelism_ffmpeg-0,parallelism_ffmpeg-1,parallelism_ffmpeg-2,parallelism_librosa,target,memory_queue,acquisition,terminated,feasible,ml_mape
93,2.0,4.0,2.0,8.0,4.0,-0.449402778,,,False,True,
65,4.0,2.0,4.0,8.0,6.0,-0.352691847,,,False,True,
133,2.0,2.0,4.0,6.0,4.0,-0.483902778,,,False,True,
270,2.0,4.0,2.0,8.0,2.0,-0.836875,,,False,False,
168,2.0,2.0,4.0,6.0,2.0,-0.523680556,,,False,True,
72,4.0,2.0,2.0,2.0,4.0,-0.389361375,,,False,True,
74,4.0,4.0,2.0,8.0,4.0,-0.413611111,,,False,True,
26,4.0,4.0,4.0,6.0,4.0,-0.335936681,,,False,True,
24,4.0,4.0,2.0,4.0,4.0,-0.379202111,,,False,True,
33,2.0,4.0,2.0,8.0,6.0,-0.326393083,,0.9095854416526671,False,True,0.8610845299611298
189,2.0,2.0,4.0,2.0,6.0,-1.738330417,,-0.002055779716947772,False,False,1.391728635085107
109,4.0,2.0,2.0,4.0,2.0,-0.455934792,,0.2853612878663391,False,True,0.06800404740507628
29,4.0,4.0,2.0,6.0,6.0,-0.329223611,,0.26301252253478025,False,True,0.45948632495981945
160,4.0,4.0,4.0,2.0,2.0,-0.833162361,,0.275043634572327,False,True,1.330546165971943
3,4.0,4.0,4.0,8.0,6.0,-0.174361111,,0.2064181463299471,False,True,0.18311506335370506
41,2.0,4.0,4.0,8.0,6.0,-0.336847361,,0.139255156908311,False,True,0.2520974713627183
192,4.0,2.0,2.0,8.0,4.0,-0.5575,,0.8770526948386782,False,False,0.5045774246694016
5,4.0,4.0,4.0,6.0,6.0,-0.289680556,,0.04383946311685831,False,True,0.04763258417765539
156,2.0,2.0,2.0,2.0,2.0,-0.8476465,,0.03290579713572002,False,True,0.2060421116635663
