index,parallelism_deepspeech,parallelism_ffmpeg-0,parallelism_ffmpeg-1,parallelism_ffmpeg-2,parallelism_librosa,target,memory_queue,acquisition,terminated,feasible,ml_mape
45,4.0,4.0,4.0,8.0,4.0,-0.337648278,,,False,True,
42,2.0,2.0,4.0,4.0,6.0,-0.343127194,,,False,True,
70,4.0,2.0,4.0,6.0,6.0,-0.376416667,,,False,True,
136,4.0,2.0,4.0,6.0,6.0,-0.483944444,,,False,True,
176,4.0,2.0,4.0,2.0,4.0,-1.436454722,,,False,False,
16,4.0,4.0,4.0,6.0,4.0,-0.309360444,,,False,True,
11,4.0,4.0,4.0,8.0,4.0,-0.318486111,,,False,True,
260,2.0,2.0,4.0,4.0,2.0,-0.681861111,,,False,False,
2,4.0,2.0,2.0,4.0,4.0,-0.498833333,,,False,True,
13,4.0,4.0,2.0,8.0,6.0,-0.298934014,,0.05163666938780313,False,True,1.4298456380721403
32,4.0,4.0,2.0,4.0,6.0,-0.345415417,,0.046427161711026045,False,True,0.6449502085118247
153,4.0,4.0,2.0,6.0,2.0,-0.487353861,,0.04519667846668333,False,True,0.5058066569104132
40,2.0,4.0,4.0,6.0,6.0,-0.354989264,,0.04151802805298186,False,True,1.1403956522059846
5,4.0,4.0,4.0,6.0,6.0,-0.289680556,,0.03999582122471908,False,True,0.30805489827248933
29,4.0,4.0,2.0,6.0,6.0,-0.329223611,,0.0729889297196597,False,True,0.06180388181120558
58,4.0,2.0,2.0,8.0,6.0,-0.368771528,,0.04079000232238069,False,True,0.3036124641416228
3,4.0,4.0,4.0,8.0,6.0,-0.174361111,,0.037110228729753454,False,True,0.27743817694238615
41,2.0,4.0,4.0,8.0,6.0,-0.336847361,,0.028441229307969478,False,True,0.16723665916815403
56,4.0,2.0,2.0,4.0,6.0,-0.352285833,,0.020065199382366204,False,True,0.16806296224509426
