index,parallelism_deepspeech,parallelism_ffmpeg-0,parallelism_ffmpeg-1,parallelism_ffmpeg-2,parallelism_librosa,target,memory_queue,acquisition,terminated,feasible,ml_mape
203,2.0,2.0,4.0,8.0,2.0,-0.560458333,,,False,False,
241,2.0,2.0,4.0,2.0,2.0,-1.150944444,,,False,False,
5,4.0,4.0,4.0,6.0,6.0,-0.289680556,,,False,True,
23,2.0,4.0,4.0,4.0,4.0,-0.457704472,,,False,True,
95,2.0,4.0,2.0,4.0,4.0,-0.576430556,,,False,True,
139,4.0,4.0,4.0,2.0,6.0,-2.581552792,,,False,True,
178,4.0,4.0,4.0,2.0,2.0,-0.674233264,,,False,False,
206,2.0,4.0,2.0,6.0,2.0,-0.564430556,,,False,False,
120,4.0,2.0,2.0,8.0,6.0,-0.472138889,,,False,True,
41,2.0,4.0,4.0,8.0,6.0,-0.336847361,,0.8784174103599864,False,True,1.2215136815634808
3,4.0,4.0,4.0,8.0,6.0,-0.174361111,,0.701374749439294,False,True,0.3236017067187171
40,2.0,4.0,4.0,6.0,6.0,-0.354989264,,0.6574388348896256,False,True,0.2356602862451622
65,4.0,2.0,4.0,8.0,6.0,-0.352691847,,0.4867303989993406,False,True,0.21602529557942088
29,4.0,4.0,2.0,6.0,6.0,-0.329223611,,0.54462298708086,False,True,0.19037483491965426
55,4.0,2.0,2.0,6.0,6.0,-0.347265153,,0.43006158350259593,False,True,0.3958588241689334
165,4.0,4.0,2.0,2.0,6.0,-1.700916667,,0.8428222233451638,False,True,0.24050862077067786
47,2.0,2.0,4.0,8.0,6.0,-0.339389972,,0.6021591927130814,False,True,1.067408364920742
32,4.0,4.0,2.0,4.0,6.0,-0.345415417,,0.46399781080581937,False,True,0.11160137008429911
31,4.0,2.0,4.0,6.0,6.0,-0.327348181,,0.5154631456128503,False,True,0.062230769503399716
