index,parallelism_deepspeech,parallelism_ffmpeg-0,parallelism_ffmpeg-1,parallelism_ffmpeg-2,parallelism_librosa,target,memory_queue,acquisition,terminated,feasible,ml_mape
44,4.0,2.0,4.0,6.0,4.0,-0.349742236,,,False,True,
2,4.0,2.0,2.0,4.0,4.0,-0.498833333,,,False,True,
241,2.0,2.0,4.0,2.0,2.0,-1.150944444,,,False,False,
202,2.0,2.0,2.0,4.0,2.0,-0.544842333,,,False,False,
144,2.0,4.0,4.0,2.0,6.0,-2.553500542,,,False,True,
22,2.0,4.0,2.0,4.0,6.0,-0.377765889,,,False,True,
166,2.0,4.0,4.0,2.0,2.0,-0.686595319,,,False,True,
151,4.0,2.0,4.0,6.0,4.0,-0.502097222,,,False,True,
9,4.0,4.0,4.0,4.0,6.0,-0.68646125,,,False,True,
5,4.0,4.0,4.0,6.0,6.0,-0.289680556,,0.8673538107769587,False,True,0.7491057825879492
3,4.0,4.0,4.0,8.0,6.0,-0.174361111,,0.8847433386421223,False,True,0.6794717683264597
7,4.0,4.0,4.0,8.0,4.0,-0.233569444,,0.9211461161336097,False,True,0.2300677361455149
16,4.0,4.0,4.0,6.0,4.0,-0.309360444,,1.1190435173754896,False,True,0.3582540455721561
59,4.0,2.0,4.0,8.0,4.0,-0.346334431,,1.0403543275086085,False,True,0.1336045795314536
8,2.0,2.0,2.0,8.0,4.0,-0.240564167,,0.8903196001737868,False,True,1.5591454277533434
65,4.0,2.0,4.0,8.0,6.0,-0.352691847,,0.8848491773891463,False,True,0.4779512279071518
192,4.0,2.0,2.0,8.0,4.0,-0.5575,,1.0041395416243388,False,False,0.25897473550497596
12,4.0,4.0,4.0,4.0,4.0,-0.457125,,0.8194666137185261,False,True,0.012759301400635133
13,4.0,4.0,2.0,8.0,6.0,-0.298934014,,0.78877729959717,False,True,0.027057540227889917
