index,parallelism_deepspeech,parallelism_ffmpeg-0,parallelism_ffmpeg-1,parallelism_ffmpeg-2,parallelism_librosa,target,memory_queue,acquisition,terminated,feasible,ml_mape
177,4.0,2.0,4.0,8.0,2.0,-0.511388458,,,False,False,
122,4.0,2.0,2.0,6.0,6.0,-0.474069444,,,False,True,
1,4.0,2.0,2.0,4.0,4.0,-0.351947292,,,False,True,
33,2.0,4.0,2.0,8.0,6.0,-0.326393083,,,False,True,
233,4.0,4.0,2.0,2.0,2.0,-1.0745,,,False,False,
184,4.0,4.0,2.0,2.0,4.0,-1.912622528,,,False,False,
57,4.0,4.0,4.0,8.0,6.0,-0.411472222,,,False,True,
272,4.0,4.0,4.0,8.0,2.0,-0.842475736,,,False,False,
222,4.0,2.0,2.0,2.0,2.0,-1.028465194,,,False,False,
13,4.0,4.0,2.0,8.0,6.0,-0.298934014,,0.6424256286169272,False,True,0.03595126411368391
17,4.0,2.0,2.0,6.0,4.0,-0.3125,,0.6973231902116059,False,True,0.30982035383959394
41,2.0,4.0,4.0,8.0,6.0,-0.336847361,,0.5368308978381032,False,True,0.07200658738129884
29,4.0,4.0,2.0,6.0,6.0,-0.329223611,,0.5399484692670695,False,True,0.12189301387612099
18,4.0,4.0,2.0,6.0,4.0,-0.312747681,,0.7008484779680935,False,True,0.09420047816341603
5,4.0,4.0,4.0,6.0,6.0,-0.289680556,,0.5397824970221173,False,True,2.691393494249891
30,2.0,4.0,2.0,6.0,6.0,-0.328707986,,0.6773796747011308,False,True,0.7653645432212562
7,4.0,4.0,4.0,8.0,4.0,-0.233569444,,0.5331034611720938,False,True,1.4389112217208004
21,4.0,4.0,2.0,8.0,4.0,-0.313295944,,0.7338930475306228,False,True,0.5029108169197976
16,4.0,4.0,4.0,6.0,4.0,-0.309360444,,0.7209776898960492,False,True,0.8351770534706844
