index,parallelism_deepspeech,parallelism_ffmpeg-0,parallelism_ffmpeg-1,parallelism_ffmpeg-2,parallelism_librosa,target,memory_queue,acquisition,terminated,feasible,ml_mape
210,4.0,2.0,2.0,2.0,6.0,-0.572237847,,,False,False,
255,2.0,2.0,2.0,4.0,6.0,-0.638375,,,False,False,
224,2.0,4.0,2.0,2.0,2.0,-1.002263889,,,False,False,
166,2.0,4.0,4.0,2.0,2.0,-0.686595319,,,False,True,
221,2.0,4.0,4.0,4.0,2.0,-0.581986111,,,False,False,
6,4.0,4.0,4.0,6.0,6.0,-0.263958333,,,False,True,
155,2.0,4.0,4.0,4.0,2.0,-0.489930597,,,False,True,
20,4.0,4.0,2.0,4.0,4.0,-0.320928667,,,False,True,
239,2.0,4.0,4.0,2.0,6.0,-2.643055556,,,False,False,
16,4.0,4.0,4.0,6.0,4.0,-0.309360444,,0.994593410389808,False,True,0.4558143676012021
0,4.0,2.0,2.0,4.0,4.0,-0.478763889,,0.9589691798197318,False,True,0.11804614978384209
3,4.0,4.0,4.0,8.0,6.0,-0.174361111,,0.9165408733894372,False,True,0.29122036086129394
7,4.0,4.0,4.0,8.0,4.0,-0.233569444,,0.940909050689598,False,True,0.9571320893528911
18,4.0,4.0,2.0,6.0,4.0,-0.312747681,,1.1595328165037437,False,True,0.4539085340166835
9,4.0,4.0,4.0,4.0,6.0,-0.68646125,,0.9234708806475583,False,True,0.30249962516758216
8,2.0,2.0,2.0,8.0,4.0,-0.240564167,,0.8673438778217505,False,True,1.6341402674218517
21,4.0,4.0,2.0,8.0,4.0,-0.313295944,,1.0669512322439694,False,True,0.25516284307971
12,4.0,4.0,4.0,4.0,4.0,-0.457125,,0.8478479288245606,False,True,0.15215318076274542
13,4.0,4.0,2.0,8.0,6.0,-0.298934014,,0.816636647138587,False,True,0.7384394848431872
