index,parallelism_deepspeech,parallelism_ffmpeg-0,parallelism_ffmpeg-1,parallelism_ffmpeg-2,parallelism_librosa,target,memory_queue,acquisition,terminated,feasible,ml_mape
25,2.0,4.0,4.0,8.0,4.0,-0.322285514,,,False,True,
93,2.0,4.0,2.0,8.0,4.0,-0.449402778,,,False,True,
258,4.0,2.0,2.0,8.0,4.0,-0.680513889,,,False,False,
254,2.0,2.0,2.0,2.0,6.0,-1.897097222,,,False,False,
2,4.0,2.0,2.0,4.0,4.0,-0.498833333,,,False,True,
39,4.0,2.0,4.0,4.0,6.0,-0.354505208,,,False,True,
68,2.0,4.0,4.0,8.0,6.0,-0.358186139,,,False,True,
161,2.0,2.0,2.0,2.0,2.0,-0.920423736,,,False,True,
48,4.0,2.0,4.0,6.0,4.0,-0.342658708,,,False,True,
31,4.0,2.0,4.0,6.0,6.0,-0.327348181,,0.09330182205325627,False,True,0.3115708126403298
16,4.0,4.0,4.0,6.0,4.0,-0.309360444,,0.08558009794945587,False,True,0.39130420560569606
5,4.0,4.0,4.0,6.0,6.0,-0.289680556,,0.06395213240220596,False,True,1.6551521787229044
87,4.0,2.0,4.0,4.0,2.0,-0.421543819,,0.04699927194492631,False,True,0.2409955094795074
3,4.0,4.0,4.0,8.0,6.0,-0.174361111,,0.03686856130206644,False,True,0.6215691057610765
7,4.0,4.0,4.0,8.0,4.0,-0.233569444,,0.02141344909013185,False,True,0.4853322127038415
13,4.0,4.0,2.0,8.0,6.0,-0.298934014,,0.019592292339652432,False,True,0.26249798521887313
65,4.0,2.0,4.0,8.0,6.0,-0.352691847,,0.006324947210664232,False,True,0.18995238228317451
54,4.0,2.0,4.0,4.0,4.0,-0.355211889,,0.004317343322471096,False,True,0.03197067174576024
137,2.0,4.0,4.0,8.0,2.0,-0.471614069,,0.002860923372682341,False,True,0.24644418331998819
