index,parallelism_deepspeech,parallelism_ffmpeg-0,parallelism_ffmpeg-1,parallelism_ffmpeg-2,parallelism_librosa,target,memory_queue,acquisition,terminated,feasible,ml_mape
244,2.0,4.0,2.0,2.0,4.0,-2.045125,,,False,False,
105,2.0,4.0,2.0,8.0,4.0,-0.476013889,,,False,True,
98,2.0,4.0,2.0,8.0,6.0,-0.451875,,,False,True,
250,4.0,2.0,2.0,8.0,2.0,-0.634722222,,,False,False,
79,4.0,4.0,2.0,6.0,6.0,-0.416763889,,,False,True,
104,4.0,2.0,2.0,6.0,2.0,-0.445360833,,,False,True,
29,4.0,4.0,2.0,6.0,6.0,-0.329223611,,,False,True,
113,4.0,2.0,4.0,4.0,4.0,-0.496375,,,False,True,
267,4.0,4.0,4.0,8.0,2.0,-0.750095889,,,False,False,
13,4.0,4.0,2.0,8.0,6.0,-0.298934014,,0.6147471553474049,False,True,0.16170683252080495
21,4.0,4.0,2.0,8.0,4.0,-0.313295944,,0.7683225750102947,False,True,0.16363215395912323
0,4.0,2.0,2.0,4.0,4.0,-0.478763889,,1.0,False,True,0.30728306024951874
3,4.0,4.0,4.0,8.0,6.0,-0.174361111,,0.5759238410657014,False,True,3.7310918752896165
5,4.0,4.0,4.0,6.0,6.0,-0.289680556,,0.5987552964953338,False,True,0.9958728284262522
65,4.0,2.0,4.0,8.0,6.0,-0.352691847,,0.7283067107631943,False,True,0.4439591097884669
7,4.0,4.0,4.0,8.0,4.0,-0.233569444,,0.5715758179825463,False,True,0.8972070777789793
9,4.0,4.0,4.0,4.0,6.0,-0.68646125,,0.5710477325526064,False,True,1.1318404724785351
16,4.0,4.0,4.0,6.0,4.0,-0.309360444,,0.6899360201628197,False,True,0.46866655145460656
12,4.0,4.0,4.0,4.0,4.0,-0.457125,,0.5234746788176636,False,True,0.007941354224260764
