index,parallelism_deepspeech,parallelism_ffmpeg-0,parallelism_ffmpeg-1,parallelism_ffmpeg-2,parallelism_librosa,target,memory_queue,acquisition,terminated,feasible,ml_mape
275,2.0,2.0,2.0,6.0,4.0,-0.574871111,,,False,False,
178,4.0,4.0,4.0,2.0,2.0,-0.674233264,,,False,False,
158,4.0,2.0,4.0,8.0,6.0,-0.506138889,,,False,True,
20,4.0,4.0,2.0,4.0,4.0,-0.320928667,,,False,True,
263,2.0,2.0,4.0,8.0,6.0,-0.730130069,,,False,False,
90,2.0,4.0,4.0,6.0,6.0,-0.589277778,,,False,True,
225,2.0,2.0,2.0,2.0,6.0,-1.550319444,,,False,False,
124,2.0,2.0,4.0,4.0,6.0,-0.550736111,,,False,True,
194,4.0,2.0,2.0,4.0,6.0,-0.529667778,,,False,False,
54,4.0,2.0,4.0,4.0,4.0,-0.355211889,,0.13718009203146483,False,True,0.09326513884552085
5,4.0,4.0,4.0,6.0,6.0,-0.289680556,,0.16595479827613963,False,True,1.072465794115946
18,4.0,4.0,2.0,6.0,4.0,-0.312747681,,0.2385367945189198,False,True,0.28112243090490563
44,4.0,2.0,4.0,6.0,4.0,-0.349742236,,0.8540208657503863,False,True,0.14445189018685511
16,4.0,4.0,4.0,6.0,4.0,-0.309360444,,0.1180227514800813,False,True,0.4893225429943706
153,4.0,4.0,2.0,6.0,2.0,-0.487353861,,0.10355764732665576,False,True,0.010340780561956283
9,4.0,4.0,4.0,4.0,6.0,-0.68646125,,0.08103098026220525,False,True,0.3772940721637043
109,4.0,2.0,2.0,4.0,2.0,-0.455934792,,0.10454882065280414,False,True,0.08302264759787968
31,4.0,2.0,4.0,6.0,6.0,-0.327348181,,0.09711374569594117,False,True,0.24542843367643088
29,4.0,4.0,2.0,6.0,6.0,-0.329223611,,0.0483699847571103,False,True,0.2942381662240461
