index,parallelism_deepspeech,parallelism_ffmpeg-0,parallelism_ffmpeg-1,parallelism_ffmpeg-2,parallelism_librosa,target,memory_queue,acquisition,terminated,feasible,ml_mape
226,4.0,4.0,4.0,2.0,4.0,-2.279416667,,,False,False,
273,4.0,4.0,2.0,4.0,2.0,-0.848291667,,,False,False,
96,2.0,4.0,2.0,4.0,6.0,-0.516527778,,,False,True,
165,4.0,4.0,2.0,2.0,6.0,-1.700916667,,,False,True,
228,2.0,2.0,2.0,2.0,4.0,-1.829888889,,,False,False,
140,2.0,2.0,4.0,6.0,6.0,-0.489888889,,,False,True,
194,4.0,2.0,2.0,4.0,6.0,-0.529667778,,,False,False,
220,4.0,2.0,4.0,2.0,6.0,-0.579277778,,,False,False,
115,2.0,2.0,2.0,8.0,4.0,-0.469847222,,,False,True,
13,4.0,4.0,2.0,8.0,6.0,-0.298934014,,0.07535158847428926,False,True,0.6383574114596795
30,2.0,4.0,2.0,6.0,6.0,-0.328707986,,0.8868322201479468,False,True,0.1299439372019649
58,4.0,2.0,2.0,8.0,6.0,-0.368771528,,0.7923228831840397,False,True,0.1387645724993442
3,4.0,4.0,4.0,8.0,6.0,-0.174361111,,0.6859101579388522,False,True,3.308139330043333
7,4.0,4.0,4.0,8.0,4.0,-0.233569444,,0.7860931535319173,False,True,1.277010949272442
208,2.0,4.0,2.0,8.0,2.0,-0.562777778,,0.8775130362154193,False,False,0.10640009016390051
41,2.0,4.0,4.0,8.0,6.0,-0.336847361,,0.7982240599078312,False,True,0.508789359321139
106,4.0,2.0,4.0,8.0,2.0,-0.456300083,,0.8224898163409899,False,True,0.7459257701056363
5,4.0,4.0,4.0,6.0,6.0,-0.289680556,,0.8043926601257705,False,True,0.8997579382780925
21,4.0,4.0,2.0,8.0,4.0,-0.313295944,,0.7927259102000759,False,True,0.7046984763045385
