index,parallelism_deepspeech,parallelism_ffmpeg-0,parallelism_ffmpeg-1,parallelism_ffmpeg-2,parallelism_librosa,target,memory_queue,acquisition,terminated,feasible,ml_mape
147,2.0,2.0,4.0,8.0,4.0,-0.496416667,,,False,True,
69,4.0,2.0,2.0,8.0,6.0,-0.358575153,,,False,True,
141,2.0,2.0,2.0,8.0,6.0,-0.486847222,,,False,True,
171,4.0,4.0,2.0,2.0,6.0,-1.776849611,,,False,True,
30,2.0,4.0,2.0,6.0,6.0,-0.328707986,,,False,True,
180,2.0,4.0,2.0,2.0,6.0,-1.863021056,,,False,False,
2,4.0,2.0,2.0,4.0,4.0,-0.498833333,,,False,True,
190,2.0,2.0,2.0,4.0,6.0,-0.527102625,,,False,False,
181,2.0,4.0,2.0,2.0,2.0,-0.816021472,,,False,False,
52,2.0,2.0,2.0,6.0,6.0,-0.341679014,,1.1371029677072593,False,True,0.5653208314287346
55,4.0,2.0,2.0,6.0,6.0,-0.347265153,,1.031899173650021,False,True,0.1178334386066223
7,4.0,4.0,4.0,8.0,4.0,-0.233569444,,0.6740134763021793,False,True,1.0087494614493022
13,4.0,4.0,2.0,8.0,6.0,-0.298934014,,0.6980554581879984,False,True,0.14428566473281015
17,4.0,2.0,2.0,6.0,4.0,-0.3125,,0.6978197404015904,False,True,0.8458419238311649
3,4.0,4.0,4.0,8.0,6.0,-0.174361111,,0.6912768087227801,False,True,0.03734239924536046
65,4.0,2.0,4.0,8.0,6.0,-0.352691847,,0.9642522098855104,False,True,0.45307235706621013
5,4.0,4.0,4.0,6.0,6.0,-0.289680556,,0.6908957985686003,False,True,1.1440647195410165
16,4.0,4.0,4.0,6.0,4.0,-0.309360444,,0.9113742052199698,False,True,0.6247300176992169
41,2.0,4.0,4.0,8.0,6.0,-0.336847361,,0.8830028490321096,False,True,0.3654290681462501
