index,parallelism_deepspeech,parallelism_ffmpeg-0,parallelism_ffmpeg-1,parallelism_ffmpeg-2,parallelism_librosa,target,memory_queue,acquisition,terminated,feasible,ml_mape
194,4.0,2.0,2.0,4.0,6.0,-0.529667778,,,False,False,
213,2.0,4.0,4.0,6.0,2.0,-0.56625,,,False,False,
73,2.0,2.0,2.0,6.0,4.0,-0.397555556,,,False,True,
268,4.0,4.0,2.0,4.0,2.0,-0.752026028,,,False,False,
232,2.0,4.0,2.0,2.0,2.0,-1.063930556,,,False,False,
188,2.0,2.0,4.0,4.0,2.0,-0.537317903,,,False,False,
185,4.0,2.0,4.0,6.0,2.0,-0.531611111,,,False,False,
207,2.0,2.0,2.0,2.0,6.0,-2.025200306,,,False,False,
43,2.0,2.0,4.0,6.0,4.0,-0.338625681,,,False,True,
47,2.0,2.0,4.0,8.0,6.0,-0.339389972,,0.5097663610071119,False,True,1.0464624056890441
128,2.0,2.0,2.0,8.0,2.0,-0.468699931,,0.4633152651064577,False,True,0.4965303366607919
41,2.0,4.0,4.0,8.0,6.0,-0.336847361,,0.4450060488565966,False,True,0.11799299484664166
46,2.0,2.0,4.0,8.0,4.0,-0.341116875,,0.5706147732282663,False,True,0.07538126033975408
8,2.0,2.0,2.0,8.0,4.0,-0.240564167,,0.4914466009013404,False,True,1.2287609151228067
19,2.0,4.0,2.0,8.0,4.0,-0.314709528,,0.5218619421240942,False,True,0.29807522890092936
192,4.0,2.0,2.0,8.0,4.0,-0.5575,,0.41828746203044437,False,False,0.5640706429833825
25,2.0,4.0,4.0,8.0,4.0,-0.322285514,,0.4931840862835952,False,True,0.22783315515811345
191,2.0,2.0,2.0,6.0,2.0,-0.541027778,,0.37035623654198463,False,False,0.12590600655640563
139,4.0,4.0,4.0,2.0,6.0,-2.581552792,,0.4563095453822495,False,True,0.6522298260669193
