index,parallelism_deepspeech,parallelism_ffmpeg-0,parallelism_ffmpeg-1,parallelism_ffmpeg-2,parallelism_librosa,target,memory_queue,acquisition,terminated,feasible,ml_mape
187,4.0,2.0,2.0,4.0,2.0,-0.527723514,,,False,False,
163,4.0,2.0,4.0,2.0,6.0,-1.661284764,,,False,True,
112,4.0,2.0,2.0,2.0,4.0,-1.663708333,,,False,True,
120,4.0,2.0,2.0,8.0,6.0,-0.472138889,,,False,True,
262,4.0,2.0,2.0,2.0,6.0,-0.753805556,,,False,False,
87,4.0,2.0,4.0,4.0,2.0,-0.421543819,,,False,True,
264,4.0,4.0,2.0,8.0,2.0,-0.718686361,,,False,False,
121,4.0,4.0,2.0,8.0,2.0,-0.475219681,,,False,True,
259,4.0,2.0,2.0,2.0,2.0,-0.68475,,,False,False,
137,2.0,4.0,4.0,8.0,2.0,-0.471614069,,0.20270677092034375,False,True,1.263886753601478
157,4.0,4.0,4.0,8.0,2.0,-0.507875,,0.21427896130143873,False,True,0.470224645406796
169,4.0,2.0,4.0,2.0,2.0,-0.879925569,,0.17027741445909564,False,True,0.17314479496013888
65,4.0,2.0,4.0,8.0,6.0,-0.352691847,,0.18627801052876533,False,True,0.29381330485332685
59,4.0,2.0,4.0,8.0,4.0,-0.346334431,,0.207704887983984,False,True,0.5731877826587509
33,2.0,4.0,2.0,8.0,6.0,-0.326393083,,0.19962587986825014,False,True,0.8390751663029079
41,2.0,4.0,4.0,8.0,6.0,-0.336847361,,0.19296837003765802,False,True,0.7622747073686122
25,2.0,4.0,4.0,8.0,4.0,-0.322285514,,0.15484438440916148,False,True,0.48006643117731723
44,4.0,2.0,4.0,6.0,4.0,-0.349742236,,0.1735256158771834,False,True,0.4348171245376758
29,4.0,4.0,2.0,6.0,6.0,-0.329223611,,0.23286458198207569,False,True,0.13754227686600362
