index,parallelism_deepspeech,parallelism_ffmpeg-0,parallelism_ffmpeg-1,parallelism_ffmpeg-2,parallelism_librosa,target,memory_queue,acquisition,terminated,feasible,ml_mape
100,2.0,4.0,2.0,6.0,4.0,-0.453569444,,,False,True,
146,2.0,2.0,2.0,6.0,6.0,-0.489805556,,,False,True,
33,2.0,4.0,2.0,8.0,6.0,-0.326393083,,,False,True,
12,4.0,4.0,4.0,4.0,4.0,-0.457125,,,False,True,
255,2.0,2.0,2.0,4.0,6.0,-0.638375,,,False,False,
124,2.0,2.0,4.0,4.0,6.0,-0.550736111,,,False,True,
137,2.0,4.0,4.0,8.0,2.0,-0.471614069,,,False,True,
111,2.0,2.0,4.0,4.0,4.0,-0.550722222,,,False,True,
186,2.0,2.0,4.0,6.0,2.0,-0.539194444,,,False,False,
59,4.0,2.0,4.0,8.0,4.0,-0.346334431,,0.0005038843611730109,False,True,0.5861960823757785
47,2.0,2.0,4.0,8.0,6.0,-0.339389972,,0.0015361072419657956,False,True,0.5126361498306738
121,4.0,4.0,2.0,8.0,2.0,-0.475219681,,0.0027943734110448346,False,True,0.34479959926535114
41,2.0,4.0,4.0,8.0,6.0,-0.336847361,,0.022847359360107154,False,True,0.3546667608026148
65,4.0,2.0,4.0,8.0,6.0,-0.352691847,,0.02508809262495844,False,True,0.3849255844506199
61,2.0,2.0,2.0,8.0,6.0,-0.3464265,,0.02315363655597987,False,True,0.22323378060566693
160,4.0,4.0,4.0,2.0,2.0,-0.833162361,,0.0049528278391853114,False,True,0.9224152361272673
3,4.0,4.0,4.0,8.0,6.0,-0.174361111,,0.009376272735518307,False,True,0.32000415672319055
7,4.0,4.0,4.0,8.0,4.0,-0.233569444,,0.011309061757979471,False,True,0.23462050092849354
13,4.0,4.0,2.0,8.0,6.0,-0.298934014,,0.01278692316265882,False,True,0.027992723569725365
