index,parallelism_deepspeech,parallelism_ffmpeg-0,parallelism_ffmpeg-1,parallelism_ffmpeg-2,parallelism_librosa,target,memory_queue,acquisition,terminated,feasible,ml_mape
108,2.0,2.0,2.0,4.0,4.0,-0.457611111,,,False,True,
50,4.0,2.0,2.0,6.0,4.0,-0.353336194,,,False,True,
262,4.0,2.0,2.0,2.0,6.0,-0.753805556,,,False,False,
170,4.0,2.0,4.0,2.0,4.0,-1.748654097,,,False,True,
50,4.0,2.0,2.0,6.0,4.0,-0.353336194,,,False,True,
240,4.0,2.0,4.0,2.0,2.0,-1.144777778,,,False,False,
136,4.0,2.0,4.0,6.0,6.0,-0.483944444,,,False,True,
16,4.0,4.0,4.0,6.0,4.0,-0.309360444,,,False,True,
55,4.0,2.0,2.0,6.0,6.0,-0.347265153,,,False,True,
35,2.0,4.0,2.0,6.0,4.0,-0.329550403,,0.1049056300190482,False,True,1.0106947730713725
13,4.0,4.0,2.0,8.0,6.0,-0.298934014,,0.8285890043858053,False,True,1.20917533973399
18,4.0,4.0,2.0,6.0,4.0,-0.312747681,,0.7502699017631953,False,True,0.32139526868783785
3,4.0,4.0,4.0,8.0,6.0,-0.174361111,,0.8003636861870104,False,True,1.8154839517731813
7,4.0,4.0,4.0,8.0,4.0,-0.233569444,,0.8217361789314835,False,True,1.2277034694278237
25,2.0,4.0,4.0,8.0,4.0,-0.322285514,,0.6234183337833765,False,True,0.8915856568390509
40,2.0,4.0,4.0,6.0,6.0,-0.354989264,,0.6375186620460939,False,True,0.5062354432151431
191,2.0,2.0,2.0,6.0,2.0,-0.541027778,,0.6858283669139424,False,False,0.19347097097387023
41,2.0,4.0,4.0,8.0,6.0,-0.336847361,,0.7966568684561206,False,True,0.2544416434253443
29,4.0,4.0,2.0,6.0,6.0,-0.329223611,,0.7227742959569665,False,True,0.4209541440496696
