index,parallelism_deepspeech,parallelism_ffmpeg-0,parallelism_ffmpeg-1,parallelism_ffmpeg-2,parallelism_librosa,target,memory_queue,acquisition,terminated,feasible,ml_mape
63,4.0,2.0,2.0,6.0,6.0,-0.363416389,,,False,True,
87,4.0,2.0,4.0,4.0,2.0,-0.421543819,,,False,True,
243,2.0,4.0,2.0,2.0,6.0,-2.161041667,,,False,False,
244,2.0,4.0,2.0,2.0,4.0,-2.045125,,,False,False,
217,2.0,4.0,4.0,4.0,2.0,-0.575930556,,,False,False,
247,2.0,2.0,4.0,2.0,4.0,-1.706057556,,,False,False,
192,4.0,2.0,2.0,8.0,4.0,-0.5575,,,False,False,
196,2.0,2.0,2.0,6.0,2.0,-0.53278925,,,False,False,
237,2.0,4.0,4.0,2.0,2.0,-0.970541667,,,False,False,
107,4.0,4.0,4.0,6.0,2.0,-0.446536125,,0.3068008172263125,False,True,0.13366516272225745
101,4.0,2.0,4.0,6.0,2.0,-0.441108292,,0.9128367102199756,False,True,0.044182825496110446
61,2.0,2.0,2.0,8.0,6.0,-0.3464265,,0.8841552555409176,False,True,0.7921131803267517
137,2.0,4.0,4.0,8.0,2.0,-0.471614069,,0.824659176885697,False,True,0.2988693201970703
58,4.0,2.0,2.0,8.0,6.0,-0.368771528,,0.8628578500934527,False,True,0.1527127715297896
104,4.0,2.0,2.0,6.0,2.0,-0.445360833,,0.8491263261821796,False,True,0.3873673317455818
125,2.0,4.0,4.0,6.0,2.0,-0.4634665,,0.8643333450678486,False,True,0.14183259807316861
17,4.0,2.0,2.0,6.0,4.0,-0.3125,,0.8437476150667909,False,True,0.6361423672610538
41,2.0,4.0,4.0,8.0,6.0,-0.336847361,,0.9039277282940767,False,True,0.5179236223695493
3,4.0,4.0,4.0,8.0,6.0,-0.174361111,,0.8791711566153362,False,True,2.699435857229121
