index,parallelism_deepspeech,parallelism_ffmpeg-0,parallelism_ffmpeg-1,parallelism_ffmpeg-2,parallelism_librosa,target,memory_queue,acquisition,terminated,feasible,ml_mape
135,2.0,2.0,4.0,4.0,4.0,-0.525222222,,,False,True,
212,4.0,2.0,2.0,2.0,6.0,-1.265793236,,,False,False,
273,4.0,4.0,2.0,4.0,2.0,-0.848291667,,,False,False,
200,4.0,2.0,4.0,4.0,2.0,-0.547041667,,,False,False,
54,4.0,2.0,4.0,4.0,4.0,-0.355211889,,,False,True,
116,2.0,2.0,2.0,4.0,4.0,-0.513097222,,,False,True,
199,4.0,2.0,2.0,8.0,2.0,-0.558790042,,,False,False,
40,2.0,4.0,4.0,6.0,6.0,-0.354989264,,,False,True,
195,2.0,4.0,2.0,4.0,2.0,-0.529499708,,,False,False,
3,4.0,4.0,4.0,8.0,6.0,-0.174361111,,0.07492847798444216,False,True,0.9721031316532672
33,2.0,4.0,2.0,8.0,6.0,-0.326393083,,0.1656374959489061,False,True,0.7851864641009758
59,4.0,2.0,4.0,8.0,4.0,-0.346334431,,0.16532610102539264,False,True,0.6113832617548348
65,4.0,2.0,4.0,8.0,6.0,-0.352691847,,0.16361380286790783,False,True,0.41622815505535493
19,2.0,4.0,2.0,8.0,4.0,-0.314709528,,0.16392026111409846,False,True,0.22213927754670493
5,4.0,4.0,4.0,6.0,6.0,-0.289680556,,0.16350290036311962,False,True,0.2823041701983623
13,4.0,4.0,2.0,8.0,6.0,-0.298934014,,0.16942048820497654,False,True,0.1435970706570665
7,4.0,4.0,4.0,8.0,4.0,-0.233569444,,0.2668354686163572,False,True,0.5265602027667728
21,4.0,4.0,2.0,8.0,4.0,-0.313295944,,0.1876408622813462,False,True,0.28280692774733274
23,2.0,4.0,4.0,4.0,4.0,-0.457704472,,0.1846685545479115,False,True,0.4839659159527793
