index,parallelism_deepspeech,parallelism_ffmpeg-0,parallelism_ffmpeg-1,parallelism_ffmpeg-2,parallelism_librosa,target,memory_queue,acquisition,terminated,feasible,ml_mape
101,4.0,2.0,4.0,6.0,2.0,-0.441108292,,,False,True,
266,2.0,4.0,2.0,8.0,2.0,-0.745151792,,,False,False,
212,4.0,2.0,2.0,2.0,6.0,-1.265793236,,,False,False,
175,2.0,2.0,4.0,2.0,4.0,-1.691752611,,,False,False,
221,2.0,4.0,4.0,4.0,2.0,-0.581986111,,,False,False,
86,4.0,4.0,2.0,4.0,6.0,-0.514958333,,,False,True,
184,4.0,4.0,2.0,2.0,4.0,-1.912622528,,,False,False,
150,4.0,2.0,2.0,2.0,4.0,-1.702361111,,,False,True,
262,4.0,2.0,2.0,2.0,6.0,-0.753805556,,,False,False,
3,4.0,4.0,4.0,8.0,6.0,-0.174361111,,0.3384949161305941,False,True,0.5891564866681243
13,4.0,4.0,2.0,8.0,6.0,-0.298934014,,0.46140677329130203,False,True,0.5655250534987861
29,4.0,4.0,2.0,6.0,6.0,-0.329223611,,0.8817873000670011,False,True,0.05561283134153356
25,2.0,4.0,4.0,8.0,4.0,-0.322285514,,0.5591641629053316,False,True,0.46679466463866004
7,4.0,4.0,4.0,8.0,4.0,-0.233569444,,0.9900906775894521,False,True,0.8512411981080283
157,4.0,4.0,4.0,8.0,2.0,-0.507875,,0.7043091439603452,False,True,0.02332338103042801
59,4.0,2.0,4.0,8.0,4.0,-0.346334431,,1.0011150129868711,False,True,0.01710944508880528
5,4.0,4.0,4.0,6.0,6.0,-0.289680556,,0.910861257131858,False,True,0.4696701838238705
16,4.0,4.0,4.0,6.0,4.0,-0.309360444,,0.8477765779891496,False,True,0.2394381479892945
33,2.0,4.0,2.0,8.0,6.0,-0.326393083,,0.8257469836129623,False,True,0.5820283594055332
