index,parallelism_deepspeech,parallelism_ffmpeg-0,parallelism_ffmpeg-1,parallelism_ffmpeg-2,parallelism_librosa,target,memory_queue,acquisition,terminated,feasible,ml_mape
3,4.0,4.0,4.0,8.0,6.0,-0.174361111,,,False,True,
175,2.0,2.0,4.0,2.0,4.0,-1.691752611,,,False,False,
123,4.0,2.0,2.0,6.0,2.0,-0.461257611,,,False,True,
254,2.0,2.0,2.0,2.0,6.0,-1.897097222,,,False,False,
140,2.0,2.0,4.0,6.0,6.0,-0.489888889,,,False,True,
7,4.0,4.0,4.0,8.0,4.0,-0.233569444,,,False,True,
256,2.0,4.0,2.0,4.0,2.0,-0.640430556,,,False,False,
259,4.0,2.0,2.0,2.0,2.0,-0.68475,,,False,False,
16,4.0,4.0,4.0,6.0,4.0,-0.309360444,,,False,True,
65,4.0,2.0,4.0,8.0,6.0,-0.352691847,,1.222396806243959,False,True,0.47146756690474456
41,2.0,4.0,4.0,8.0,6.0,-0.336847361,,1.1677833520400416,False,True,0.07884125012952527
13,4.0,4.0,2.0,8.0,6.0,-0.298934014,,0.9751230961016446,False,True,0.25979007708731716
153,4.0,4.0,2.0,6.0,2.0,-0.487353861,,0.9390753664287788,False,True,0.1495641036348602
43,2.0,2.0,4.0,6.0,4.0,-0.338625681,,0.7089520150421976,False,True,0.5668279358570625
59,4.0,2.0,4.0,8.0,4.0,-0.346334431,,0.9067372377568492,False,True,0.3434528898532291
44,4.0,2.0,4.0,6.0,4.0,-0.349742236,,0.8613800028704169,False,True,0.13363351410736776
101,4.0,2.0,4.0,6.0,2.0,-0.441108292,,0.666421521844864,False,True,0.047195156193686756
18,4.0,4.0,2.0,6.0,4.0,-0.312747681,,0.6196492190985724,False,True,0.1933549600083775
35,2.0,4.0,2.0,6.0,4.0,-0.329550403,,0.5443540153357198,False,True,0.6769542681858358
