index,parallelism_deepspeech,parallelism_ffmpeg-0,parallelism_ffmpeg-1,parallelism_ffmpeg-2,parallelism_librosa,target,memory_queue,acquisition,terminated,feasible,ml_mape
210,4.0,2.0,2.0,2.0,6.0,-0.572237847,,,False,False,
255,2.0,2.0,2.0,4.0,6.0,-0.638375,,,False,False,
224,2.0,4.0,2.0,2.0,2.0,-1.002263889,,,False,False,
166,2.0,4.0,4.0,2.0,2.0,-0.686595319,,,False,True,
221,2.0,4.0,4.0,4.0,2.0,-0.581986111,,,False,False,
6,4.0,4.0,4.0,6.0,6.0,-0.263958333,,,False,True,
155,2.0,4.0,4.0,4.0,2.0,-0.489930597,,,False,True,
20,4.0,4.0,2.0,4.0,4.0,-0.320928667,,,False,True,
239,2.0,4.0,4.0,2.0,6.0,-2.643055556,,,False,False,
13,4.0,4.0,2.0,8.0,6.0,-0.298934014,,0.0801655604905124,False,True,0.9539680018094265
29,4.0,4.0,2.0,6.0,6.0,-0.329223611,,0.11650260770228364,False,True,0.18603028545066033
117,4.0,4.0,2.0,4.0,2.0,-0.462181681,,0.07187156847497293,False,True,0.4243831715075544
46,2.0,2.0,4.0,8.0,4.0,-0.341116875,,0.0826736966892811,False,True,0.02544132657527581
3,4.0,4.0,4.0,8.0,6.0,-0.174361111,,0.11350033470694826,False,True,0.18112306473672626
7,4.0,4.0,4.0,8.0,4.0,-0.233569444,,0.11403570676352873,False,True,0.33810615547552386
25,2.0,4.0,4.0,8.0,4.0,-0.322285514,,0.13477655168998748,False,True,0.776499440008981
58,4.0,2.0,2.0,8.0,6.0,-0.368771528,,0.07836284336032687,False,True,0.4581757718806671
47,2.0,2.0,4.0,8.0,6.0,-0.339389972,,0.10252238651450951,False,True,0.07542030336202722
0,4.0,2.0,2.0,4.0,4.0,-0.478763889,,0.08827810688353789,False,True,0.3355748008524973
