index,parallelism_deepspeech,parallelism_ffmpeg-0,parallelism_ffmpeg-1,parallelism_ffmpeg-2,parallelism_librosa,target,memory_queue,acquisition,terminated,feasible,ml_mape
233,4.0,4.0,2.0,2.0,2.0,-1.0745,,,False,False,
196,2.0,2.0,2.0,6.0,2.0,-0.53278925,,,False,False,
168,2.0,2.0,4.0,6.0,2.0,-0.523680556,,,False,True,
125,2.0,4.0,4.0,6.0,2.0,-0.4634665,,,False,True,
168,2.0,2.0,4.0,6.0,2.0,-0.523680556,,,False,True,
220,4.0,2.0,4.0,2.0,6.0,-0.579277778,,,False,False,
133,2.0,2.0,4.0,6.0,4.0,-0.483902778,,,False,True,
134,4.0,4.0,4.0,4.0,2.0,-0.472590528,,,False,True,
19,2.0,4.0,2.0,8.0,4.0,-0.314709528,,,False,True,
21,4.0,4.0,2.0,8.0,4.0,-0.313295944,,0.019858906485316196,False,True,0.5300017595501703
7,4.0,4.0,4.0,8.0,4.0,-0.233569444,,0.03219199824873095,False,True,0.19808344705298583
3,4.0,4.0,4.0,8.0,6.0,-0.174361111,,0.02618102154342605,False,True,0.2758782071324422
41,2.0,4.0,4.0,8.0,6.0,-0.336847361,,0.01753944072956355,False,True,0.519236666804573
65,4.0,2.0,4.0,8.0,6.0,-0.352691847,,0.01751391840377578,False,True,0.5776726798149332
5,4.0,4.0,4.0,6.0,6.0,-0.289680556,,0.012566848631657317,False,True,0.9492624795284641
13,4.0,4.0,2.0,8.0,6.0,-0.298934014,,0.009250143803565017,False,True,0.3508967562963152
157,4.0,4.0,4.0,8.0,2.0,-0.507875,,0.0025583776532328273,False,True,0.11367816891826833
16,4.0,4.0,4.0,6.0,4.0,-0.309360444,,0.002663901464603685,False,True,0.3312830990954634
192,4.0,2.0,2.0,8.0,4.0,-0.5575,,0.0007041267151515768,False,False,0.2633645585749586
