index,parallelism_deepspeech,parallelism_ffmpeg-0,parallelism_ffmpeg-1,parallelism_ffmpeg-2,parallelism_librosa,target,memory_queue,acquisition,terminated,feasible,ml_mape
153,4.0,4.0,2.0,6.0,2.0,-0.487353861,,,False,True,
186,2.0,2.0,4.0,6.0,2.0,-0.539194444,,,False,False,
245,4.0,4.0,4.0,2.0,6.0,-2.663833333,,,False,False,
204,4.0,4.0,4.0,4.0,2.0,-0.556930556,,,False,False,
189,2.0,2.0,4.0,2.0,6.0,-1.738330417,,,False,False,
231,4.0,4.0,2.0,2.0,6.0,-2.021638889,,,False,False,
152,2.0,2.0,4.0,4.0,2.0,-0.505361111,,,False,True,
105,2.0,4.0,2.0,8.0,4.0,-0.476013889,,,False,True,
223,2.0,2.0,2.0,2.0,2.0,-1.058027778,,,False,False,
107,4.0,4.0,4.0,6.0,2.0,-0.446536125,,1.4760024884890248,False,True,0.12852226854735235
125,2.0,4.0,4.0,6.0,2.0,-0.4634665,,1.4555806367598847,False,True,0.08841616703213798
155,2.0,4.0,4.0,4.0,2.0,-0.489930597,,1.3622630306510253,False,True,0.025236978508527172
0,4.0,2.0,2.0,4.0,4.0,-0.478763889,,0.9244349123010426,False,True,0.09037645673059305
17,4.0,2.0,2.0,6.0,4.0,-0.3125,,1.4066682403683597,False,True,0.43444689405257614
3,4.0,4.0,4.0,8.0,6.0,-0.174361111,,0.938005343407179,False,True,0.3677265664617085
5,4.0,4.0,4.0,6.0,6.0,-0.289680556,,0.9800329853417226,False,True,1.056597130241209
16,4.0,4.0,4.0,6.0,4.0,-0.309360444,,1.4792792358347724,False,True,0.07476169591074573
7,4.0,4.0,4.0,8.0,4.0,-0.233569444,,1.397290875435313,False,True,0.3336317963088266
9,4.0,4.0,4.0,4.0,6.0,-0.68646125,,0.9969399489540185,False,True,0.7694152275664841
