index,parallelism_deepspeech,parallelism_ffmpeg-0,parallelism_ffmpeg-1,parallelism_ffmpeg-2,parallelism_librosa,target,memory_queue,acquisition,terminated,feasible,ml_mape
231,4.0,4.0,2.0,2.0,6.0,-2.021638889,,,False,False,
259,4.0,2.0,2.0,2.0,2.0,-0.68475,,,False,False,
204,4.0,4.0,4.0,4.0,2.0,-0.556930556,,,False,False,
74,4.0,4.0,2.0,8.0,4.0,-0.413611111,,,False,True,
179,4.0,4.0,2.0,2.0,2.0,-0.773426778,,,False,False,
50,4.0,2.0,2.0,6.0,4.0,-0.353336194,,,False,True,
228,2.0,2.0,2.0,2.0,4.0,-1.829888889,,,False,False,
272,4.0,4.0,4.0,8.0,2.0,-0.842475736,,,False,False,
269,4.0,4.0,2.0,8.0,2.0,-0.818444444,,,False,False,
192,4.0,2.0,2.0,8.0,4.0,-0.5575,,0.14323247885482662,False,False,0.5049917628205999
18,4.0,4.0,2.0,6.0,4.0,-0.312747681,,0.14983239470692689,False,True,0.39567828721616904
16,4.0,4.0,4.0,6.0,4.0,-0.309360444,,0.08265640445986593,False,True,0.14592893841325563
44,4.0,2.0,4.0,6.0,4.0,-0.349742236,,0.045319187506890166,False,True,0.1513385891551097
0,4.0,2.0,2.0,4.0,4.0,-0.478763889,,0.04501983693331878,False,True,0.23093599837119094
42,2.0,2.0,4.0,4.0,6.0,-0.343127194,,0.05985200628527516,False,True,0.8596138782843352
22,2.0,4.0,2.0,4.0,6.0,-0.377765889,,0.06303589879804515,False,True,0.011729717639176445
110,2.0,2.0,2.0,4.0,6.0,-0.468694444,,0.06442896576692626,False,True,0.2603331638463939
5,4.0,4.0,4.0,6.0,6.0,-0.289680556,,0.06139254980840832,False,True,0.866623860971209
15,2.0,4.0,4.0,4.0,6.0,-0.782349653,,0.05560881047253196,False,True,0.0011441783133464888
