index,parallelism_deepspeech,parallelism_ffmpeg-0,parallelism_ffmpeg-1,parallelism_ffmpeg-2,parallelism_librosa,target,memory_queue,acquisition,terminated,feasible,ml_mape
195,2.0,4.0,2.0,4.0,2.0,-0.529499708,,,False,False,
114,2.0,4.0,2.0,6.0,2.0,-0.45505725,,,False,True,
94,2.0,4.0,2.0,6.0,6.0,-0.453180556,,,False,True,
102,2.0,4.0,4.0,8.0,6.0,-0.515444444,,,False,True,
28,2.0,4.0,4.0,4.0,4.0,-0.407666667,,,False,True,
101,4.0,2.0,4.0,6.0,2.0,-0.441108292,,,False,True,
8,2.0,2.0,2.0,8.0,4.0,-0.240564167,,,False,True,
50,4.0,2.0,2.0,6.0,4.0,-0.353336194,,,False,True,
186,2.0,2.0,4.0,6.0,2.0,-0.539194444,,,False,False,
156,2.0,2.0,2.0,2.0,2.0,-0.8476465,,-0.006913593752640987,False,True,0.02909845510527148
46,2.0,2.0,4.0,8.0,4.0,-0.341116875,,-0.008563009751676384,False,True,0.4390979049741658
163,4.0,2.0,4.0,2.0,6.0,-1.661284764,,-0.00020430779162084324,False,True,2.233244886043604
192,4.0,2.0,2.0,8.0,4.0,-0.5575,,0.08777304114823335,False,False,1.0734522212874202
19,2.0,4.0,2.0,8.0,4.0,-0.314709528,,0.11149229115650104,False,True,0.6551251393157548
16,4.0,4.0,4.0,6.0,4.0,-0.309360444,,0.06015648508598793,False,True,0.18175748926523713
129,4.0,4.0,4.0,4.0,2.0,-0.469290486,,0.035724527811351846,False,True,0.5539343181117673
73,2.0,2.0,2.0,6.0,4.0,-0.397555556,,0.04678641050628509,False,True,0.19891963704549495
128,2.0,2.0,2.0,8.0,2.0,-0.468699931,,0.07830374065994627,False,True,0.3825579431130435
61,2.0,2.0,2.0,8.0,6.0,-0.3464265,,0.0207149821941993,False,True,0.5429419398218195
