index,parallelism_deepspeech,parallelism_ffmpeg-0,parallelism_ffmpeg-1,parallelism_ffmpeg-2,parallelism_librosa,target,memory_queue,acquisition,terminated,feasible,ml_mape
51,4.0,4.0,2.0,8.0,6.0,-0.361694444,,,False,True,
179,4.0,4.0,2.0,2.0,2.0,-0.773426778,,,False,False,
0,4.0,2.0,2.0,4.0,4.0,-0.478763889,,,False,True,
47,2.0,2.0,4.0,8.0,6.0,-0.339389972,,,False,True,
124,2.0,2.0,4.0,4.0,6.0,-0.550736111,,,False,True,
60,2.0,2.0,4.0,6.0,6.0,-0.347250847,,,False,True,
135,2.0,2.0,4.0,4.0,4.0,-0.525222222,,,False,True,
40,2.0,4.0,4.0,6.0,6.0,-0.354989264,,,False,True,
10,4.0,4.0,4.0,4.0,6.0,-0.642764458,,,False,True,
41,2.0,4.0,4.0,8.0,6.0,-0.336847361,,0.034458439743705604,False,True,0.09516418405909215
46,2.0,2.0,4.0,8.0,4.0,-0.341116875,,0.02490414735149992,False,True,0.5721479143531873
192,4.0,2.0,2.0,8.0,4.0,-0.5575,,0.027506380896419227,False,False,0.3020127656225691
25,2.0,4.0,4.0,8.0,4.0,-0.322285514,,0.022617192981190068,False,True,0.15617802624827853
30,2.0,4.0,2.0,6.0,6.0,-0.328707986,,0.01637272895523988,False,True,0.7330824317406027
33,2.0,4.0,2.0,8.0,6.0,-0.326393083,,0.025692565117414558,False,True,0.4703415423140183
52,2.0,2.0,2.0,6.0,6.0,-0.341679014,,0.014461320276034594,False,True,0.06518939196423583
137,2.0,4.0,4.0,8.0,2.0,-0.471614069,,0.012039961754312684,False,True,0.4609246124366703
19,2.0,4.0,2.0,8.0,4.0,-0.314709528,,0.007341806293076278,False,True,0.22529878897789135
0,4.0,2.0,2.0,4.0,4.0,-0.478763889,,1.0,False,True,0.00590552009491006
