index,parallelism_deepspeech,parallelism_ffmpeg-0,parallelism_ffmpeg-1,parallelism_ffmpeg-2,parallelism_librosa,target,memory_queue,acquisition,terminated,feasible,ml_mape
154,4.0,4.0,4.0,2.0,6.0,-2.677372167,,,False,True,
205,4.0,2.0,2.0,2.0,2.0,-0.561025153,,,False,False,
95,2.0,4.0,2.0,4.0,4.0,-0.576430556,,,False,True,
88,2.0,4.0,2.0,4.0,4.0,-0.563819444,,,False,True,
223,2.0,2.0,2.0,2.0,2.0,-1.058027778,,,False,False,
113,4.0,2.0,4.0,4.0,4.0,-0.496375,,,False,True,
220,4.0,2.0,4.0,2.0,6.0,-0.579277778,,,False,False,
61,2.0,2.0,2.0,8.0,6.0,-0.3464265,,,False,True,
198,2.0,2.0,2.0,4.0,2.0,-0.54725,,,False,False,
58,4.0,2.0,2.0,8.0,6.0,-0.368771528,,0.6196481003472754,False,True,0.26370760180150976
52,2.0,2.0,2.0,6.0,6.0,-0.341679014,,0.5443954308280138,False,True,0.40831086776494185
55,4.0,2.0,2.0,6.0,6.0,-0.347265153,,0.6415127914792733,False,True,0.05436268100418829
110,2.0,2.0,2.0,4.0,6.0,-0.468694444,,0.6144770357902253,False,True,0.17823472473138954
0,4.0,2.0,2.0,4.0,4.0,-0.478763889,,1.0,False,True,0.01807760628482508
160,4.0,4.0,4.0,2.0,2.0,-0.833162361,,0.8279138878404586,False,True,0.0635533007227567
13,4.0,4.0,2.0,8.0,6.0,-0.298934014,,0.7687182556229465,False,True,0.5957373786009247
40,2.0,4.0,4.0,6.0,6.0,-0.354989264,,0.7570270254358126,False,True,0.6107353005712011
5,4.0,4.0,4.0,6.0,6.0,-0.289680556,,0.6998929999568075,False,True,0.7732993206972669
33,2.0,4.0,2.0,8.0,6.0,-0.326393083,,0.5493542526856747,False,True,0.09252263663427501
