index,parallelism_deepspeech,parallelism_ffmpeg-0,parallelism_ffmpeg-1,parallelism_ffmpeg-2,parallelism_librosa,target,memory_queue,acquisition,terminated,feasible,ml_mape
232,2.0,4.0,2.0,2.0,2.0,-1.063930556,,,False,False,
123,4.0,2.0,2.0,6.0,2.0,-0.461257611,,,False,True,
123,4.0,2.0,2.0,6.0,2.0,-0.461257611,,,False,True,
110,2.0,2.0,2.0,4.0,6.0,-0.468694444,,,False,True,
94,2.0,4.0,2.0,6.0,6.0,-0.453180556,,,False,True,
226,4.0,4.0,4.0,2.0,4.0,-2.279416667,,,False,False,
263,2.0,2.0,4.0,8.0,6.0,-0.730130069,,,False,False,
76,4.0,4.0,2.0,6.0,4.0,-0.409236111,,,False,True,
49,2.0,2.0,2.0,4.0,4.0,-0.340263431,,,False,True,
13,4.0,4.0,2.0,8.0,6.0,-0.298934014,,0.5170216806802459,False,True,0.10711470251657482
55,4.0,2.0,2.0,6.0,6.0,-0.347265153,,0.3565842265221093,False,True,0.18960262617526502
73,2.0,2.0,2.0,6.0,4.0,-0.397555556,,0.2682369200193056,False,True,0.049266937477627476
210,4.0,2.0,2.0,2.0,6.0,-0.572237847,,0.875687034496235,False,False,0.31358589235221906
192,4.0,2.0,2.0,8.0,4.0,-0.5575,,0.24248238313308954,False,False,0.24140565616951304
125,2.0,4.0,4.0,6.0,2.0,-0.4634665,,0.20577085407603782,False,True,0.4848743218339161
152,2.0,2.0,4.0,4.0,2.0,-0.505361111,,0.20611037376624225,False,True,0.5175669421923835
169,4.0,2.0,4.0,2.0,2.0,-0.879925569,,0.9620800359524884,False,True,0.3848991109554302
3,4.0,4.0,4.0,8.0,6.0,-0.174361111,,0.21834666897007285,False,True,2.118895801978294
157,4.0,4.0,4.0,8.0,2.0,-0.507875,,0.3243969417694087,False,True,0.09969555102054654
