index,parallelism_deepspeech,parallelism_ffmpeg-0,parallelism_ffmpeg-1,parallelism_ffmpeg-2,parallelism_librosa,target,memory_queue,acquisition,terminated,feasible,ml_mape
51,4.0,4.0,2.0,8.0,6.0,-0.361694444,,,False,True,
179,4.0,4.0,2.0,2.0,2.0,-0.773426778,,,False,False,
0,4.0,2.0,2.0,4.0,4.0,-0.478763889,,,False,True,
47,2.0,2.0,4.0,8.0,6.0,-0.339389972,,,False,True,
124,2.0,2.0,4.0,4.0,6.0,-0.550736111,,,False,True,
60,2.0,2.0,4.0,6.0,6.0,-0.347250847,,,False,True,
135,2.0,2.0,4.0,4.0,4.0,-0.525222222,,,False,True,
40,2.0,4.0,4.0,6.0,6.0,-0.354989264,,,False,True,
10,4.0,4.0,4.0,4.0,6.0,-0.642764458,,,False,True,
41,2.0,4.0,4.0,8.0,6.0,-0.336847361,,0.02431760644232238,False,True,0.09516418405909215
58,4.0,2.0,2.0,8.0,6.0,-0.368771528,,0.017184338561994635,False,True,0.05863309143794786
33,2.0,4.0,2.0,8.0,6.0,-0.326393083,,0.014394859684169583,False,True,1.0079733116528782
52,2.0,2.0,2.0,6.0,6.0,-0.341679014,,0.012730609506518938,False,True,0.02029429046723866
8,2.0,2.0,2.0,8.0,4.0,-0.240564167,,0.009558054580450566,False,True,2.398107598317617
128,2.0,2.0,2.0,8.0,2.0,-0.468699931,,0.008620338353099643,False,True,0.4315510027614733
19,2.0,4.0,2.0,8.0,4.0,-0.314709528,,0.004163187903840182,False,True,0.4103819214194346
46,2.0,2.0,4.0,8.0,4.0,-0.341116875,,0.0028043701895239066,False,True,0.4621563647011275
61,2.0,2.0,2.0,8.0,6.0,-0.3464265,,0.002362800644579826,False,True,0.2512544125034268
163,4.0,2.0,4.0,2.0,6.0,-1.661284764,,0.8240269825094847,False,True,0.046489445127459186
