index,parallelism_deepspeech,parallelism_ffmpeg-0,parallelism_ffmpeg-1,parallelism_ffmpeg-2,parallelism_librosa,target,memory_queue,acquisition,terminated,feasible,ml_mape
26,4.0,4.0,4.0,6.0,4.0,-0.335936681,,,False,True,
258,4.0,2.0,2.0,8.0,4.0,-0.680513889,,,False,False,
113,4.0,2.0,4.0,4.0,4.0,-0.496375,,,False,True,
85,4.0,4.0,4.0,4.0,6.0,-1.020666667,,,False,True,
125,2.0,4.0,4.0,6.0,2.0,-0.4634665,,,False,True,
136,4.0,2.0,4.0,6.0,6.0,-0.483944444,,,False,True,
134,4.0,4.0,4.0,4.0,2.0,-0.472590528,,,False,True,
197,4.0,4.0,4.0,6.0,2.0,-0.543944444,,,False,False,
1,4.0,2.0,2.0,4.0,4.0,-0.351947292,,,False,True,
8,2.0,2.0,2.0,8.0,4.0,-0.240564167,,-0.0,False,True,2.852641682988096
3,4.0,4.0,4.0,8.0,6.0,-0.174361111,,0.020998673979537474,False,True,0.11463431682000175
5,4.0,4.0,4.0,6.0,6.0,-0.289680556,,0.08424819822659718,False,True,0.6100973015502262
7,4.0,4.0,4.0,8.0,4.0,-0.233569444,,0.09255699354587527,False,True,1.3097834738092975
12,4.0,4.0,4.0,4.0,4.0,-0.457125,,0.11112670375543476,False,True,0.3214814330176674
13,4.0,4.0,2.0,8.0,6.0,-0.298934014,,0.09009633597641115,False,True,0.349088786306851
17,4.0,2.0,2.0,6.0,4.0,-0.3125,,0.09027982050201577,False,True,0.8004532813968859
73,2.0,2.0,2.0,6.0,4.0,-0.397555556,,0.08757397433520303,False,True,0.9066270414684158
29,4.0,4.0,2.0,6.0,6.0,-0.329223611,,0.07387801045069647,False,True,0.24069283755477452
18,4.0,4.0,2.0,6.0,4.0,-0.312747681,,0.06857694922230512,False,True,0.19421208947322177
