index,parallelism_deepspeech,parallelism_ffmpeg-0,parallelism_ffmpeg-1,parallelism_ffmpeg-2,parallelism_librosa,target,memory_queue,acquisition,terminated,feasible,ml_mape
29,4.0,4.0,2.0,6.0,6.0,-0.329223611,,,False,True,
135,2.0,2.0,4.0,4.0,4.0,-0.525222222,,,False,True,
163,4.0,2.0,4.0,2.0,6.0,-1.661284764,,,False,True,
149,4.0,2.0,2.0,6.0,4.0,-0.503263889,,,False,True,
248,2.0,4.0,4.0,2.0,2.0,-1.079555556,,,False,False,
10,4.0,4.0,4.0,4.0,6.0,-0.642764458,,,False,True,
218,4.0,4.0,2.0,6.0,2.0,-0.581611111,,,False,False,
50,4.0,2.0,2.0,6.0,4.0,-0.353336194,,,False,True,
3,4.0,4.0,4.0,8.0,6.0,-0.174361111,,,False,True,
41,2.0,4.0,4.0,8.0,6.0,-0.336847361,,0.06770025161042068,False,True,0.1853408563201128
7,4.0,4.0,4.0,8.0,4.0,-0.233569444,,0.9523773967969594,False,True,0.666401252789208
65,4.0,2.0,4.0,8.0,6.0,-0.352691847,,0.9162158389557664,False,True,0.46543665841560383
13,4.0,4.0,2.0,8.0,6.0,-0.298934014,,0.8868760005778993,False,True,0.23318631354421973
203,2.0,2.0,4.0,8.0,2.0,-0.560458333,,0.9247355084619806,False,False,0.2402476603400667
5,4.0,4.0,4.0,6.0,6.0,-0.289680556,,0.8858056578873919,False,True,0.10514292713459442
30,2.0,4.0,2.0,6.0,6.0,-0.328707986,,0.8928494430446998,False,True,0.5450864364592385
43,2.0,2.0,4.0,6.0,4.0,-0.338625681,,0.8256891900129936,False,True,0.5930829399487781
16,4.0,4.0,4.0,6.0,4.0,-0.309360444,,0.847388401698187,False,True,0.5760377425268403
40,2.0,4.0,4.0,6.0,6.0,-0.354989264,,0.8447537033611634,False,True,0.03145873327347665
