index,parallelism_deepspeech,parallelism_ffmpeg-0,parallelism_ffmpeg-1,parallelism_ffmpeg-2,parallelism_librosa,target,memory_queue,acquisition,terminated,feasible,ml_mape
71,4.0,4.0,2.0,8.0,4.0,-0.4445,,,False,True,
203,2.0,2.0,4.0,8.0,2.0,-0.560458333,,,False,False,
149,4.0,2.0,2.0,6.0,4.0,-0.503263889,,,False,True,
147,2.0,2.0,4.0,8.0,4.0,-0.496416667,,,False,True,
68,2.0,4.0,4.0,8.0,6.0,-0.358186139,,,False,True,
190,2.0,2.0,2.0,4.0,6.0,-0.527102625,,,False,False,
69,4.0,2.0,2.0,8.0,6.0,-0.358575153,,,False,True,
90,2.0,4.0,4.0,6.0,6.0,-0.589277778,,,False,True,
185,4.0,2.0,4.0,6.0,2.0,-0.531611111,,,False,False,
0,4.0,2.0,2.0,4.0,4.0,-0.478763889,,-0.0,False,True,0.20065686115766065
8,2.0,2.0,2.0,8.0,4.0,-0.240564167,,-0.0,False,True,1.8376655512112359
31,4.0,2.0,4.0,6.0,6.0,-0.327348181,,-0.0,False,True,0.8963427273184794
36,2.0,4.0,2.0,4.0,4.0,-0.359824042,,-0.0,False,True,0.7521800909500648
42,2.0,2.0,4.0,4.0,6.0,-0.343127194,,-0.0,False,True,0.7165618766570215
19,2.0,4.0,2.0,8.0,4.0,-0.314709528,,-0.0,False,True,1.0366365617142836
9,4.0,4.0,4.0,4.0,6.0,-0.68646125,,-0.0,False,True,1.3755921182592186
29,4.0,4.0,2.0,6.0,6.0,-0.329223611,,-0.0,False,True,0.9705390375139009
7,4.0,4.0,4.0,8.0,4.0,-0.233569444,,-0.0,False,True,2.1351875908765154
12,4.0,4.0,4.0,4.0,4.0,-0.457125,,-0.0,False,True,1.0611996254979172
