index,parallelism_deepspeech,parallelism_ffmpeg-0,parallelism_ffmpeg-1,parallelism_ffmpeg-2,parallelism_librosa,target,memory_queue,acquisition,terminated,feasible,ml_mape
269,4.0,4.0,2.0,8.0,2.0,-0.818444444,,,False,False,
203,2.0,2.0,4.0,8.0,2.0,-0.560458333,,,False,False,
144,2.0,4.0,4.0,2.0,6.0,-2.553500542,,,False,True,
95,2.0,4.0,2.0,4.0,4.0,-0.576430556,,,False,True,
47,2.0,2.0,4.0,8.0,6.0,-0.339389972,,,False,True,
78,4.0,4.0,2.0,6.0,6.0,-0.430708333,,,False,True,
85,4.0,4.0,4.0,4.0,6.0,-1.020666667,,,False,True,
270,2.0,4.0,2.0,8.0,2.0,-0.836875,,,False,False,
77,4.0,4.0,2.0,8.0,6.0,-0.411388889,,,False,True,
17,4.0,2.0,2.0,6.0,4.0,-0.3125,,0.8829658776396179,False,True,0.38798761388425324
109,4.0,2.0,2.0,4.0,2.0,-0.455934792,,0.808620585166969,False,True,0.1635074978150646
52,2.0,2.0,2.0,6.0,6.0,-0.341679014,,0.6870584985747583,False,True,0.08163061212183326
0,4.0,2.0,2.0,4.0,4.0,-0.478763889,,1.0,False,True,0.2841730851087073
65,4.0,2.0,4.0,8.0,6.0,-0.352691847,,0.5481125190890928,False,True,0.7321837132021254
16,4.0,4.0,4.0,6.0,4.0,-0.309360444,,0.4382656222564566,False,True,0.5093807201716104
152,2.0,2.0,4.0,4.0,2.0,-0.505361111,,0.4072570919715034,False,True,0.32713171388726403
41,2.0,4.0,4.0,8.0,6.0,-0.336847361,,0.3667066644941759,False,True,0.35202760023584156
0,4.0,2.0,2.0,4.0,4.0,-0.478763889,,1.0,False,True,0.06760443860468239
101,4.0,2.0,4.0,6.0,2.0,-0.441108292,,0.3233068401519799,False,True,0.153866850188661
