index,parallelism_deepspeech,parallelism_ffmpeg-0,parallelism_ffmpeg-1,parallelism_ffmpeg-2,parallelism_librosa,target,memory_queue,acquisition,terminated,feasible,ml_mape
66,4.0,2.0,4.0,8.0,6.0,-0.366388889,,,False,True,
18,4.0,4.0,2.0,6.0,4.0,-0.312747681,,,False,True,
22,2.0,4.0,2.0,4.0,6.0,-0.377765889,,,False,True,
25,2.0,4.0,4.0,8.0,4.0,-0.322285514,,,False,True,
267,4.0,4.0,4.0,8.0,2.0,-0.750095889,,,False,False,
136,4.0,2.0,4.0,6.0,6.0,-0.483944444,,,False,True,
165,4.0,4.0,2.0,2.0,6.0,-1.700916667,,,False,True,
30,2.0,4.0,2.0,6.0,6.0,-0.328707986,,,False,True,
214,2.0,4.0,2.0,4.0,2.0,-0.573271181,,,False,False,
15,2.0,4.0,4.0,4.0,6.0,-0.782349653,,0.06270591678999395,False,True,0.9020353298007804
35,2.0,4.0,2.0,6.0,4.0,-0.329550403,,0.06391931780159592,False,True,0.1744905948960573
29,4.0,4.0,2.0,6.0,6.0,-0.329223611,,0.07974360178554411,False,True,0.39508690899333393
43,2.0,2.0,4.0,6.0,4.0,-0.338625681,,0.06063144797388398,False,True,0.006685273485380609
3,4.0,4.0,4.0,8.0,6.0,-0.174361111,,0.06163829164963871,False,True,0.8683022537369901
41,2.0,4.0,4.0,8.0,6.0,-0.336847361,,0.06342635604916948,False,True,0.739603032209648
101,4.0,2.0,4.0,6.0,2.0,-0.441108292,,0.03556710245348206,False,True,0.11159827349823927
7,4.0,4.0,4.0,8.0,4.0,-0.233569444,,0.032941127554929034,False,True,0.4441761965366279
59,4.0,2.0,4.0,8.0,4.0,-0.346334431,,0.034383344444426006,False,True,0.6613947057858918
16,4.0,4.0,4.0,6.0,4.0,-0.309360444,,0.050718801747140274,False,True,0.3144676928143493
