index,parallelism_deepspeech,parallelism_ffmpeg-0,parallelism_ffmpeg-1,parallelism_ffmpeg-2,parallelism_librosa,target,memory_queue,acquisition,terminated,feasible,ml_mape
256,2.0,4.0,2.0,4.0,2.0,-0.640430556,,,False,False,
244,2.0,4.0,2.0,2.0,4.0,-2.045125,,,False,False,
178,4.0,4.0,4.0,2.0,2.0,-0.674233264,,,False,False,
60,2.0,2.0,4.0,6.0,6.0,-0.347250847,,,False,True,
189,2.0,2.0,4.0,2.0,6.0,-1.738330417,,,False,False,
124,2.0,2.0,4.0,4.0,6.0,-0.550736111,,,False,True,
253,2.0,2.0,4.0,2.0,6.0,-1.661791667,,,False,False,
0,4.0,2.0,2.0,4.0,4.0,-0.478763889,,,False,True,
7,4.0,4.0,4.0,8.0,4.0,-0.233569444,,,False,True,
87,4.0,2.0,4.0,4.0,2.0,-0.421543819,,0.7336075005861472,False,True,0.20555509301405359
16,4.0,4.0,4.0,6.0,4.0,-0.309360444,,0.7472668765136681,False,True,0.04509974293123445
107,4.0,4.0,4.0,6.0,2.0,-0.446536125,,0.9532412903641168,False,True,0.12598013671089697
13,4.0,4.0,2.0,8.0,6.0,-0.298934014,,0.8421598550629436,False,True,0.26990286669743824
192,4.0,2.0,2.0,8.0,4.0,-0.5575,,0.781933870285651,False,False,0.4948158627834442
3,4.0,4.0,4.0,8.0,6.0,-0.174361111,,0.9215239500057218,False,True,0.6828153074176814
41,2.0,4.0,4.0,8.0,6.0,-0.336847361,,0.7792525986191922,False,True,0.8212234634347665
21,4.0,4.0,2.0,8.0,4.0,-0.313295944,,0.6849985926928205,False,True,0.40588886736930596
53,2.0,2.0,4.0,4.0,4.0,-0.353006875,,0.6824095317760555,False,True,0.49236407641484536
33,2.0,4.0,2.0,8.0,6.0,-0.326393083,,0.7190374683723382,False,True,0.6970594005367264
