index,parallelism_deepspeech,parallelism_ffmpeg-0,parallelism_ffmpeg-1,parallelism_ffmpeg-2,parallelism_librosa,target,memory_queue,acquisition,terminated,feasible,ml_mape
54,4.0,2.0,4.0,4.0,4.0,-0.355211889,,,False,True,
235,2.0,2.0,2.0,2.0,4.0,-1.583097222,,,False,False,
258,4.0,2.0,2.0,8.0,4.0,-0.680513889,,,False,False,
274,2.0,2.0,2.0,6.0,4.0,-0.750597222,,,False,False,
226,4.0,4.0,4.0,2.0,4.0,-2.279416667,,,False,False,
88,2.0,4.0,2.0,4.0,4.0,-0.563819444,,,False,True,
90,2.0,4.0,4.0,6.0,6.0,-0.589277778,,,False,True,
19,2.0,4.0,2.0,8.0,4.0,-0.314709528,,,False,True,
15,2.0,4.0,4.0,4.0,6.0,-0.782349653,,,False,True,
157,4.0,4.0,4.0,8.0,2.0,-0.507875,,0.057095840267185,False,True,2.1003793118157903
35,2.0,4.0,2.0,6.0,4.0,-0.329550403,,0.046849417664303936,False,True,0.06120670496959733
44,4.0,2.0,4.0,6.0,4.0,-0.349742236,,0.10000813283589106,False,True,0.59558933573077
208,2.0,4.0,2.0,8.0,2.0,-0.562777778,,0.08248790733558845,False,False,0.6944480208442008
33,2.0,4.0,2.0,8.0,6.0,-0.326393083,,0.08843042522504159,False,True,0.630708536011882
101,4.0,2.0,4.0,6.0,2.0,-0.441108292,,0.08599722737812358,False,True,0.21242041749166934
107,4.0,4.0,4.0,6.0,2.0,-0.446536125,,0.04777334113713955,False,True,0.42791897789042366
30,2.0,4.0,2.0,6.0,6.0,-0.328707986,,0.0615604932715905,False,True,0.1259157055669657
31,4.0,2.0,4.0,6.0,6.0,-0.327348181,,0.03180271603145327,False,True,0.6635144592259401
114,2.0,4.0,2.0,6.0,2.0,-0.45505725,,0.024972441788136353,False,True,0.04594050388689729
