index,parallelism_deepspeech,parallelism_ffmpeg-0,parallelism_ffmpeg-1,parallelism_ffmpeg-2,parallelism_librosa,target,memory_queue,acquisition,terminated,feasible,ml_mape
116,2.0,2.0,2.0,4.0,4.0,-0.513097222,,,False,True,
82,4.0,4.0,2.0,4.0,6.0,-0.523083333,,,False,True,
61,2.0,2.0,2.0,8.0,6.0,-0.3464265,,,False,True,
126,2.0,2.0,4.0,4.0,6.0,-0.556583333,,,False,True,
187,4.0,2.0,2.0,4.0,2.0,-0.527723514,,,False,False,
120,4.0,2.0,2.0,8.0,6.0,-0.472138889,,,False,True,
38,2.0,4.0,2.0,6.0,6.0,-0.332537986,,,False,True,
247,2.0,2.0,4.0,2.0,4.0,-1.706057556,,,False,False,
179,4.0,4.0,2.0,2.0,2.0,-0.773426778,,,False,False,
52,2.0,2.0,2.0,6.0,6.0,-0.341679014,,0.08958928560779168,False,True,0.0017809518203379601
47,2.0,2.0,4.0,8.0,6.0,-0.339389972,,1.0,False,True,0.26445477807691
208,2.0,4.0,2.0,8.0,2.0,-0.562777778,,0.8730044350066944,False,False,0.040709353828775836
60,2.0,2.0,4.0,6.0,6.0,-0.347250847,,0.9399751275263608,False,True,0.1583740540842677
73,2.0,2.0,2.0,6.0,4.0,-0.397555556,,0.921439599130169,False,True,0.23355023360271035
33,2.0,4.0,2.0,8.0,6.0,-0.326393083,,0.95319454551763,False,True,0.08256260116073275
41,2.0,4.0,4.0,8.0,6.0,-0.336847361,,0.9469217891195086,False,True,0.023377269958372176
40,2.0,4.0,4.0,6.0,6.0,-0.354989264,,0.965400484041218,False,True,0.18377553922965825
3,4.0,4.0,4.0,8.0,6.0,-0.174361111,,0.9317615103337824,False,True,2.4185024735718503
5,4.0,4.0,4.0,6.0,6.0,-0.289680556,,0.992158540604601,False,True,0.6429902400068943
