index,parallelism_deepspeech,parallelism_ffmpeg-0,parallelism_ffmpeg-1,parallelism_ffmpeg-2,parallelism_librosa,target,memory_queue,acquisition,terminated,feasible,ml_mape
82,4.0,4.0,2.0,4.0,6.0,-0.523083333,,,False,True,
263,2.0,2.0,4.0,8.0,6.0,-0.730130069,,,False,False,
265,2.0,2.0,2.0,8.0,2.0,-0.723914528,,,False,False,
130,2.0,2.0,2.0,6.0,6.0,-0.48275,,,False,True,
87,4.0,2.0,4.0,4.0,2.0,-0.421543819,,,False,True,
76,4.0,4.0,2.0,6.0,4.0,-0.409236111,,,False,True,
34,4.0,4.0,2.0,6.0,4.0,-0.328441333,,,False,True,
124,2.0,2.0,4.0,4.0,6.0,-0.550736111,,,False,True,
205,4.0,2.0,2.0,2.0,2.0,-0.561025153,,,False,False,
46,2.0,2.0,4.0,8.0,4.0,-0.341116875,,-0.03792170263192271,False,True,1.692080371530318
192,4.0,2.0,2.0,8.0,4.0,-0.5575,,0.7112112337580834,False,False,2.0392942347023784
179,4.0,4.0,2.0,2.0,2.0,-0.773426778,,0.6786130822164713,False,False,0.668744472721517
183,4.0,2.0,2.0,8.0,2.0,-0.525085903,,0.6053343873260103,False,False,0.4125639487211969
72,4.0,2.0,2.0,2.0,4.0,-0.389361375,,0.64898641260066,False,True,0.8308215888893793
8,2.0,2.0,2.0,8.0,4.0,-0.240564167,,0.6534734613414549,False,True,4.268641954960718
180,2.0,4.0,2.0,2.0,6.0,-1.863021056,,0.5957710390890486,False,False,1.1677094175143043
175,2.0,2.0,4.0,2.0,4.0,-1.691752611,,0.9297227066215368,False,False,1.0376106293466294
44,4.0,2.0,4.0,6.0,4.0,-0.349742236,,0.9154080843560919,False,True,0.16621071442029445
0,4.0,2.0,2.0,4.0,4.0,-0.478763889,,0.8569269968360143,False,True,0.3650795007904968
