index,parallelism_deepspeech,parallelism_ffmpeg-0,parallelism_ffmpeg-1,parallelism_ffmpeg-2,parallelism_librosa,target,memory_queue,acquisition,terminated,feasible,ml_mape
151,4.0,2.0,4.0,6.0,4.0,-0.502097222,,,False,True,
94,2.0,4.0,2.0,6.0,6.0,-0.453180556,,,False,True,
60,2.0,2.0,4.0,6.0,6.0,-0.347250847,,,False,True,
202,2.0,2.0,2.0,4.0,2.0,-0.544842333,,,False,False,
265,2.0,2.0,2.0,8.0,2.0,-0.723914528,,,False,False,
42,2.0,2.0,4.0,4.0,6.0,-0.343127194,,,False,True,
21,4.0,4.0,2.0,8.0,4.0,-0.313295944,,,False,True,
92,2.0,4.0,4.0,8.0,4.0,-0.452111111,,,False,True,
115,2.0,2.0,2.0,8.0,4.0,-0.469847222,,,False,True,
22,2.0,4.0,2.0,4.0,6.0,-0.377765889,,-0.0,False,True,1.1204299763070305
139,4.0,4.0,4.0,2.0,6.0,-2.581552792,,1.0,False,True,2.195695709918022
192,4.0,2.0,2.0,8.0,4.0,-0.5575,,0.9468780804829535,False,False,0.754109072205977
166,2.0,4.0,4.0,2.0,2.0,-0.686595319,,0.9289860599180009,False,True,0.9667482527871617
43,2.0,2.0,4.0,6.0,4.0,-0.338625681,,0.9559999848893529,False,True,0.13072569042107937
65,4.0,2.0,4.0,8.0,6.0,-0.352691847,,0.9415467493273187,False,True,0.19105440773234092
59,4.0,2.0,4.0,8.0,4.0,-0.346334431,,0.9550570949239376,False,True,0.46016582018305413
195,2.0,4.0,2.0,4.0,2.0,-0.529499708,,0.9348685616494201,False,False,0.0743261389901466
157,4.0,4.0,4.0,8.0,2.0,-0.507875,,0.7811529723269929,False,True,0.31727168718734455
174,2.0,2.0,2.0,2.0,4.0,-1.632116264,,0.8813814127338014,False,False,0.02205120649746481
