index,parallelism_deepspeech,parallelism_ffmpeg-0,parallelism_ffmpeg-1,parallelism_ffmpeg-2,parallelism_librosa,target,memory_queue,acquisition,terminated,feasible,ml_mape
26,4.0,4.0,4.0,6.0,4.0,-0.335936681,,,False,True,
27,2.0,4.0,4.0,4.0,6.0,-0.852930556,,,False,True,
226,4.0,4.0,4.0,2.0,4.0,-2.279416667,,,False,False,
125,2.0,4.0,4.0,6.0,2.0,-0.4634665,,,False,True,
227,2.0,4.0,2.0,2.0,6.0,-2.084416667,,,False,False,
143,2.0,2.0,4.0,8.0,6.0,-0.486527778,,,False,True,
7,4.0,4.0,4.0,8.0,4.0,-0.233569444,,,False,True,
20,4.0,4.0,2.0,4.0,4.0,-0.320928667,,,False,True,
266,2.0,4.0,2.0,8.0,2.0,-0.745151792,,,False,False,
41,2.0,4.0,4.0,8.0,6.0,-0.336847361,,0.07290808549554441,False,True,1.4007574724799507
18,4.0,4.0,2.0,6.0,4.0,-0.312747681,,0.5320732999275082,False,True,0.2700010580333771
153,4.0,4.0,2.0,6.0,2.0,-0.487353861,,0.6194831091269265,False,True,0.30526405849426413
43,2.0,2.0,4.0,6.0,4.0,-0.338625681,,0.6674927222149917,False,True,0.45647230094265345
3,4.0,4.0,4.0,8.0,6.0,-0.174361111,,0.8292321811141918,False,True,0.10757177090449013
195,2.0,4.0,2.0,4.0,2.0,-0.529499708,,0.6542758531004063,False,False,0.11057723219935592
25,2.0,4.0,4.0,8.0,4.0,-0.322285514,,0.6475231139550658,False,True,0.006748374969192005
31,4.0,2.0,4.0,6.0,6.0,-0.327348181,,0.6640823744574242,False,True,0.23164082757511253
5,4.0,4.0,4.0,6.0,6.0,-0.289680556,,0.8629975202989959,False,True,0.3658952284486631
60,2.0,2.0,4.0,6.0,6.0,-0.347250847,,0.6833149839746722,False,True,0.3201315359913148
