index,parallelism_deepspeech,parallelism_ffmpeg-0,parallelism_ffmpeg-1,parallelism_ffmpeg-2,parallelism_librosa,target,memory_queue,acquisition,terminated,feasible,ml_mape
234,4.0,4.0,4.0,2.0,2.0,-0.777097222,,,False,False,
11,4.0,4.0,4.0,8.0,4.0,-0.318486111,,,False,True,
221,2.0,4.0,4.0,4.0,2.0,-0.581986111,,,False,False,
19,2.0,4.0,2.0,8.0,4.0,-0.314709528,,,False,True,
13,4.0,4.0,2.0,8.0,6.0,-0.298934014,,,False,True,
185,4.0,2.0,4.0,6.0,2.0,-0.531611111,,,False,False,
121,4.0,4.0,2.0,8.0,2.0,-0.475219681,,,False,True,
66,4.0,2.0,4.0,8.0,6.0,-0.366388889,,,False,True,
187,4.0,2.0,2.0,4.0,2.0,-0.527723514,,,False,False,
3,4.0,4.0,4.0,8.0,6.0,-0.174361111,,0.0516951642167931,False,True,0.2334696275085696
41,2.0,4.0,4.0,8.0,6.0,-0.336847361,,0.35886265125281225,False,True,0.7249145675900753
163,4.0,2.0,4.0,2.0,6.0,-1.661284764,,0.46833263743338166,False,True,0.2762861649012313
33,2.0,4.0,2.0,8.0,6.0,-0.326393083,,0.7250381489127924,False,True,0.1877431835000409
21,4.0,4.0,2.0,8.0,4.0,-0.313295944,,0.7342725868857157,False,True,0.05184561389066905
35,2.0,4.0,2.0,6.0,4.0,-0.329550403,,0.6026128533719757,False,True,0.10802775447713811
192,4.0,2.0,2.0,8.0,4.0,-0.5575,,0.6037285892316314,False,False,0.07707428859354436
18,4.0,4.0,2.0,6.0,4.0,-0.312747681,,0.6609067202339185,False,True,0.06107932846728646
5,4.0,4.0,4.0,6.0,6.0,-0.289680556,,0.676984227769382,False,True,0.5630353608728459
16,4.0,4.0,4.0,6.0,4.0,-0.309360444,,0.6914470202834737,False,True,0.19336495416286162
