index,parallelism_deepspeech,parallelism_ffmpeg-0,parallelism_ffmpeg-1,parallelism_ffmpeg-2,parallelism_librosa,target,memory_queue,acquisition,terminated,feasible,ml_mape
227,2.0,4.0,2.0,2.0,6.0,-2.084416667,,,False,False,
93,2.0,4.0,2.0,8.0,4.0,-0.449402778,,,False,True,
135,2.0,2.0,4.0,4.0,4.0,-0.525222222,,,False,True,
173,2.0,2.0,4.0,2.0,2.0,-0.982603028,,,False,True,
193,4.0,2.0,4.0,8.0,2.0,-0.544234181,,,False,False,
21,4.0,4.0,2.0,8.0,4.0,-0.313295944,,,False,True,
259,4.0,2.0,2.0,2.0,2.0,-0.68475,,,False,False,
94,2.0,4.0,2.0,6.0,6.0,-0.453180556,,,False,True,
14,4.0,4.0,4.0,4.0,4.0,-0.506810167,,,False,True,
3,4.0,4.0,4.0,8.0,6.0,-0.174361111,,0.06054113329897279,False,True,0.3018517807866932
13,4.0,4.0,2.0,8.0,6.0,-0.298934014,,0.1288490990924629,False,True,0.06147789632350877
7,4.0,4.0,4.0,8.0,4.0,-0.233569444,,0.12296038140031601,False,True,0.18401285613507526
16,4.0,4.0,4.0,6.0,4.0,-0.309360444,,0.11378854967817614,False,True,0.2621832569301981
5,4.0,4.0,4.0,6.0,6.0,-0.289680556,,0.052764305143672224,False,True,0.5985776736513715
41,2.0,4.0,4.0,8.0,6.0,-0.336847361,,0.10679302824139231,False,True,0.3925741757343351
65,4.0,2.0,4.0,8.0,6.0,-0.352691847,,0.10054740346963748,False,True,0.06943299196607762
9,4.0,4.0,4.0,4.0,6.0,-0.68646125,,0.052370240608224,False,True,0.17396091674717784
15,2.0,4.0,4.0,4.0,6.0,-0.782349653,,0.047230822076922974,False,True,0.05667119863618721
40,2.0,4.0,4.0,6.0,6.0,-0.354989264,,0.08741682169573627,False,True,0.08968138513743266
