index,parallelism_deepspeech,parallelism_ffmpeg-0,parallelism_ffmpeg-1,parallelism_ffmpeg-2,parallelism_librosa,target,memory_queue,acquisition,terminated,feasible,ml_mape
270,2.0,4.0,2.0,8.0,2.0,-0.836875,,,False,False,
258,4.0,2.0,2.0,8.0,4.0,-0.680513889,,,False,False,
193,4.0,2.0,4.0,8.0,2.0,-0.544234181,,,False,False,
254,2.0,2.0,2.0,2.0,6.0,-1.897097222,,,False,False,
92,2.0,4.0,4.0,8.0,4.0,-0.452111111,,,False,True,
253,2.0,2.0,4.0,2.0,6.0,-1.661791667,,,False,False,
172,2.0,4.0,2.0,2.0,4.0,-1.909765486,,,False,True,
53,2.0,2.0,4.0,4.0,4.0,-0.353006875,,,False,True,
216,2.0,4.0,4.0,6.0,2.0,-0.571856903,,,False,False,
43,2.0,2.0,4.0,6.0,4.0,-0.338625681,,0.18666803149828592,False,True,0.33567080124877474
152,2.0,2.0,4.0,4.0,2.0,-0.505361111,,0.067660043515043,False,True,0.3094531290936214
44,4.0,2.0,4.0,6.0,4.0,-0.349742236,,0.04452019815717785,False,True,0.4881312174049108
169,4.0,2.0,4.0,2.0,2.0,-0.879925569,,0.9329086886897805,False,True,0.3933346152423287
3,4.0,4.0,4.0,8.0,6.0,-0.174361111,,0.03952379121417878,False,True,1.9375006192248774
41,2.0,4.0,4.0,8.0,6.0,-0.336847361,,0.025638967373324672,False,True,0.6359510663240846
5,4.0,4.0,4.0,6.0,6.0,-0.289680556,,0.01792253391943905,False,True,0.08637803134652154
16,4.0,4.0,4.0,6.0,4.0,-0.309360444,,0.01000679066571229,False,True,0.45337006731437407
65,4.0,2.0,4.0,8.0,6.0,-0.352691847,,0.008743368689021253,False,True,0.3698313530254341
7,4.0,4.0,4.0,8.0,4.0,-0.233569444,,0.006343683042021218,False,True,0.6358437772223939
