index,parallelism_deepspeech,parallelism_ffmpeg-0,parallelism_ffmpeg-1,parallelism_ffmpeg-2,parallelism_librosa,target,memory_queue,acquisition,terminated,feasible,ml_mape
7,4.0,4.0,4.0,8.0,4.0,-0.233569444,,,False,True,
86,4.0,4.0,2.0,4.0,6.0,-0.514958333,,,False,True,
248,2.0,4.0,4.0,2.0,2.0,-1.079555556,,,False,False,
29,4.0,4.0,2.0,6.0,6.0,-0.329223611,,,False,True,
233,4.0,4.0,2.0,2.0,2.0,-1.0745,,,False,False,
154,4.0,4.0,4.0,2.0,6.0,-2.677372167,,,False,True,
182,4.0,4.0,2.0,2.0,2.0,-1.021298139,,,False,False,
255,2.0,2.0,2.0,4.0,6.0,-0.638375,,,False,False,
121,4.0,4.0,2.0,8.0,2.0,-0.475219681,,,False,True,
18,4.0,4.0,2.0,6.0,4.0,-0.312747681,,1.0720393521064877,False,True,0.349005103098042
192,4.0,2.0,2.0,8.0,4.0,-0.5575,,1.047723654966764,False,False,0.27018993068461356
41,2.0,4.0,4.0,8.0,6.0,-0.336847361,,0.9713987144396821,False,True,0.15933491496821192
19,2.0,4.0,2.0,8.0,4.0,-0.314709528,,0.9172738718444542,False,True,0.802803151193508
137,2.0,4.0,4.0,8.0,2.0,-0.471614069,,0.879588961951271,False,True,0.13425459538778775
101,4.0,2.0,4.0,6.0,2.0,-0.441108292,,0.7456399020676407,False,True,0.12405697625280022
65,4.0,2.0,4.0,8.0,6.0,-0.352691847,,0.7074228433883859,False,True,0.2719577824848592
46,2.0,2.0,4.0,8.0,4.0,-0.341116875,,0.6719364750530835,False,True,0.630031301021856
191,2.0,2.0,2.0,6.0,2.0,-0.541027778,,0.6381008802061002,False,False,0.12417715618504185
30,2.0,4.0,2.0,6.0,6.0,-0.328707986,,0.5112708065533985,False,True,0.3407521643099058
