index,parallelism_deepspeech,parallelism_ffmpeg-0,parallelism_ffmpeg-1,parallelism_ffmpeg-2,parallelism_librosa,target,memory_queue,acquisition,terminated,feasible,ml_mape
29,4.0,4.0,2.0,6.0,6.0,-0.329223611,,,False,True,
134,4.0,4.0,4.0,4.0,2.0,-0.472590528,,,False,True,
77,4.0,4.0,2.0,8.0,6.0,-0.411388889,,,False,True,
205,4.0,2.0,2.0,2.0,2.0,-0.561025153,,,False,False,
208,2.0,4.0,2.0,8.0,2.0,-0.562777778,,,False,False,
214,2.0,4.0,2.0,4.0,2.0,-0.573271181,,,False,False,
101,4.0,2.0,4.0,6.0,2.0,-0.441108292,,,False,True,
160,4.0,4.0,4.0,2.0,2.0,-0.833162361,,,False,True,
194,4.0,2.0,2.0,4.0,6.0,-0.529667778,,,False,False,
3,4.0,4.0,4.0,8.0,6.0,-0.174361111,,0.004046826307873598,False,True,1.8535131284910464
157,4.0,4.0,4.0,8.0,2.0,-0.507875,,0.3365074814997837,False,True,0.2351577986373204
41,2.0,4.0,4.0,8.0,6.0,-0.336847361,,0.43833258002651665,False,True,1.0091142045684005
5,4.0,4.0,4.0,6.0,6.0,-0.289680556,,0.48739436258054664,False,True,0.6513271209480879
25,2.0,4.0,4.0,8.0,4.0,-0.322285514,,0.504799574580588,False,True,0.06258038370620148
16,4.0,4.0,4.0,6.0,4.0,-0.309360444,,0.49185292409702436,False,True,0.2450991991995065
87,4.0,2.0,4.0,4.0,2.0,-0.421543819,,0.502456728857852,False,True,0.06082463142920185
3,4.0,4.0,4.0,8.0,6.0,-0.174361111,,0.7396210967903457,False,True,0.1879311007962875
7,4.0,4.0,4.0,8.0,4.0,-0.233569444,,0.5662933240277154,False,True,0.3345077466121304
65,4.0,2.0,4.0,8.0,6.0,-0.352691847,,0.4990029997215067,False,True,0.16087942958792784
