index,parallelism_deepspeech,parallelism_ffmpeg-0,parallelism_ffmpeg-1,parallelism_ffmpeg-2,parallelism_librosa,target,memory_queue,acquisition,terminated,feasible,ml_mape
78,4.0,4.0,2.0,6.0,6.0,-0.430708333,,,False,True,
146,2.0,2.0,2.0,6.0,6.0,-0.489805556,,,False,True,
152,2.0,2.0,4.0,4.0,2.0,-0.505361111,,,False,True,
172,2.0,4.0,2.0,2.0,4.0,-1.909765486,,,False,True,
28,2.0,4.0,4.0,4.0,4.0,-0.407666667,,,False,True,
2,4.0,2.0,2.0,4.0,4.0,-0.498833333,,,False,True,
77,4.0,4.0,2.0,8.0,6.0,-0.411388889,,,False,True,
244,2.0,4.0,2.0,2.0,4.0,-2.045125,,,False,False,
236,4.0,2.0,4.0,2.0,2.0,-1.192458333,,,False,False,
44,4.0,2.0,4.0,6.0,4.0,-0.349742236,,0.924670622815433,False,True,0.09919474159785613
41,2.0,4.0,4.0,8.0,6.0,-0.336847361,,0.7842324865201968,False,True,0.6706846426676807
7,4.0,4.0,4.0,8.0,4.0,-0.233569444,,0.6345440121525607,False,True,0.5720912107542194
137,2.0,4.0,4.0,8.0,2.0,-0.471614069,,0.8117683527347858,False,True,0.1502732047289258
153,4.0,4.0,2.0,6.0,2.0,-0.487353861,,0.646460292886037,False,True,0.13469162424411557
107,4.0,4.0,4.0,6.0,2.0,-0.446536125,,0.32800068270117266,False,True,0.37491296016098574
9,4.0,4.0,4.0,4.0,6.0,-0.68646125,,0.4130829740511698,False,True,0.987255928365391
19,2.0,4.0,2.0,8.0,4.0,-0.314709528,,0.4520122019196848,False,True,0.7680978033393937
43,2.0,2.0,4.0,6.0,4.0,-0.338625681,,0.31587309352255505,False,True,0.2909780392068402
42,2.0,2.0,4.0,4.0,6.0,-0.343127194,,0.19732053682717618,False,True,0.0060275745959528825
