index,parallelism_deepspeech,parallelism_ffmpeg-0,parallelism_ffmpeg-1,parallelism_ffmpeg-2,parallelism_librosa,target,memory_queue,acquisition,terminated,feasible,ml_mape
68,2.0,4.0,4.0,8.0,6.0,-0.358186139,,,False,True,
75,2.0,2.0,4.0,6.0,2.0,-0.391723917,,,False,True,
34,4.0,4.0,2.0,6.0,4.0,-0.328441333,,,False,True,
187,4.0,2.0,2.0,4.0,2.0,-0.527723514,,,False,False,
144,2.0,4.0,4.0,2.0,6.0,-2.553500542,,,False,True,
164,4.0,4.0,2.0,2.0,4.0,-1.723588111,,,False,True,
186,2.0,2.0,4.0,6.0,2.0,-0.539194444,,,False,False,
85,4.0,4.0,4.0,4.0,6.0,-1.020666667,,,False,True,
14,4.0,4.0,4.0,4.0,4.0,-0.506810167,,,False,True,
16,4.0,4.0,4.0,6.0,4.0,-0.309360444,,0.26900524172877605,False,True,0.38243355178383454
107,4.0,4.0,4.0,6.0,2.0,-0.446536125,,0.1545168976226635,False,True,0.3785631061285086
192,4.0,2.0,2.0,8.0,4.0,-0.5575,,0.16215874717743112,False,False,0.1385884186601107
19,2.0,4.0,2.0,8.0,4.0,-0.314709528,,0.11233023694068278,False,True,0.05540874011535705
13,4.0,4.0,2.0,8.0,6.0,-0.298934014,,0.1115693753566012,False,True,0.14850794961183847
33,2.0,4.0,2.0,8.0,6.0,-0.326393083,,0.09204230818079338,False,True,0.04347222523979769
3,4.0,4.0,4.0,8.0,6.0,-0.174361111,,0.07674854680438928,False,True,1.971811783762428
65,4.0,2.0,4.0,8.0,6.0,-0.352691847,,0.049956590349470115,False,True,0.19798912964587617
114,2.0,4.0,2.0,6.0,2.0,-0.45505725,,0.029180826437792733,False,True,0.23273166425328173
7,4.0,4.0,4.0,8.0,4.0,-0.233569444,,0.02363372784403847,False,True,0.19305867109475155
