index,parallelism_deepspeech,parallelism_ffmpeg-0,parallelism_ffmpeg-1,parallelism_ffmpeg-2,parallelism_librosa,target,memory_queue,acquisition,terminated,feasible,ml_mape
225,2.0,2.0,2.0,2.0,6.0,-1.550319444,,,False,False,
63,4.0,2.0,2.0,6.0,6.0,-0.363416389,,,False,True,
218,4.0,4.0,2.0,6.0,2.0,-0.581611111,,,False,False,
55,4.0,2.0,2.0,6.0,6.0,-0.347265153,,,False,True,
165,4.0,4.0,2.0,2.0,6.0,-1.700916667,,,False,True,
28,2.0,4.0,4.0,4.0,4.0,-0.407666667,,,False,True,
68,2.0,4.0,4.0,8.0,6.0,-0.358186139,,,False,True,
19,2.0,4.0,2.0,8.0,4.0,-0.314709528,,,False,True,
237,2.0,4.0,4.0,2.0,2.0,-0.970541667,,,False,False,
35,2.0,4.0,2.0,6.0,4.0,-0.329550403,,0.8526716131657135,False,True,0.5060584675059674
13,4.0,4.0,2.0,8.0,6.0,-0.298934014,,0.7575298349917906,False,True,0.5474927587670549
33,2.0,4.0,2.0,8.0,6.0,-0.326393083,,0.8670105603644941,False,True,0.5068824718993563
58,4.0,2.0,2.0,8.0,6.0,-0.368771528,,0.7767559885561882,False,True,0.1407314100793789
25,2.0,4.0,4.0,8.0,4.0,-0.322285514,,0.734953233840946,False,True,0.5300908155838588
29,4.0,4.0,2.0,6.0,6.0,-0.329223611,,0.530066151840293,False,True,0.0026014252708360256
60,2.0,2.0,4.0,6.0,6.0,-0.347250847,,0.6289060378377691,False,True,0.5868114978334048
61,2.0,2.0,2.0,8.0,6.0,-0.3464265,,0.6753950527075102,False,True,0.5713628089516657
47,2.0,2.0,4.0,8.0,6.0,-0.339389972,,0.6053219253657225,False,True,0.0777805677383157
30,2.0,4.0,2.0,6.0,6.0,-0.328707986,,0.40984756851336607,False,True,0.23149652277064767
