index,parallelism_deepspeech,parallelism_ffmpeg-0,parallelism_ffmpeg-1,parallelism_ffmpeg-2,parallelism_librosa,target,memory_queue,acquisition,terminated,feasible,ml_mape
152,2.0,2.0,4.0,4.0,2.0,-0.505361111,,,False,True,
155,2.0,4.0,4.0,4.0,2.0,-0.489930597,,,False,True,
77,4.0,4.0,2.0,8.0,6.0,-0.411388889,,,False,True,
239,2.0,4.0,4.0,2.0,6.0,-2.643055556,,,False,False,
109,4.0,2.0,2.0,4.0,2.0,-0.455934792,,,False,True,
96,2.0,4.0,2.0,4.0,6.0,-0.516527778,,,False,True,
27,2.0,4.0,4.0,4.0,6.0,-0.852930556,,,False,True,
165,4.0,4.0,2.0,2.0,6.0,-1.700916667,,,False,True,
178,4.0,4.0,4.0,2.0,2.0,-0.674233264,,,False,False,
29,4.0,4.0,2.0,6.0,6.0,-0.329223611,,0.13152929089378013,False,True,0.14618919057091392
30,2.0,4.0,2.0,6.0,6.0,-0.328707986,,0.18842861088785498,False,True,0.16384213602868453
40,2.0,4.0,4.0,6.0,6.0,-0.354989264,,0.16172992461981603,False,True,0.7372592660657236
35,2.0,4.0,2.0,6.0,4.0,-0.329550403,,0.13594866702821107,False,True,0.3351139998687345
137,2.0,4.0,4.0,8.0,2.0,-0.471614069,,0.12412541158646183,False,True,0.9005150993574628
17,4.0,2.0,2.0,6.0,4.0,-0.3125,,0.12531444936331995,False,True,1.2276827926813407
43,2.0,2.0,4.0,6.0,4.0,-0.338625681,,0.11263259812998891,False,True,0.01754791308220947
16,4.0,4.0,4.0,6.0,4.0,-0.309360444,,0.09943276722909808,False,True,0.18136178409851417
101,4.0,2.0,4.0,6.0,2.0,-0.441108292,,0.08775866397044131,False,True,0.16660052525610444
59,4.0,2.0,4.0,8.0,4.0,-0.346334431,,0.0876359672499087,False,True,0.11076124010102606
