index,parallelism_deepspeech,parallelism_ffmpeg-0,parallelism_ffmpeg-1,parallelism_ffmpeg-2,parallelism_librosa,target,memory_queue,acquisition,terminated,feasible,ml_mape
248,2.0,4.0,4.0,2.0,2.0,-1.079555556,,,False,False,
230,2.0,4.0,2.0,2.0,4.0,-2.073611111,,,False,False,
4,4.0,4.0,4.0,8.0,6.0,-0.177944444,,,False,True,
174,2.0,2.0,2.0,2.0,4.0,-1.632116264,,,False,False,
66,4.0,2.0,4.0,8.0,6.0,-0.366388889,,,False,True,
15,2.0,4.0,4.0,4.0,6.0,-0.782349653,,,False,True,
143,2.0,2.0,4.0,8.0,6.0,-0.486527778,,,False,True,
100,2.0,4.0,2.0,6.0,4.0,-0.453569444,,,False,True,
29,4.0,4.0,2.0,6.0,6.0,-0.329223611,,,False,True,
33,2.0,4.0,2.0,8.0,6.0,-0.326393083,,0.9632624809996659,False,True,0.2675545038968779
21,4.0,4.0,2.0,8.0,4.0,-0.313295944,,0.06881007251812732,False,True,0.07446218552937615
40,2.0,4.0,4.0,6.0,6.0,-0.354989264,,0.850302216969129,False,True,0.2036834873458961
208,2.0,4.0,2.0,8.0,2.0,-0.562777778,,0.04120879803564405,False,False,0.5661232459545977
13,4.0,4.0,2.0,8.0,6.0,-0.298934014,,0.03917433225952917,False,True,0.31155058913886347
16,4.0,4.0,4.0,6.0,4.0,-0.309360444,,0.030578951460613613,False,True,0.31198409852665926
42,2.0,2.0,4.0,4.0,6.0,-0.343127194,,0.8913813617985994,False,True,0.10670004475142249
31,4.0,2.0,4.0,6.0,6.0,-0.327348181,,0.04069908978798589,False,True,0.22196557538551018
7,4.0,4.0,4.0,8.0,4.0,-0.233569444,,0.018901414430998808,False,True,0.4214504154143252
101,4.0,2.0,4.0,6.0,2.0,-0.441108292,,0.017129959064011664,False,True,0.3563120288345029
