index,parallelism_deepspeech,parallelism_ffmpeg-0,parallelism_ffmpeg-1,parallelism_ffmpeg-2,parallelism_librosa,target,memory_queue,acquisition,terminated,feasible,ml_mape
96,2.0,4.0,2.0,4.0,6.0,-0.516527778,,,False,True,
131,4.0,4.0,4.0,2.0,4.0,-2.122924722,,,False,True,
93,2.0,4.0,2.0,8.0,4.0,-0.449402778,,,False,True,
110,2.0,2.0,2.0,4.0,6.0,-0.468694444,,,False,True,
245,4.0,4.0,4.0,2.0,6.0,-2.663833333,,,False,False,
96,2.0,4.0,2.0,4.0,6.0,-0.516527778,,,False,True,
51,4.0,4.0,2.0,8.0,6.0,-0.361694444,,,False,True,
256,2.0,4.0,2.0,4.0,2.0,-0.640430556,,,False,False,
22,2.0,4.0,2.0,4.0,6.0,-0.377765889,,,False,True,
47,2.0,2.0,4.0,8.0,6.0,-0.339389972,,1.2046601940707506,False,True,1.3172158607078475
61,2.0,2.0,2.0,8.0,6.0,-0.3464265,,1.0,False,True,0.8110112698321197
41,2.0,4.0,4.0,8.0,6.0,-0.336847361,,0.9586424885357043,False,True,0.858540267233445
106,4.0,2.0,4.0,8.0,2.0,-0.456300083,,0.9548743461584084,False,True,0.5830521298783307
30,2.0,4.0,2.0,6.0,6.0,-0.328707986,,0.97159023402947,False,True,0.1905825870717889
75,2.0,2.0,4.0,6.0,2.0,-0.391723917,,0.9969236849427403,False,True,0.04736366306063901
205,4.0,2.0,2.0,2.0,2.0,-0.561025153,,0.9859542030937787,False,False,0.5208951241337668
121,4.0,4.0,2.0,8.0,2.0,-0.475219681,,0.9933264308098708,False,True,0.3634492877026469
73,2.0,2.0,2.0,6.0,4.0,-0.397555556,,1.0,False,True,0.3108948346336136
203,2.0,2.0,4.0,8.0,2.0,-0.560458333,,0.9667693609642903,False,False,0.06528935032473121
