index,parallelism_deepspeech,parallelism_ffmpeg-0,parallelism_ffmpeg-1,parallelism_ffmpeg-2,parallelism_librosa,target,memory_queue,acquisition,terminated,feasible,ml_mape
100,2.0,4.0,2.0,6.0,4.0,-0.453569444,,,False,True,
212,4.0,2.0,2.0,2.0,6.0,-1.265793236,,,False,False,
252,2.0,2.0,2.0,4.0,2.0,-0.635083333,,,False,False,
273,4.0,4.0,2.0,4.0,2.0,-0.848291667,,,False,False,
42,2.0,2.0,4.0,4.0,6.0,-0.343127194,,,False,True,
37,2.0,4.0,2.0,4.0,6.0,-0.4056085,,,False,True,
159,2.0,2.0,2.0,8.0,4.0,-0.50775,,,False,True,
251,4.0,2.0,2.0,4.0,6.0,-0.624513889,,,False,False,
69,4.0,2.0,2.0,8.0,6.0,-0.358575153,,,False,True,
41,2.0,4.0,4.0,8.0,6.0,-0.336847361,,0.022416587013416332,False,True,0.12142587724502756
33,2.0,4.0,2.0,8.0,6.0,-0.326393083,,0.02361703345168379,False,True,0.22685754987641002
47,2.0,2.0,4.0,8.0,6.0,-0.339389972,,0.019225106689546568,False,True,1.011475562627934
61,2.0,2.0,2.0,8.0,6.0,-0.3464265,,0.04278296313783609,False,True,0.21873758461577977
60,2.0,2.0,4.0,6.0,6.0,-0.347250847,,0.04272605995999217,False,True,0.08156431013177494
40,2.0,4.0,4.0,6.0,6.0,-0.354989264,,0.04672883677961819,False,True,0.12274812713605482
121,4.0,4.0,2.0,8.0,2.0,-0.475219681,,0.031085284827243313,False,True,0.47931469556601447
30,2.0,4.0,2.0,6.0,6.0,-0.328707986,,0.044256688383643404,False,True,0.11429091779122257
13,4.0,4.0,2.0,8.0,6.0,-0.298934014,,0.04416661522167789,False,True,0.7025008309001342
15,2.0,4.0,4.0,4.0,6.0,-0.782349653,,0.022101429577330564,False,True,0.013837330900988105
