index,parallelism_deepspeech,parallelism_ffmpeg-0,parallelism_ffmpeg-1,parallelism_ffmpeg-2,parallelism_librosa,target,memory_queue,acquisition,terminated,feasible,ml_mape
49,2.0,2.0,2.0,4.0,4.0,-0.340263431,,,False,True,
157,4.0,4.0,4.0,8.0,2.0,-0.507875,,,False,True,
171,4.0,4.0,2.0,2.0,6.0,-1.776849611,,,False,True,
246,4.0,2.0,4.0,2.0,6.0,-1.744666667,,,False,False,
26,4.0,4.0,4.0,6.0,4.0,-0.335936681,,,False,True,
192,4.0,2.0,2.0,8.0,4.0,-0.5575,,,False,False,
181,2.0,4.0,2.0,2.0,2.0,-0.816021472,,,False,False,
275,2.0,2.0,2.0,6.0,4.0,-0.574871111,,,False,False,
136,4.0,2.0,4.0,6.0,6.0,-0.483944444,,,False,True,
17,4.0,2.0,2.0,6.0,4.0,-0.3125,,0.7511126243529352,False,True,0.4181797756188669
18,4.0,4.0,2.0,6.0,4.0,-0.312747681,,0.7310219776733189,False,True,0.11328382339031819
109,4.0,2.0,2.0,4.0,2.0,-0.455934792,,0.7196947310393724,False,True,0.700216296606462
55,4.0,2.0,2.0,6.0,6.0,-0.347265153,,0.7120580094931606,False,True,0.3953605042802183
155,2.0,4.0,4.0,4.0,2.0,-0.489930597,,0.519770716499189,False,True,0.30575155342667304
198,2.0,2.0,2.0,4.0,2.0,-0.54725,,0.6012870047761919,False,False,0.4031837550585782
5,4.0,4.0,4.0,6.0,6.0,-0.289680556,,0.6442711710729553,False,True,0.12460024260564741
29,4.0,4.0,2.0,6.0,6.0,-0.329223611,,0.5839210269098751,False,True,0.5359582328617716
22,2.0,4.0,2.0,4.0,6.0,-0.377765889,,0.4893363696752449,False,True,0.28460067777808923
36,2.0,4.0,2.0,4.0,4.0,-0.359824042,,0.5894372760349407,False,True,0.15969980560980382
