index,parallelism_deepspeech,parallelism_ffmpeg-0,parallelism_ffmpeg-1,parallelism_ffmpeg-2,parallelism_librosa,target,memory_queue,acquisition,terminated,feasible,ml_mape
235,2.0,2.0,2.0,2.0,4.0,-1.583097222,,,False,False,
208,2.0,4.0,2.0,8.0,2.0,-0.562777778,,,False,False,
119,4.0,4.0,4.0,6.0,2.0,-0.464861111,,,False,True,
264,4.0,4.0,2.0,8.0,2.0,-0.718686361,,,False,False,
45,4.0,4.0,4.0,8.0,4.0,-0.337648278,,,False,True,
143,2.0,2.0,4.0,8.0,6.0,-0.486527778,,,False,True,
0,4.0,2.0,2.0,4.0,4.0,-0.478763889,,,False,True,
125,2.0,4.0,4.0,6.0,2.0,-0.4634665,,,False,True,
242,2.0,2.0,4.0,2.0,6.0,-1.715388889,,,False,False,
44,4.0,2.0,4.0,6.0,4.0,-0.349742236,,0.09746518732069524,False,True,0.2968753878859106
58,4.0,2.0,2.0,8.0,6.0,-0.368771528,,0.9911253240858608,False,True,0.7263921327179242
3,4.0,4.0,4.0,8.0,6.0,-0.174361111,,0.9315329595684543,False,True,0.6419602053551151
5,4.0,4.0,4.0,6.0,6.0,-0.289680556,,0.9294437508772728,False,True,0.04365337899911168
65,4.0,2.0,4.0,8.0,6.0,-0.352691847,,0.9475790161242237,False,True,0.356766113650755
13,4.0,4.0,2.0,8.0,6.0,-0.298934014,,0.9417722326755146,False,True,0.5641446975975658
169,4.0,2.0,4.0,2.0,2.0,-0.879925569,,0.8898330614448526,False,True,0.7898885826076184
41,2.0,4.0,4.0,8.0,6.0,-0.336847361,,1.0,False,True,0.438017440216263
29,4.0,4.0,2.0,6.0,6.0,-0.329223611,,0.9416328203218198,False,True,0.1299712713354055
203,2.0,2.0,4.0,8.0,2.0,-0.560458333,,0.9638462658471405,False,False,0.11188149240765395
