index,parallelism_deepspeech,parallelism_ffmpeg-0,parallelism_ffmpeg-1,parallelism_ffmpeg-2,parallelism_librosa,target,memory_queue,acquisition,terminated,feasible,ml_mape
221,2.0,4.0,4.0,4.0,2.0,-0.581986111,,,False,False,
41,2.0,4.0,4.0,8.0,6.0,-0.336847361,,,False,True,
116,2.0,2.0,2.0,4.0,4.0,-0.513097222,,,False,True,
12,4.0,4.0,4.0,4.0,4.0,-0.457125,,,False,True,
158,4.0,2.0,4.0,8.0,6.0,-0.506138889,,,False,True,
124,2.0,2.0,4.0,4.0,6.0,-0.550736111,,,False,True,
12,4.0,4.0,4.0,4.0,4.0,-0.457125,,,False,True,
129,4.0,4.0,4.0,4.0,2.0,-0.469290486,,,False,True,
113,4.0,2.0,4.0,4.0,4.0,-0.496375,,,False,True,
0,4.0,2.0,2.0,4.0,4.0,-0.478763889,,1.0,False,True,0.2951343069726118
8,2.0,2.0,2.0,8.0,4.0,-0.240564167,,-0.0,False,True,1.9379138472055946
43,2.0,2.0,4.0,6.0,4.0,-0.338625681,,-0.0,False,True,0.8514628893106749
31,4.0,2.0,4.0,6.0,6.0,-0.327348181,,-0.0,False,True,0.9386417138650239
15,2.0,4.0,4.0,4.0,6.0,-0.782349653,,-0.0,False,True,1.5490343367381358
9,4.0,4.0,4.0,4.0,6.0,-0.68646125,,-0.0,False,True,1.9143758548517307
13,4.0,4.0,2.0,8.0,6.0,-0.298934014,,-0.0,False,True,1.22038731093088
55,4.0,2.0,2.0,6.0,6.0,-0.347265153,,-0.0,False,True,0.7495917898106563
7,4.0,4.0,4.0,8.0,4.0,-0.233569444,,-0.0,False,True,2.81051104956842
35,2.0,4.0,2.0,6.0,4.0,-0.329550403,,-0.0,False,True,0.7416132114166145
