index,parallelism_deepspeech,parallelism_ffmpeg-0,parallelism_ffmpeg-1,parallelism_ffmpeg-2,parallelism_librosa,target,memory_queue,acquisition,terminated,feasible,ml_mape
252,2.0,2.0,2.0,4.0,2.0,-0.635083333,,,False,False,
229,4.0,4.0,2.0,2.0,4.0,-2.081097222,,,False,False,
205,4.0,2.0,2.0,2.0,2.0,-0.561025153,,,False,False,
197,4.0,4.0,4.0,6.0,2.0,-0.543944444,,,False,False,
103,2.0,4.0,4.0,6.0,6.0,-0.725972222,,,False,True,
27,2.0,4.0,4.0,4.0,6.0,-0.852930556,,,False,True,
40,2.0,4.0,4.0,6.0,6.0,-0.354989264,,,False,True,
238,2.0,4.0,4.0,2.0,6.0,-2.605416667,,,False,False,
102,2.0,4.0,4.0,8.0,6.0,-0.515444444,,,False,True,
5,4.0,4.0,4.0,6.0,6.0,-0.289680556,,0.06327693887705335,False,True,1.1293777558680502
60,2.0,2.0,4.0,6.0,6.0,-0.347250847,,0.05592786221309715,False,True,0.19960321663507447
31,4.0,2.0,4.0,6.0,6.0,-0.327348181,,0.08848736000903977,False,True,0.7072866903785491
3,4.0,4.0,4.0,8.0,6.0,-0.174361111,,0.09660813591876745,False,True,1.136396716877547
65,4.0,2.0,4.0,8.0,6.0,-0.352691847,,0.09481167187691211,False,True,0.0031970432695353343
47,2.0,2.0,4.0,8.0,6.0,-0.339389972,,0.08622274986848022,False,True,0.6368959206756485
42,2.0,2.0,4.0,4.0,6.0,-0.343127194,,0.04661946440770452,False,True,0.28808075344410206
29,4.0,4.0,2.0,6.0,6.0,-0.329223611,,0.059979961344688616,False,True,0.0792219232036188
30,2.0,4.0,2.0,6.0,6.0,-0.328707986,,0.05831395446026753,False,True,0.7724767738351634
52,2.0,2.0,2.0,6.0,6.0,-0.341679014,,0.05831477266679828,False,True,0.1997788536773741
