index,parallelism_deepspeech,parallelism_ffmpeg-0,parallelism_ffmpeg-1,parallelism_ffmpeg-2,parallelism_librosa,target,memory_queue,acquisition,terminated,feasible,ml_mape
64,4.0,4.0,4.0,6.0,6.0,-0.635833333,,,False,True,
25,2.0,4.0,4.0,8.0,4.0,-0.322285514,,,False,True,
144,2.0,4.0,4.0,2.0,6.0,-2.553500542,,,False,True,
222,4.0,2.0,2.0,2.0,2.0,-1.028465194,,,False,False,
51,4.0,4.0,2.0,8.0,6.0,-0.361694444,,,False,True,
4,4.0,4.0,4.0,8.0,6.0,-0.177944444,,,False,True,
179,4.0,4.0,2.0,2.0,2.0,-0.773426778,,,False,False,
149,4.0,2.0,2.0,6.0,4.0,-0.503263889,,,False,True,
210,4.0,2.0,2.0,2.0,6.0,-0.572237847,,,False,False,
23,2.0,4.0,4.0,4.0,4.0,-0.457704472,,0.061193123611372774,False,True,1.3218655028908115
121,4.0,4.0,2.0,8.0,2.0,-0.475219681,,0.06349757536064989,False,True,1.4510172455354349
183,4.0,2.0,2.0,8.0,2.0,-0.525085903,,0.055523502315140486,False,False,0.11440028518906688
42,2.0,2.0,4.0,4.0,6.0,-0.343127194,,0.061542855645282495,False,True,0.18745956753201698
35,2.0,4.0,2.0,6.0,4.0,-0.329550403,,0.05897350806559351,False,True,0.8004261144920103
40,2.0,4.0,4.0,6.0,6.0,-0.354989264,,0.05748719149472894,False,True,0.23817214052956265
41,2.0,4.0,4.0,8.0,6.0,-0.336847361,,0.07316357191853033,False,True,0.24395375654190177
21,4.0,4.0,2.0,8.0,4.0,-0.313295944,,0.05722024248767335,False,True,0.4940160470698749
208,2.0,4.0,2.0,8.0,2.0,-0.562777778,,0.052402589673071404,False,False,0.3548982121242114
18,4.0,4.0,2.0,6.0,4.0,-0.312747681,,0.05020345634707551,False,True,0.03339598267926089
