index,parallelism_deepspeech,parallelism_ffmpeg-0,parallelism_ffmpeg-1,parallelism_ffmpeg-2,parallelism_librosa,target,memory_queue,acquisition,terminated,feasible,ml_mape
168,2.0,2.0,4.0,6.0,2.0,-0.523680556,,,False,True,
26,4.0,4.0,4.0,6.0,4.0,-0.335936681,,,False,True,
129,4.0,4.0,4.0,4.0,2.0,-0.469290486,,,False,True,
207,2.0,2.0,2.0,2.0,6.0,-2.025200306,,,False,False,
160,4.0,4.0,4.0,2.0,2.0,-0.833162361,,,False,True,
100,2.0,4.0,2.0,6.0,4.0,-0.453569444,,,False,True,
235,2.0,2.0,2.0,2.0,4.0,-1.583097222,,,False,False,
71,4.0,4.0,2.0,8.0,4.0,-0.4445,,,False,True,
231,4.0,4.0,2.0,2.0,6.0,-2.021638889,,,False,False,
3,4.0,4.0,4.0,8.0,6.0,-0.174361111,,1.0,False,True,0.8173158714228992
137,2.0,4.0,4.0,8.0,2.0,-0.471614069,,1.0,False,True,0.3461316768734749
41,2.0,4.0,4.0,8.0,6.0,-0.336847361,,0.9797823279497333,False,True,0.6579615432493388
59,4.0,2.0,4.0,8.0,4.0,-0.346334431,,0.9433935166587193,False,True,0.2147785299822016
7,4.0,4.0,4.0,8.0,4.0,-0.233569444,,0.9671861891726268,False,True,0.4029813985117862
65,4.0,2.0,4.0,8.0,6.0,-0.352691847,,0.9840581893186819,False,True,0.1743903422769885
3,4.0,4.0,4.0,8.0,6.0,-0.174361111,,1.0,False,True,0.07681538479688162
13,4.0,4.0,2.0,8.0,6.0,-0.298934014,,0.9702822699391285,False,True,0.11033415675000174
3,4.0,4.0,4.0,8.0,6.0,-0.174361111,,1.0,False,True,0.06377150562895154
155,2.0,4.0,4.0,4.0,2.0,-0.489930597,,0.9743028907490217,False,True,0.02072951702326387
