index,parallelism_deepspeech,parallelism_ffmpeg-0,parallelism_ffmpeg-1,parallelism_ffmpeg-2,parallelism_librosa,target,memory_queue,acquisition,terminated,feasible,ml_mape
194,4.0,2.0,2.0,4.0,6.0,-0.529667778,,,False,False,
185,4.0,2.0,4.0,6.0,2.0,-0.531611111,,,False,False,
108,2.0,2.0,2.0,4.0,4.0,-0.457611111,,,False,True,
52,2.0,2.0,2.0,6.0,6.0,-0.341679014,,,False,True,
21,4.0,4.0,2.0,8.0,4.0,-0.313295944,,,False,True,
91,2.0,4.0,2.0,8.0,6.0,-0.442208333,,,False,True,
152,2.0,2.0,4.0,4.0,2.0,-0.505361111,,,False,True,
5,4.0,4.0,4.0,6.0,6.0,-0.289680556,,,False,True,
270,2.0,4.0,2.0,8.0,2.0,-0.836875,,,False,False,
19,2.0,4.0,2.0,8.0,4.0,-0.314709528,,-0.0,False,True,1.1667630147304762
0,4.0,2.0,2.0,4.0,4.0,-0.478763889,,1.0,False,True,0.47928581570356726
65,4.0,2.0,4.0,8.0,6.0,-0.352691847,,1.0,False,True,5.125856474630369
160,4.0,4.0,4.0,2.0,2.0,-0.833162361,,1.0,False,True,1.2216324733635675
3,4.0,4.0,4.0,8.0,6.0,-0.174361111,,0.9794975183634951,False,True,1.5180731398486957
8,2.0,2.0,2.0,8.0,4.0,-0.240564167,,0.969378513846733,False,True,0.6826369700600787
13,4.0,4.0,2.0,8.0,6.0,-0.298934014,,0.9609435067244194,False,True,0.6830768079398248
0,4.0,2.0,2.0,4.0,4.0,-0.478763889,,1.0,False,True,0.09052793868931541
170,4.0,2.0,4.0,2.0,4.0,-1.748654097,,0.9208608944526545,False,True,0.41995864533003413
25,2.0,4.0,4.0,8.0,4.0,-0.322285514,,0.9966932116406969,False,True,0.11272174205602598
