index,parallelism_deepspeech,parallelism_ffmpeg-0,parallelism_ffmpeg-1,parallelism_ffmpeg-2,parallelism_librosa,target,memory_queue,acquisition,terminated,feasible,ml_mape
36,2.0,4.0,2.0,4.0,4.0,-0.359824042,,,False,True,
255,2.0,2.0,2.0,4.0,6.0,-0.638375,,,False,False,
237,2.0,4.0,4.0,2.0,2.0,-0.970541667,,,False,False,
25,2.0,4.0,4.0,8.0,4.0,-0.322285514,,,False,True,
167,2.0,2.0,4.0,2.0,2.0,-0.826847028,,,False,True,
222,4.0,2.0,2.0,2.0,2.0,-1.028465194,,,False,False,
14,4.0,4.0,4.0,4.0,4.0,-0.506810167,,,False,True,
11,4.0,4.0,4.0,8.0,4.0,-0.318486111,,,False,True,
226,4.0,4.0,4.0,2.0,4.0,-2.279416667,,,False,False,
19,2.0,4.0,2.0,8.0,4.0,-0.314709528,,0.0634548169005852,False,True,0.7742203757113341
114,2.0,4.0,2.0,6.0,2.0,-0.45505725,,0.05756683143207178,False,True,0.14017726169858183
65,4.0,2.0,4.0,8.0,6.0,-0.352691847,,0.06448775004958573,False,True,0.5276183762588383
22,2.0,4.0,2.0,4.0,6.0,-0.377765889,,0.06551828222653105,False,True,0.5343980264432965
59,4.0,2.0,4.0,8.0,4.0,-0.346334431,,0.07183787719093845,False,True,0.5364168766806916
13,4.0,4.0,2.0,8.0,6.0,-0.298934014,,0.07729785784212637,False,True,0.49938347101158465
41,2.0,4.0,4.0,8.0,6.0,-0.336847361,,0.07525212824674715,False,True,0.7858251780058635
3,4.0,4.0,4.0,8.0,6.0,-0.174361111,,0.07040029314976394,False,True,0.00014376762993982556
5,4.0,4.0,4.0,6.0,6.0,-0.289680556,,0.07366493277506578,False,True,0.3011588202921679
75,2.0,2.0,4.0,6.0,2.0,-0.391723917,,0.05392156761312764,False,True,0.2862441558223781
