index,parallelism_deepspeech,parallelism_ffmpeg-0,parallelism_ffmpeg-1,parallelism_ffmpeg-2,parallelism_librosa,target,memory_queue,acquisition,terminated,feasible,ml_mape
255,2.0,2.0,2.0,4.0,6.0,-0.638375,,,False,False,
124,2.0,2.0,4.0,4.0,6.0,-0.550736111,,,False,True,
144,2.0,4.0,4.0,2.0,6.0,-2.553500542,,,False,True,
69,4.0,2.0,2.0,8.0,6.0,-0.358575153,,,False,True,
55,4.0,2.0,2.0,6.0,6.0,-0.347265153,,,False,True,
224,2.0,4.0,2.0,2.0,2.0,-1.002263889,,,False,False,
101,4.0,2.0,4.0,6.0,2.0,-0.441108292,,,False,True,
90,2.0,4.0,4.0,6.0,6.0,-0.589277778,,,False,True,
3,4.0,4.0,4.0,8.0,6.0,-0.174361111,,,False,True,
65,4.0,2.0,4.0,8.0,6.0,-0.352691847,,0.13954209078985924,False,True,0.5863431921074381
7,4.0,4.0,4.0,8.0,4.0,-0.233569444,,0.9787510852103724,False,True,0.011423124697685067
21,4.0,4.0,2.0,8.0,4.0,-0.313295944,,0.9926754170351508,False,True,0.4497076272424367
41,2.0,4.0,4.0,8.0,6.0,-0.336847361,,0.9599646104770921,False,True,0.5864334649059987
43,2.0,2.0,4.0,6.0,4.0,-0.338625681,,0.968495229782022,False,True,0.5354666275142749
60,2.0,2.0,4.0,6.0,6.0,-0.347250847,,0.9401671619794433,False,True,0.4588629962717771
137,2.0,4.0,4.0,8.0,2.0,-0.471614069,,0.8852949482269218,False,True,0.15202303848030535
13,4.0,4.0,2.0,8.0,6.0,-0.298934014,,0.9675305153450293,False,True,0.23477227602612158
8,2.0,2.0,2.0,8.0,4.0,-0.240564167,,0.8733018249550955,False,True,1.1707116043027597
191,2.0,2.0,2.0,6.0,2.0,-0.541027778,,0.867944861550761,False,False,0.22893828157426446
