index,parallelism_deepspeech,parallelism_ffmpeg-0,parallelism_ffmpeg-1,parallelism_ffmpeg-2,parallelism_librosa,target,memory_queue,acquisition,terminated,feasible,ml_mape
147,2.0,2.0,4.0,8.0,4.0,-0.496416667,,,False,True,
212,4.0,2.0,2.0,2.0,6.0,-1.265793236,,,False,False,
214,2.0,4.0,2.0,4.0,2.0,-0.573271181,,,False,False,
114,2.0,4.0,2.0,6.0,2.0,-0.45505725,,,False,True,
160,4.0,4.0,4.0,2.0,2.0,-0.833162361,,,False,True,
1,4.0,2.0,2.0,4.0,4.0,-0.351947292,,,False,True,
189,2.0,2.0,4.0,2.0,6.0,-1.738330417,,,False,False,
90,2.0,4.0,4.0,6.0,6.0,-0.589277778,,,False,True,
161,2.0,2.0,2.0,2.0,2.0,-0.920423736,,,False,True,
3,4.0,4.0,4.0,8.0,6.0,-0.174361111,,0.29050114310379394,False,True,0.2625142317738477
17,4.0,2.0,2.0,6.0,4.0,-0.3125,,0.8067935519027307,False,True,0.26463016424408153
7,4.0,4.0,4.0,8.0,4.0,-0.233569444,,0.7735111554344185,False,True,0.4939803598014436
18,4.0,4.0,2.0,6.0,4.0,-0.312747681,,0.7807946332722734,False,True,0.11134617128503495
5,4.0,4.0,4.0,6.0,6.0,-0.289680556,,0.4842411686051501,False,True,0.9938267513965885
16,4.0,4.0,4.0,6.0,4.0,-0.309360444,,0.8000546479894937,False,True,0.3093905875364674
8,2.0,2.0,2.0,8.0,4.0,-0.240564167,,0.49238615460238666,False,True,0.5862794772716552
9,4.0,4.0,4.0,4.0,6.0,-0.68646125,,0.5023206718868697,False,True,0.20137005702244629
21,4.0,4.0,2.0,8.0,4.0,-0.313295944,,0.7297260755226644,False,True,0.6511104433709319
192,4.0,2.0,2.0,8.0,4.0,-0.5575,,0.4628480698541606,False,False,0.6150167146729186
