index,parallelism_deepspeech,parallelism_ffmpeg-0,parallelism_ffmpeg-1,parallelism_ffmpeg-2,parallelism_librosa,target,memory_queue,acquisition,terminated,feasible,ml_mape
227,2.0,4.0,2.0,2.0,6.0,-2.084416667,,,False,False,
235,2.0,2.0,2.0,2.0,4.0,-1.583097222,,,False,False,
155,2.0,4.0,4.0,4.0,2.0,-0.489930597,,,False,True,
24,4.0,4.0,2.0,4.0,4.0,-0.379202111,,,False,True,
2,4.0,2.0,2.0,4.0,4.0,-0.498833333,,,False,True,
151,4.0,2.0,4.0,6.0,4.0,-0.502097222,,,False,True,
172,2.0,4.0,2.0,2.0,4.0,-1.909765486,,,False,True,
0,4.0,2.0,2.0,4.0,4.0,-0.478763889,,,False,True,
18,4.0,4.0,2.0,6.0,4.0,-0.312747681,,,False,True,
183,4.0,2.0,2.0,8.0,2.0,-0.525085903,,0.9788349299546539,False,False,0.10510458665371317
129,4.0,4.0,4.0,4.0,2.0,-0.469290486,,0.10711682095669335,False,True,0.3687723816534345
16,4.0,4.0,4.0,6.0,4.0,-0.309360444,,0.08391848230350826,False,True,0.1779119513170312
17,4.0,2.0,2.0,6.0,4.0,-0.3125,,0.07508931685513334,False,True,0.7589118945443947
58,4.0,2.0,2.0,8.0,6.0,-0.368771528,,0.04976276643149084,False,True,1.775417702025956
55,4.0,2.0,2.0,6.0,6.0,-0.347265153,,0.10169364334608394,False,True,0.20455949855315078
29,4.0,4.0,2.0,6.0,6.0,-0.329223611,,0.045842182492167004,False,True,0.2152531926268995
117,4.0,4.0,2.0,4.0,2.0,-0.462181681,,0.08177979692973254,False,True,0.3212533446251822
59,4.0,2.0,4.0,8.0,4.0,-0.346334431,,0.04989481850900508,False,True,0.5664292972714877
181,2.0,4.0,2.0,2.0,2.0,-0.816021472,,0.8475900965400222,False,False,0.06301061783875185
