index,parallelism_deepspeech,parallelism_ffmpeg-0,parallelism_ffmpeg-1,parallelism_ffmpeg-2,parallelism_librosa,target,memory_queue,acquisition,terminated,feasible,ml_mape
263,2.0,2.0,4.0,8.0,6.0,-0.730130069,,,False,False,
20,4.0,4.0,2.0,4.0,4.0,-0.320928667,,,False,True,
140,2.0,2.0,4.0,6.0,6.0,-0.489888889,,,False,True,
30,2.0,4.0,2.0,6.0,6.0,-0.328707986,,,False,True,
11,4.0,4.0,4.0,8.0,4.0,-0.318486111,,,False,True,
6,4.0,4.0,4.0,6.0,6.0,-0.263958333,,,False,True,
28,2.0,4.0,4.0,4.0,4.0,-0.407666667,,,False,True,
211,4.0,2.0,2.0,8.0,4.0,-0.55837625,,,False,False,
101,4.0,2.0,4.0,6.0,2.0,-0.441108292,,,False,True,
13,4.0,4.0,2.0,8.0,6.0,-0.298934014,,0.006897179199050468,False,True,0.12873276699844755
165,4.0,4.0,2.0,2.0,6.0,-1.700916667,,0.008235101208466232,False,True,0.48326780082806403
3,4.0,4.0,4.0,8.0,6.0,-0.174361111,,0.046614492275970115,False,True,0.7350167268616012
29,4.0,4.0,2.0,6.0,6.0,-0.329223611,,0.05975517182657954,False,True,0.44501908610723734
180,2.0,4.0,2.0,2.0,6.0,-1.863021056,,0.039284713235415644,False,False,0.3220410542218228
40,2.0,4.0,4.0,6.0,6.0,-0.354989264,,0.11025797285480544,False,True,0.3683922984775457
156,2.0,2.0,2.0,2.0,2.0,-0.8476465,,0.058035128194882046,False,True,0.3400572211712609
35,2.0,4.0,2.0,6.0,4.0,-0.329550403,,0.1179890687270665,False,True,0.1745313231884389
210,4.0,2.0,2.0,2.0,6.0,-0.572237847,,0.05194496455504894,False,False,0.3214515705677103
44,4.0,2.0,4.0,6.0,4.0,-0.349742236,,0.04711115908382513,False,True,0.06420783855212842
