index,parallelism_deepspeech,parallelism_ffmpeg-0,parallelism_ffmpeg-1,parallelism_ffmpeg-2,parallelism_librosa,target,memory_queue,acquisition,terminated,feasible,ml_mape
9,4.0,4.0,4.0,4.0,6.0,-0.68646125,,,False,True,
184,4.0,4.0,2.0,2.0,4.0,-1.912622528,,,False,False,
207,2.0,2.0,2.0,2.0,6.0,-2.025200306,,,False,False,
152,2.0,2.0,4.0,4.0,2.0,-0.505361111,,,False,True,
38,2.0,4.0,2.0,6.0,6.0,-0.332537986,,,False,True,
255,2.0,2.0,2.0,4.0,6.0,-0.638375,,,False,False,
148,2.0,2.0,4.0,8.0,4.0,-0.496097222,,,False,True,
79,4.0,4.0,2.0,6.0,6.0,-0.416763889,,,False,True,
229,4.0,4.0,2.0,2.0,4.0,-2.081097222,,,False,False,
40,2.0,4.0,4.0,6.0,6.0,-0.354989264,,0.11652761554244973,False,True,0.7569921255640056
44,4.0,2.0,4.0,6.0,4.0,-0.349742236,,0.09637168743129519,False,True,0.5179346694292788
157,4.0,4.0,4.0,8.0,2.0,-0.507875,,0.9878568358925354,False,True,1.3174956187349407
3,4.0,4.0,4.0,8.0,6.0,-0.174361111,,0.0891761060187983,False,True,1.2251513898018493
58,4.0,2.0,2.0,8.0,6.0,-0.368771528,,0.0742079835694405,False,True,0.892392185846553
31,4.0,2.0,4.0,6.0,6.0,-0.327348181,,0.045537998528616584,False,True,0.12694841738263568
33,2.0,4.0,2.0,8.0,6.0,-0.326393083,,0.04069673046574728,False,True,0.5183805013593821
106,4.0,2.0,4.0,8.0,2.0,-0.456300083,,0.9052596630971564,False,True,0.32945848770069575
137,2.0,4.0,4.0,8.0,2.0,-0.471614069,,0.9317476355683649,False,True,0.14968552435885366
144,2.0,4.0,4.0,2.0,6.0,-2.553500542,,0.8873841486769564,False,True,0.8916929945713924
