index,parallelism_deepspeech,parallelism_ffmpeg-0,parallelism_ffmpeg-1,parallelism_ffmpeg-2,parallelism_librosa,target,memory_queue,acquisition,terminated,feasible,ml_mape
6,4.0,4.0,4.0,6.0,6.0,-0.263958333,,,False,True,
142,4.0,2.0,4.0,8.0,4.0,-0.48625,,,False,True,
223,2.0,2.0,2.0,2.0,2.0,-1.058027778,,,False,False,
224,2.0,4.0,2.0,2.0,2.0,-1.002263889,,,False,False,
166,2.0,4.0,4.0,2.0,2.0,-0.686595319,,,False,True,
5,4.0,4.0,4.0,6.0,6.0,-0.289680556,,,False,True,
209,2.0,4.0,4.0,8.0,2.0,-0.569402778,,,False,False,
30,2.0,4.0,2.0,6.0,6.0,-0.328707986,,,False,True,
172,2.0,4.0,2.0,2.0,4.0,-1.909765486,,,False,True,
40,2.0,4.0,4.0,6.0,6.0,-0.354989264,,0.7553219192702617,False,True,0.5207609660986369
9,4.0,4.0,4.0,4.0,6.0,-0.68646125,,0.6233288977140408,False,True,0.4419572781424895
29,4.0,4.0,2.0,6.0,6.0,-0.329223611,,0.5424540545290315,False,True,0.6228800662970707
144,2.0,4.0,4.0,2.0,6.0,-2.553500542,,0.48410091346132056,False,True,0.09333235144216924
180,2.0,4.0,2.0,2.0,6.0,-1.863021056,,0.7850308671082086,False,False,0.120124093875276
33,2.0,4.0,2.0,8.0,6.0,-0.326393083,,1.1581973659245042,False,True,0.08421020296564395
13,4.0,4.0,2.0,8.0,6.0,-0.298934014,,1.095347254247769,False,True,0.022794312347883032
19,2.0,4.0,2.0,8.0,4.0,-0.314709528,,1.0015116739771848,False,True,0.5145328614154723
25,2.0,4.0,4.0,8.0,4.0,-0.322285514,,1.0186750403136677,False,True,0.30526946484800127
16,4.0,4.0,4.0,6.0,4.0,-0.309360444,,0.9662021711380245,False,True,0.4176672852099863
