index,parallelism_deepspeech,parallelism_ffmpeg-0,parallelism_ffmpeg-1,parallelism_ffmpeg-2,parallelism_librosa,target,memory_queue,acquisition,terminated,feasible,ml_mape
139,4.0,4.0,4.0,2.0,6.0,-2.581552792,,,False,True,
48,4.0,2.0,4.0,6.0,4.0,-0.342658708,,,False,True,
212,4.0,2.0,2.0,2.0,6.0,-1.265793236,,,False,False,
275,2.0,2.0,2.0,6.0,4.0,-0.574871111,,,False,False,
48,4.0,2.0,4.0,6.0,4.0,-0.342658708,,,False,True,
202,2.0,2.0,2.0,4.0,2.0,-0.544842333,,,False,False,
112,4.0,2.0,2.0,2.0,4.0,-1.663708333,,,False,True,
8,2.0,2.0,2.0,8.0,4.0,-0.240564167,,,False,True,
33,2.0,4.0,2.0,8.0,6.0,-0.326393083,,,False,True,
183,4.0,2.0,2.0,8.0,2.0,-0.525085903,,1.2000830578241015,False,False,2.303488640916054
46,2.0,2.0,4.0,8.0,4.0,-0.341116875,,1.1899434770122597,False,True,1.7356693508359549
208,2.0,4.0,2.0,8.0,2.0,-0.562777778,,1.04199802471949,False,False,1.4637465240119263
87,4.0,2.0,4.0,4.0,2.0,-0.421543819,,0.8493833675303295,False,True,1.1030747129770195
59,4.0,2.0,4.0,8.0,4.0,-0.346334431,,0.5935457456071545,False,True,0.5427448426191539
170,4.0,2.0,4.0,2.0,4.0,-1.748654097,,0.8100556908780218,False,True,0.8371746260111563
13,4.0,4.0,2.0,8.0,6.0,-0.298934014,,1.0853395251506188,False,True,0.9764266889822151
58,4.0,2.0,2.0,8.0,6.0,-0.368771528,,0.4990244160099927,False,True,0.39548237955768734
203,2.0,2.0,4.0,8.0,2.0,-0.560458333,,0.5750386249836552,False,False,0.49292577510512164
3,4.0,4.0,4.0,8.0,6.0,-0.174361111,,0.9109517569561303,False,True,0.06131723630328142
