index,parallelism_deepspeech,parallelism_ffmpeg-0,parallelism_ffmpeg-1,parallelism_ffmpeg-2,parallelism_librosa,target,memory_queue,acquisition,terminated,feasible,ml_mape
19,2.0,4.0,2.0,8.0,4.0,-0.314709528,,,False,True,
223,2.0,2.0,2.0,2.0,2.0,-1.058027778,,,False,False,
73,2.0,2.0,2.0,6.0,4.0,-0.397555556,,,False,True,
235,2.0,2.0,2.0,2.0,4.0,-1.583097222,,,False,False,
93,2.0,4.0,2.0,8.0,4.0,-0.449402778,,,False,True,
109,4.0,2.0,2.0,4.0,2.0,-0.455934792,,,False,True,
168,2.0,2.0,4.0,6.0,2.0,-0.523680556,,,False,True,
72,4.0,2.0,2.0,2.0,4.0,-0.389361375,,,False,True,
198,2.0,2.0,2.0,4.0,2.0,-0.54725,,,False,False,
8,2.0,2.0,2.0,8.0,4.0,-0.240564167,,0.4119846398040876,False,True,0.3507833631985543
192,4.0,2.0,2.0,8.0,4.0,-0.5575,,0.9845901767424805,False,False,0.862205081452181
46,2.0,2.0,4.0,8.0,4.0,-0.341116875,,0.9948145741079476,False,True,0.41603764084240585
128,2.0,2.0,2.0,8.0,2.0,-0.468699931,,0.9782319110019709,False,True,0.28133861484072653
55,4.0,2.0,2.0,6.0,6.0,-0.347265153,,0.9830565117065916,False,True,0.0157908982705238
0,4.0,2.0,2.0,4.0,4.0,-0.478763889,,0.9718877066757272,False,True,0.07235779496148063
58,4.0,2.0,2.0,8.0,6.0,-0.368771528,,0.959983404970449,False,True,0.18304100743643423
203,2.0,2.0,4.0,8.0,2.0,-0.560458333,,0.9396125618499223,False,False,0.24615814744010406
47,2.0,2.0,4.0,8.0,6.0,-0.339389972,,0.9572428970762421,False,True,0.9157360065868974
61,2.0,2.0,2.0,8.0,6.0,-0.3464265,,0.9668425227207731,False,True,0.9994587076691912
