index,parallelism_deepspeech,parallelism_ffmpeg-0,parallelism_ffmpeg-1,parallelism_ffmpeg-2,parallelism_librosa,target,memory_queue,acquisition,terminated,feasible,ml_mape
121,4.0,4.0,2.0,8.0,2.0,-0.475219681,,,False,True,
168,2.0,2.0,4.0,6.0,2.0,-0.523680556,,,False,True,
17,4.0,2.0,2.0,6.0,4.0,-0.3125,,,False,True,
196,2.0,2.0,2.0,6.0,2.0,-0.53278925,,,False,False,
137,2.0,4.0,4.0,8.0,2.0,-0.471614069,,,False,True,
141,2.0,2.0,2.0,8.0,6.0,-0.486847222,,,False,True,
69,4.0,2.0,2.0,8.0,6.0,-0.358575153,,,False,True,
209,2.0,4.0,4.0,8.0,2.0,-0.569402778,,,False,False,
88,2.0,4.0,2.0,4.0,4.0,-0.563819444,,,False,True,
5,4.0,4.0,4.0,6.0,6.0,-0.289680556,,0.0007543710654761337,False,True,0.40953440779402744
205,4.0,2.0,2.0,2.0,2.0,-0.561025153,,0.3479735186756626,False,False,0.6968408402940888
3,4.0,4.0,4.0,8.0,6.0,-0.174361111,,0.45672722211253286,False,True,1.4834668184105402
41,2.0,4.0,4.0,8.0,6.0,-0.336847361,,0.4833534406041855,False,True,0.5766057958709597
65,4.0,2.0,4.0,8.0,6.0,-0.352691847,,0.569703458987006,False,True,0.44109038167970566
13,4.0,4.0,2.0,8.0,6.0,-0.298934014,,0.5576599361245482,False,True,0.5148276004314907
7,4.0,4.0,4.0,8.0,4.0,-0.233569444,,0.5387978144937625,False,True,0.031042206265425098
110,2.0,2.0,2.0,4.0,6.0,-0.468694444,,0.972669876566996,False,True,0.40550308352611875
16,4.0,4.0,4.0,6.0,4.0,-0.309360444,,0.5485558406224431,False,True,0.501416669075037
29,4.0,4.0,2.0,6.0,6.0,-0.329223611,,0.5409931494806473,False,True,0.3697970290972813
