index,parallelism_deepspeech,parallelism_ffmpeg-0,parallelism_ffmpeg-1,parallelism_ffmpeg-2,parallelism_librosa,target,memory_queue,acquisition,terminated,feasible,ml_mape
68,2.0,4.0,4.0,8.0,6.0,-0.358186139,,,False,True,
77,4.0,4.0,2.0,8.0,6.0,-0.411388889,,,False,True,
146,2.0,2.0,2.0,6.0,6.0,-0.489805556,,,False,True,
198,2.0,2.0,2.0,4.0,2.0,-0.54725,,,False,False,
20,4.0,4.0,2.0,4.0,4.0,-0.320928667,,,False,True,
135,2.0,2.0,4.0,4.0,4.0,-0.525222222,,,False,True,
266,2.0,4.0,2.0,8.0,2.0,-0.745151792,,,False,False,
233,4.0,4.0,2.0,2.0,2.0,-1.0745,,,False,False,
116,2.0,2.0,2.0,4.0,4.0,-0.513097222,,,False,True,
210,4.0,2.0,2.0,2.0,6.0,-0.572237847,,0.011826182303430176,False,False,0.7175328047587073
144,2.0,4.0,4.0,2.0,6.0,-2.553500542,,0.9996435024655439,False,True,0.7074787650282842
29,4.0,4.0,2.0,6.0,6.0,-0.329223611,,0.0934286849554256,False,True,0.5460220698836471
31,4.0,2.0,4.0,6.0,6.0,-0.327348181,,0.0816378489837606,False,True,0.17093709724002357
18,4.0,4.0,2.0,6.0,4.0,-0.312747681,,0.08547127023995424,False,True,0.17288357069903557
47,2.0,2.0,4.0,8.0,6.0,-0.339389972,,0.06507884736462285,False,True,0.47210466918794636
0,4.0,2.0,2.0,4.0,4.0,-0.478763889,,0.05430524155971867,False,True,0.1002091616218862
43,2.0,2.0,4.0,6.0,4.0,-0.338625681,,0.04365079008913227,False,True,0.35294750896482213
65,4.0,2.0,4.0,8.0,6.0,-0.352691847,,0.04533861397672865,False,True,0.37779941572578746
55,4.0,2.0,2.0,6.0,6.0,-0.347265153,,0.05790794700248353,False,True,0.496246188300524
