index,parallelism_deepspeech,parallelism_ffmpeg-0,parallelism_ffmpeg-1,parallelism_ffmpeg-2,parallelism_librosa,target,memory_queue,acquisition,terminated,feasible,ml_mape
1,4.0,2.0,2.0,4.0,4.0,-0.351947292,,,False,True,
164,4.0,4.0,2.0,2.0,4.0,-1.723588111,,,False,True,
19,2.0,4.0,2.0,8.0,4.0,-0.314709528,,,False,True,
256,2.0,4.0,2.0,4.0,2.0,-0.640430556,,,False,False,
233,4.0,4.0,2.0,2.0,2.0,-1.0745,,,False,False,
90,2.0,4.0,4.0,6.0,6.0,-0.589277778,,,False,True,
219,2.0,4.0,2.0,6.0,2.0,-0.582208333,,,False,False,
195,2.0,4.0,2.0,4.0,2.0,-0.529499708,,,False,False,
19,2.0,4.0,2.0,8.0,4.0,-0.314709528,,,False,True,
35,2.0,4.0,2.0,6.0,4.0,-0.329550403,,0.04720626892769966,False,True,0.24159633884882456
36,2.0,4.0,2.0,4.0,4.0,-0.359824042,,0.05197072676856612,False,True,0.3104491479255225
8,2.0,2.0,2.0,8.0,4.0,-0.240564167,,0.054371426559542455,False,True,0.03615607968295027
73,2.0,2.0,2.0,6.0,4.0,-0.397555556,,0.08680552025566395,False,True,0.45117552581422193
0,4.0,2.0,2.0,4.0,4.0,-0.478763889,,1.0,False,True,0.2846396118155974
3,4.0,4.0,4.0,8.0,6.0,-0.174361111,,0.04119034542295438,False,True,0.8602452094285015
5,4.0,4.0,4.0,6.0,6.0,-0.289680556,,0.03390004204226081,False,True,1.8131329747035723
7,4.0,4.0,4.0,8.0,4.0,-0.233569444,,0.03477220512223541,False,True,1.3318561041913233
16,4.0,4.0,4.0,6.0,4.0,-0.309360444,,0.06786964711949128,False,True,0.10988829605726728
18,4.0,4.0,2.0,6.0,4.0,-0.312747681,,0.06219604306285431,False,True,0.5694476629141837
