index,parallelism_deepspeech,parallelism_ffmpeg-0,parallelism_ffmpeg-1,parallelism_ffmpeg-2,parallelism_librosa,target,memory_queue,acquisition,terminated,feasible,ml_mape
44,4.0,2.0,4.0,6.0,4.0,-0.349742236,,,False,True,
9,4.0,4.0,4.0,4.0,6.0,-0.68646125,,,False,True,
174,2.0,2.0,2.0,2.0,4.0,-1.632116264,,,False,False,
186,2.0,2.0,4.0,6.0,2.0,-0.539194444,,,False,False,
185,4.0,2.0,4.0,6.0,2.0,-0.531611111,,,False,False,
182,4.0,4.0,2.0,2.0,2.0,-1.021298139,,,False,False,
136,4.0,2.0,4.0,6.0,6.0,-0.483944444,,,False,True,
83,4.0,4.0,2.0,4.0,4.0,-0.461416667,,,False,True,
204,4.0,4.0,4.0,4.0,2.0,-0.556930556,,,False,False,
16,4.0,4.0,4.0,6.0,4.0,-0.309360444,,0.06700556210607775,False,True,0.1899835189011165
13,4.0,4.0,2.0,8.0,6.0,-0.298934014,,0.032894460092185204,False,True,1.3771398620957032
5,4.0,4.0,4.0,6.0,6.0,-0.289680556,,0.03294100210793015,False,True,0.8360937962114691
21,4.0,4.0,2.0,8.0,4.0,-0.313295944,,0.032311510455148934,False,True,0.49874996647253267
18,4.0,4.0,2.0,6.0,4.0,-0.312747681,,0.10616014962403747,False,True,0.26416235744725247
3,4.0,4.0,4.0,8.0,6.0,-0.174361111,,0.08798217319154866,False,True,0.05737218966467088
7,4.0,4.0,4.0,8.0,4.0,-0.233569444,,0.05849482279051342,False,True,0.6398268575621585
29,4.0,4.0,2.0,6.0,6.0,-0.329223611,,0.050631575233194,False,True,0.2422682664637725
72,4.0,2.0,2.0,2.0,4.0,-0.389361375,,0.024122905123266702,False,True,0.47783691358102715
0,4.0,2.0,2.0,4.0,4.0,-0.478763889,,0.022641715772387244,False,True,0.16436540475257214
