index,parallelism_deepspeech,parallelism_ffmpeg-0,parallelism_ffmpeg-1,parallelism_ffmpeg-2,parallelism_librosa,target,memory_queue,acquisition,terminated,feasible,ml_mape
171,4.0,4.0,2.0,2.0,6.0,-1.776849611,,,False,True,
264,4.0,4.0,2.0,8.0,2.0,-0.718686361,,,False,False,
250,4.0,2.0,2.0,8.0,2.0,-0.634722222,,,False,False,
252,2.0,2.0,2.0,4.0,2.0,-0.635083333,,,False,False,
270,2.0,4.0,2.0,8.0,2.0,-0.836875,,,False,False,
103,2.0,4.0,4.0,6.0,6.0,-0.725972222,,,False,True,
243,2.0,4.0,2.0,2.0,6.0,-2.161041667,,,False,False,
16,4.0,4.0,4.0,6.0,4.0,-0.309360444,,,False,True,
39,4.0,2.0,4.0,4.0,6.0,-0.354505208,,,False,True,
3,4.0,4.0,4.0,8.0,6.0,-0.174361111,,0.6332220406236102,False,True,1.848037039524358
31,4.0,2.0,4.0,6.0,6.0,-0.327348181,,1.2566756942347757,False,True,0.4784250042471335
5,4.0,4.0,4.0,6.0,6.0,-0.289680556,,1.2056385582229439,False,True,0.037422108454470804
7,4.0,4.0,4.0,8.0,4.0,-0.233569444,,1.163645090015405,False,True,0.698714231116114
65,4.0,2.0,4.0,8.0,6.0,-0.352691847,,0.7918059575765629,False,True,0.05396617751394916
44,4.0,2.0,4.0,6.0,4.0,-0.349742236,,1.0680579297226753,False,True,0.12660236750728737
59,4.0,2.0,4.0,8.0,4.0,-0.346334431,,1.0468110294452493,False,True,0.08339700412083419
13,4.0,4.0,2.0,8.0,6.0,-0.298934014,,0.9964648489014574,False,True,0.8669396906450368
0,4.0,2.0,2.0,4.0,4.0,-0.478763889,,0.7515931273297376,False,True,0.07180516890332507
54,4.0,2.0,4.0,4.0,4.0,-0.355211889,,0.9470158726396977,False,True,0.09320838350506876
