index,parallelism_deepspeech,parallelism_ffmpeg-0,parallelism_ffmpeg-1,parallelism_ffmpeg-2,parallelism_librosa,target,memory_queue,acquisition,terminated,feasible,ml_mape
122,4.0,2.0,2.0,6.0,6.0,-0.474069444,,,False,True,
143,2.0,2.0,4.0,8.0,6.0,-0.486527778,,,False,True,
113,4.0,2.0,4.0,4.0,4.0,-0.496375,,,False,True,
79,4.0,4.0,2.0,6.0,6.0,-0.416763889,,,False,True,
101,4.0,2.0,4.0,6.0,2.0,-0.441108292,,,False,True,
180,2.0,4.0,2.0,2.0,6.0,-1.863021056,,,False,False,
210,4.0,2.0,2.0,2.0,6.0,-0.572237847,,,False,False,
194,4.0,2.0,2.0,4.0,6.0,-0.529667778,,,False,False,
109,4.0,2.0,2.0,4.0,2.0,-0.455934792,,,False,True,
0,4.0,2.0,2.0,4.0,4.0,-0.478763889,,0.4847197475137428,False,True,0.012318484315866504
3,4.0,4.0,4.0,8.0,6.0,-0.174361111,,0.4500227001832011,False,True,2.1931196085875713
5,4.0,4.0,4.0,6.0,6.0,-0.289680556,,0.49311475888913414,False,True,0.7187309312364534
13,4.0,4.0,2.0,8.0,6.0,-0.298934014,,0.631685884123443,False,True,0.38651582788749195
7,4.0,4.0,4.0,8.0,4.0,-0.233569444,,0.4864024432248413,False,True,0.6784141020719676
16,4.0,4.0,4.0,6.0,4.0,-0.309360444,,0.6361237734036118,False,True,0.15245926784048738
9,4.0,4.0,4.0,4.0,6.0,-0.68646125,,0.47968503843620613,False,True,0.22869745733248917
12,4.0,4.0,4.0,4.0,4.0,-0.457125,,0.4439505830372015,False,True,0.31526218214985136
21,4.0,4.0,2.0,8.0,4.0,-0.313295944,,0.5549616187428312,False,True,0.012797885880081017
41,2.0,4.0,4.0,8.0,6.0,-0.336847361,,0.5235530763954508,False,True,0.07951014510264641
