index,parallelism_deepspeech,parallelism_ffmpeg-0,parallelism_ffmpeg-1,parallelism_ffmpeg-2,parallelism_librosa,target,memory_queue,acquisition,terminated,feasible,ml_mape
60,2.0,2.0,4.0,6.0,6.0,-0.347250847,,,False,True,
100,2.0,4.0,2.0,6.0,4.0,-0.453569444,,,False,True,
268,4.0,4.0,2.0,4.0,2.0,-0.752026028,,,False,False,
54,4.0,2.0,4.0,4.0,4.0,-0.355211889,,,False,True,
147,2.0,2.0,4.0,8.0,4.0,-0.496416667,,,False,True,
8,2.0,2.0,2.0,8.0,4.0,-0.240564167,,,False,True,
215,2.0,4.0,4.0,8.0,2.0,-0.575388889,,,False,False,
43,2.0,2.0,4.0,6.0,4.0,-0.338625681,,,False,True,
40,2.0,4.0,4.0,6.0,6.0,-0.354989264,,,False,True,
61,2.0,2.0,2.0,8.0,6.0,-0.3464265,,0.0033120331447666004,False,True,0.23649991852670835
163,4.0,2.0,4.0,2.0,6.0,-1.661284764,,0.004282739264948428,False,True,1.4719799767518267
192,4.0,2.0,2.0,8.0,4.0,-0.5575,,0.028427867990056355,False,False,0.7991449005780806
19,2.0,4.0,2.0,8.0,4.0,-0.314709528,,0.02867495099098138,False,True,0.12190189064945606
169,4.0,2.0,4.0,2.0,2.0,-0.879925569,,0.02684593067249254,False,True,1.024267524653974
41,2.0,4.0,4.0,8.0,6.0,-0.336847361,,0.021458861369621874,False,True,0.3396726653832706
131,4.0,4.0,4.0,2.0,4.0,-2.122924722,,0.0263152682892128,False,True,0.00020454389730121327
33,2.0,4.0,2.0,8.0,6.0,-0.326393083,,0.05731606621634394,False,True,0.60662518495755
128,2.0,2.0,2.0,8.0,2.0,-0.468699931,,0.031846209111877195,False,True,0.19111985345783597
170,4.0,2.0,4.0,2.0,4.0,-1.748654097,,0.031334333209217094,False,True,0.2637209771948366
