index,parallelism_deepspeech,parallelism_ffmpeg-0,parallelism_ffmpeg-1,parallelism_ffmpeg-2,parallelism_librosa,target,memory_queue,acquisition,terminated,feasible,ml_mape
117,4.0,4.0,2.0,4.0,2.0,-0.462181681,,,False,True,
176,4.0,2.0,4.0,2.0,4.0,-1.436454722,,,False,False,
162,4.0,4.0,2.0,6.0,2.0,-0.5013195,,,False,True,
146,2.0,2.0,2.0,6.0,6.0,-0.489805556,,,False,True,
69,4.0,2.0,2.0,8.0,6.0,-0.358575153,,,False,True,
242,2.0,2.0,4.0,2.0,6.0,-1.715388889,,,False,False,
114,2.0,4.0,2.0,6.0,2.0,-0.45505725,,,False,True,
259,4.0,2.0,2.0,2.0,2.0,-0.68475,,,False,False,
182,4.0,4.0,2.0,2.0,2.0,-1.021298139,,,False,False,
61,2.0,2.0,2.0,8.0,6.0,-0.3464265,,0.6888348859973215,False,True,0.5211984476440592
8,2.0,2.0,2.0,8.0,4.0,-0.240564167,,0.6536472983254139,False,True,1.4003538534539934
9,4.0,4.0,4.0,4.0,6.0,-0.68646125,,0.48442204951844514,False,True,0.2233332719103483
12,4.0,4.0,4.0,4.0,4.0,-0.457125,,0.4352174960794246,False,True,0.9618960795334647
192,4.0,2.0,2.0,8.0,4.0,-0.5575,,0.4220137575119892,False,False,0.44826099031180217
73,2.0,2.0,2.0,6.0,4.0,-0.397555556,,0.39388068804477283,False,True,0.029748512891980758
0,4.0,2.0,2.0,4.0,4.0,-0.478763889,,0.3910708305054824,False,True,0.1096851111200188
20,4.0,4.0,2.0,4.0,4.0,-0.320928667,,0.37472316883856027,False,True,0.15519187172406748
17,4.0,2.0,2.0,6.0,4.0,-0.3125,,0.3824051606054807,False,True,0.7680275285087175
13,4.0,4.0,2.0,8.0,6.0,-0.298934014,,0.3884920113550727,False,True,0.27646099960150444
