index,parallelism_deepspeech,parallelism_ffmpeg-0,parallelism_ffmpeg-1,parallelism_ffmpeg-2,parallelism_librosa,target,memory_queue,acquisition,terminated,feasible,ml_mape
264,4.0,4.0,2.0,8.0,2.0,-0.718686361,,,False,False,
221,2.0,4.0,4.0,4.0,2.0,-0.581986111,,,False,False,
141,2.0,2.0,2.0,8.0,6.0,-0.486847222,,,False,True,
19,2.0,4.0,2.0,8.0,4.0,-0.314709528,,,False,True,
206,2.0,4.0,2.0,6.0,2.0,-0.564430556,,,False,False,
93,2.0,4.0,2.0,8.0,4.0,-0.449402778,,,False,True,
161,2.0,2.0,2.0,2.0,2.0,-0.920423736,,,False,True,
218,4.0,4.0,2.0,6.0,2.0,-0.581611111,,,False,False,
170,4.0,2.0,4.0,2.0,4.0,-1.748654097,,,False,True,
8,2.0,2.0,2.0,8.0,4.0,-0.240564167,,0.029015081283220216,False,True,2.446540624130984
73,2.0,2.0,2.0,6.0,4.0,-0.397555556,,0.05385786952487138,False,True,0.16518355681493527
33,2.0,4.0,2.0,8.0,6.0,-0.326393083,,0.029392767921830466,False,True,0.8014529097938222
167,2.0,2.0,4.0,2.0,2.0,-0.826847028,,0.029182493889212444,False,True,0.32049337811898915
192,4.0,2.0,2.0,8.0,4.0,-0.5575,,0.04611512358070966,False,False,0.38117843843813415
41,2.0,4.0,4.0,8.0,6.0,-0.336847361,,0.04355409596668375,False,True,0.9168920711797461
169,4.0,2.0,4.0,2.0,2.0,-0.879925569,,0.022302836381105785,False,True,0.3914128877669635
175,2.0,2.0,4.0,2.0,4.0,-1.691752611,,0.019827392039952187,False,False,0.09306830610342798
210,4.0,2.0,2.0,2.0,6.0,-0.572237847,,0.0301045397817429,False,False,0.4016931243159941
3,4.0,4.0,4.0,8.0,6.0,-0.174361111,,0.028818959592960016,False,True,3.7130774611637323
