index,parallelism_deepspeech,parallelism_ffmpeg-0,parallelism_ffmpeg-1,parallelism_ffmpeg-2,parallelism_librosa,target,memory_queue,acquisition,terminated,feasible,ml_mape
265,2.0,2.0,2.0,8.0,2.0,-0.723914528,,,False,False,
152,2.0,2.0,4.0,4.0,2.0,-0.505361111,,,False,True,
1,4.0,2.0,2.0,4.0,4.0,-0.351947292,,,False,True,
245,4.0,4.0,4.0,2.0,6.0,-2.663833333,,,False,False,
3,4.0,4.0,4.0,8.0,6.0,-0.174361111,,,False,True,
260,2.0,2.0,4.0,4.0,2.0,-0.681861111,,,False,False,
78,4.0,4.0,2.0,6.0,6.0,-0.430708333,,,False,True,
90,2.0,4.0,4.0,6.0,6.0,-0.589277778,,,False,True,
183,4.0,2.0,2.0,8.0,2.0,-0.525085903,,,False,False,
61,2.0,2.0,2.0,8.0,6.0,-0.3464265,,1.1440793743388789,False,True,0.4392473043846636
59,4.0,2.0,4.0,8.0,4.0,-0.346334431,,1.008521367149184,False,True,0.7045551569896595
153,4.0,4.0,2.0,6.0,2.0,-0.487353861,,0.8703171970712669,False,True,0.11830672061944496
21,4.0,4.0,2.0,8.0,4.0,-0.313295944,,0.7191291293137633,False,True,0.27156747349255705
58,4.0,2.0,2.0,8.0,6.0,-0.368771528,,0.6184135704649228,False,True,0.7646289551927438
205,4.0,2.0,2.0,2.0,2.0,-0.561025153,,0.559346341807815,False,False,0.5923279199951448
33,2.0,4.0,2.0,8.0,6.0,-0.326393083,,0.491705907037575,False,True,0.22514170823974097
73,2.0,2.0,2.0,6.0,4.0,-0.397555556,,0.40377046215867274,False,True,0.13953299915657844
47,2.0,2.0,4.0,8.0,6.0,-0.339389972,,0.36282621473726295,False,True,0.019940465232328806
101,4.0,2.0,4.0,6.0,2.0,-0.441108292,,0.2779576914411914,False,True,0.04610182262848943
