index,parallelism_deepspeech,parallelism_ffmpeg-0,parallelism_ffmpeg-1,parallelism_ffmpeg-2,parallelism_librosa,target,memory_queue,acquisition,terminated,feasible,ml_mape
254,2.0,2.0,2.0,2.0,6.0,-1.897097222,,,False,False,
117,4.0,4.0,2.0,4.0,2.0,-0.462181681,,,False,True,
6,4.0,4.0,4.0,6.0,6.0,-0.263958333,,,False,True,
271,2.0,2.0,2.0,8.0,2.0,-0.844166667,,,False,False,
134,4.0,4.0,4.0,4.0,2.0,-0.472590528,,,False,True,
188,2.0,2.0,4.0,4.0,2.0,-0.537317903,,,False,False,
271,2.0,2.0,2.0,8.0,2.0,-0.844166667,,,False,False,
251,4.0,2.0,2.0,4.0,6.0,-0.624513889,,,False,False,
30,2.0,4.0,2.0,6.0,6.0,-0.328707986,,,False,True,
29,4.0,4.0,2.0,6.0,6.0,-0.329223611,,0.07227545355902949,False,True,0.028117160380544813
16,4.0,4.0,4.0,6.0,4.0,-0.309360444,,0.06333008380423354,False,True,0.11189362950359347
41,2.0,4.0,4.0,8.0,6.0,-0.336847361,,0.06240013242120309,False,True,0.5971176620339631
3,4.0,4.0,4.0,8.0,6.0,-0.174361111,,0.05536139824494159,False,True,1.3028804024758114
13,4.0,4.0,2.0,8.0,6.0,-0.298934014,,0.03956162369069377,False,True,0.013593814287086128
33,2.0,4.0,2.0,8.0,6.0,-0.326393083,,0.01855334193481235,False,True,0.3274368761236433
65,4.0,2.0,4.0,8.0,6.0,-0.352691847,,0.01499663254538935,False,True,0.18147577651331195
58,4.0,2.0,2.0,8.0,6.0,-0.368771528,,0.00936548215995277,False,True,0.8573692987964209
44,4.0,2.0,4.0,6.0,4.0,-0.349742236,,0.00841535466510862,False,True,0.4021952235883337
35,2.0,4.0,2.0,6.0,4.0,-0.329550403,,0.0037999685448570505,False,True,0.40439544332882
