index,parallelism_deepspeech,parallelism_ffmpeg-0,parallelism_ffmpeg-1,parallelism_ffmpeg-2,parallelism_librosa,target,memory_queue,acquisition,terminated,feasible,ml_mape
155,2.0,4.0,4.0,4.0,2.0,-0.489930597,,,False,True,
196,2.0,2.0,2.0,6.0,2.0,-0.53278925,,,False,False,
217,2.0,4.0,4.0,4.0,2.0,-0.575930556,,,False,False,
272,4.0,4.0,4.0,8.0,2.0,-0.842475736,,,False,False,
132,4.0,2.0,2.0,4.0,2.0,-0.474599083,,,False,True,
152,2.0,2.0,4.0,4.0,2.0,-0.505361111,,,False,True,
60,2.0,2.0,4.0,6.0,6.0,-0.347250847,,,False,True,
94,2.0,4.0,2.0,6.0,6.0,-0.453180556,,,False,True,
256,2.0,4.0,2.0,4.0,2.0,-0.640430556,,,False,False,
3,4.0,4.0,4.0,8.0,6.0,-0.174361111,,-0.0,False,True,3.9920019898349883
41,2.0,4.0,4.0,8.0,6.0,-0.336847361,,0.02501744608003237,False,True,0.06130096322400258
5,4.0,4.0,4.0,6.0,6.0,-0.289680556,,0.02368684518162184,False,True,0.07888714030943389
13,4.0,4.0,2.0,8.0,6.0,-0.298934014,,0.007687117757724016,False,True,0.5401529215653584
19,2.0,4.0,2.0,8.0,4.0,-0.314709528,,-0.0,False,True,1.2047211226429368
18,4.0,4.0,2.0,6.0,4.0,-0.312747681,,-0.0,False,True,0.94475347608897
65,4.0,2.0,4.0,8.0,6.0,-0.352691847,,0.05404199184419445,False,True,0.1555955775113197
22,2.0,4.0,2.0,4.0,6.0,-0.377765889,,-0.0,False,True,1.2671286317489536
9,4.0,4.0,4.0,4.0,6.0,-0.68646125,,-0.0,False,True,2.1651932556084774
8,2.0,2.0,2.0,8.0,4.0,-0.240564167,,-0.0,False,True,2.0538507655027525
