index,parallelism_deepspeech,parallelism_ffmpeg-0,parallelism_ffmpeg-1,parallelism_ffmpeg-2,parallelism_librosa,target,memory_queue,acquisition,terminated,feasible,ml_mape
36,2.0,4.0,2.0,4.0,4.0,-0.359824042,,,False,True,
206,2.0,4.0,2.0,6.0,2.0,-0.564430556,,,False,False,
54,4.0,2.0,4.0,4.0,4.0,-0.355211889,,,False,True,
178,4.0,4.0,4.0,2.0,2.0,-0.674233264,,,False,False,
9,4.0,4.0,4.0,4.0,6.0,-0.68646125,,,False,True,
26,4.0,4.0,4.0,6.0,4.0,-0.335936681,,,False,True,
168,2.0,2.0,4.0,6.0,2.0,-0.523680556,,,False,True,
122,4.0,2.0,2.0,6.0,6.0,-0.474069444,,,False,True,
226,4.0,4.0,4.0,2.0,4.0,-2.279416667,,,False,False,
44,4.0,2.0,4.0,6.0,4.0,-0.349742236,,0.07189351029913339,False,True,0.3091463944890289
87,4.0,2.0,4.0,4.0,2.0,-0.421543819,,0.0741042057938755,False,True,0.08922566830686357
195,2.0,4.0,2.0,4.0,2.0,-0.529499708,,0.06843016183664298,False,False,0.2492899984253396
19,2.0,4.0,2.0,8.0,4.0,-0.314709528,,0.08718907745134034,False,True,0.11863122958513768
43,2.0,2.0,4.0,6.0,4.0,-0.338625681,,0.08160395255477233,False,True,0.7469151421489214
7,4.0,4.0,4.0,8.0,4.0,-0.233569444,,1.0,False,True,0.763382892760571
207,2.0,2.0,2.0,2.0,6.0,-2.025200306,,0.06833602789761603,False,False,0.372997555624189
25,2.0,4.0,4.0,8.0,4.0,-0.322285514,,0.10225359139107836,False,True,0.9041514770281476
21,4.0,4.0,2.0,8.0,4.0,-0.313295944,,0.08057693643026972,False,True,0.41523753352946396
65,4.0,2.0,4.0,8.0,6.0,-0.352691847,,0.06074642000334225,False,True,0.8651495254464053
