index,parallelism_deepspeech,parallelism_ffmpeg-0,parallelism_ffmpeg-1,parallelism_ffmpeg-2,parallelism_librosa,target,memory_queue,acquisition,terminated,feasible,ml_mape
17,4.0,2.0,2.0,6.0,4.0,-0.3125,,,False,True,
58,4.0,2.0,2.0,8.0,6.0,-0.368771528,,,False,True,
199,4.0,2.0,2.0,8.0,2.0,-0.558790042,,,False,False,
68,2.0,4.0,4.0,8.0,6.0,-0.358186139,,,False,True,
209,2.0,4.0,4.0,8.0,2.0,-0.569402778,,,False,False,
113,4.0,2.0,4.0,4.0,4.0,-0.496375,,,False,True,
95,2.0,4.0,2.0,4.0,4.0,-0.576430556,,,False,True,
120,4.0,2.0,2.0,8.0,6.0,-0.472138889,,,False,True,
237,2.0,4.0,4.0,2.0,2.0,-0.970541667,,,False,False,
8,2.0,2.0,2.0,8.0,4.0,-0.240564167,,-0.0,False,True,1.784482794617499
73,2.0,2.0,2.0,6.0,4.0,-0.397555556,,0.0070113034975196244,False,True,0.6612307064447974
9,4.0,4.0,4.0,4.0,6.0,-0.68646125,,-0.0,False,True,2.2887278360886927
192,4.0,2.0,2.0,8.0,4.0,-0.5575,,0.07885924013150168,False,False,0.4040294801386514
3,4.0,4.0,4.0,8.0,6.0,-0.174361111,,-0.0,False,True,5.281717911262222
157,4.0,4.0,4.0,8.0,2.0,-0.507875,,0.016416970110552372,False,True,0.7627453395070325
15,2.0,4.0,4.0,4.0,6.0,-0.782349653,,-0.0,False,True,1.780931885080516
65,4.0,2.0,4.0,8.0,6.0,-0.352691847,,0.0008769255494139781,False,True,0.0932011533424482
13,4.0,4.0,2.0,8.0,6.0,-0.298934014,,0.0700213118527412,False,True,0.13362299475844105
7,4.0,4.0,4.0,8.0,4.0,-0.233569444,,0.007401804946071076,False,True,0.7153860568048196
