index,parallelism_deepspeech,parallelism_ffmpeg-0,parallelism_ffmpeg-1,parallelism_ffmpeg-2,parallelism_librosa,target,memory_queue,acquisition,terminated,feasible,ml_mape
73,2.0,2.0,2.0,6.0,4.0,-0.397555556,,,False,True,
275,2.0,2.0,2.0,6.0,4.0,-0.574871111,,,False,False,
193,4.0,2.0,4.0,8.0,2.0,-0.544234181,,,False,False,
61,2.0,2.0,2.0,8.0,6.0,-0.3464265,,,False,True,
200,4.0,2.0,4.0,4.0,2.0,-0.547041667,,,False,False,
222,4.0,2.0,2.0,2.0,2.0,-1.028465194,,,False,False,
149,4.0,2.0,2.0,6.0,4.0,-0.503263889,,,False,True,
107,4.0,4.0,4.0,6.0,2.0,-0.446536125,,,False,True,
70,4.0,2.0,4.0,6.0,6.0,-0.376416667,,,False,True,
52,2.0,2.0,2.0,6.0,6.0,-0.341679014,,0.017610748602716497,False,True,0.16825280971325834
0,4.0,2.0,2.0,4.0,4.0,-0.478763889,,0.01975546302437585,False,True,0.09428032075415121
0,4.0,2.0,2.0,4.0,4.0,-0.478763889,,1.0,False,True,0.017551909471976226
3,4.0,4.0,4.0,8.0,6.0,-0.174361111,,0.016434002651837847,False,True,0.518455240292117
5,4.0,4.0,4.0,6.0,6.0,-0.289680556,,0.0043052177706042576,False,True,0.03337392652468677
65,4.0,2.0,4.0,8.0,6.0,-0.352691847,,0.018672237162129207,False,True,0.07721408963204565
7,4.0,4.0,4.0,8.0,4.0,-0.233569444,,0.004985963983744762,False,True,0.6504444098784959
41,2.0,4.0,4.0,8.0,6.0,-0.336847361,,0.020908054859995362,False,True,0.831274191718881
8,2.0,2.0,2.0,8.0,4.0,-0.240564167,,0.006172482124952482,False,True,1.3605119231831408
16,4.0,4.0,4.0,6.0,4.0,-0.309360444,,0.00712208782594986,False,True,0.11400712751924423
