index,parallelism_deepspeech,parallelism_ffmpeg-0,parallelism_ffmpeg-1,parallelism_ffmpeg-2,parallelism_librosa,target,memory_queue,acquisition,terminated,feasible,ml_mape
81,2.0,4.0,2.0,6.0,4.0,-0.425430208,,,False,True,
215,2.0,4.0,4.0,8.0,2.0,-0.575388889,,,False,False,
101,4.0,2.0,4.0,6.0,2.0,-0.441108292,,,False,True,
205,4.0,2.0,2.0,2.0,2.0,-0.561025153,,,False,False,
53,2.0,2.0,4.0,4.0,4.0,-0.353006875,,,False,True,
87,4.0,2.0,4.0,4.0,2.0,-0.421543819,,,False,True,
251,4.0,2.0,2.0,4.0,6.0,-0.624513889,,,False,False,
194,4.0,2.0,2.0,4.0,6.0,-0.529667778,,,False,False,
183,4.0,2.0,2.0,8.0,2.0,-0.525085903,,,False,False,
210,4.0,2.0,2.0,2.0,6.0,-0.572237847,,-0.016793770232404363,False,False,0.29353905304216127
61,2.0,2.0,2.0,8.0,6.0,-0.3464265,,-0.03158398515003646,False,True,0.7279981740813085
121,4.0,4.0,2.0,8.0,2.0,-0.475219681,,-0.06446702116695886,False,True,0.3898869332784094
191,2.0,2.0,2.0,6.0,2.0,-0.541027778,,-0.03959089634250339,False,False,0.011944427111746429
192,4.0,2.0,2.0,8.0,4.0,-0.5575,,-0.053959959821001685,False,False,0.043678955705866884
0,4.0,2.0,2.0,4.0,4.0,-0.478763889,,-0.07276038122569511,False,True,0.3111125285184377
3,4.0,4.0,4.0,8.0,6.0,-0.174361111,,0.998663731326545,False,True,0.8311520220765716
166,2.0,4.0,4.0,2.0,2.0,-0.686595319,,-0.00016730550877181921,False,True,0.7723069657260162
41,2.0,4.0,4.0,8.0,6.0,-0.336847361,,-0.039360968766951505,False,True,0.733853452895101
128,2.0,2.0,2.0,8.0,2.0,-0.468699931,,-0.04983180566238236,False,True,0.011824183086892181
