index,parallelism_deepspeech,parallelism_ffmpeg-0,parallelism_ffmpeg-1,parallelism_ffmpeg-2,parallelism_librosa,target,memory_queue,acquisition,terminated,feasible,ml_mape
162,4.0,4.0,2.0,6.0,2.0,-0.5013195,,,False,True,
111,2.0,2.0,4.0,4.0,4.0,-0.550722222,,,False,True,
38,2.0,4.0,2.0,6.0,6.0,-0.332537986,,,False,True,
230,2.0,4.0,2.0,2.0,4.0,-2.073611111,,,False,False,
23,2.0,4.0,4.0,4.0,4.0,-0.457704472,,,False,True,
273,4.0,4.0,2.0,4.0,2.0,-0.848291667,,,False,False,
192,4.0,2.0,2.0,8.0,4.0,-0.5575,,,False,False,
275,2.0,2.0,2.0,6.0,4.0,-0.574871111,,,False,False,
73,2.0,2.0,2.0,6.0,4.0,-0.397555556,,,False,True,
3,4.0,4.0,4.0,8.0,6.0,-0.174361111,,0.6005413599742969,False,True,1.123071680501123
5,4.0,4.0,4.0,6.0,6.0,-0.289680556,,0.6513572686720368,False,True,2.9104786677204815
7,4.0,4.0,4.0,8.0,4.0,-0.233569444,,0.6513564475168054,False,True,0.24307558098158394
16,4.0,4.0,4.0,6.0,4.0,-0.309360444,,0.8567148663204093,False,True,0.429331947604105
3,4.0,4.0,4.0,8.0,6.0,-0.174361111,,1.0,False,True,0.02793065820622949
40,2.0,4.0,4.0,6.0,6.0,-0.354989264,,0.6578745170216513,False,True,0.4138634337418291
9,4.0,4.0,4.0,4.0,6.0,-0.68646125,,0.6351209426558854,False,True,0.10283061499806363
12,4.0,4.0,4.0,4.0,4.0,-0.457125,,0.5927813161938565,False,True,0.752777188737073
3,4.0,4.0,4.0,8.0,6.0,-0.174361111,,1.0,False,True,0.015804558137990022
8,2.0,2.0,2.0,8.0,4.0,-0.240564167,,0.5737222865082197,False,True,1.2190427617628894
