index,parallelism_deepspeech,parallelism_ffmpeg-0,parallelism_ffmpeg-1,parallelism_ffmpeg-2,parallelism_librosa,target,memory_queue,acquisition,terminated,feasible,ml_mape
48,4.0,2.0,4.0,6.0,4.0,-0.342658708,,,False,True,
117,4.0,4.0,2.0,4.0,2.0,-0.462181681,,,False,True,
56,4.0,2.0,2.0,4.0,6.0,-0.352285833,,,False,True,
137,2.0,4.0,4.0,8.0,2.0,-0.471614069,,,False,True,
153,4.0,4.0,2.0,6.0,2.0,-0.487353861,,,False,True,
192,4.0,2.0,2.0,8.0,4.0,-0.5575,,,False,False,
152,2.0,2.0,4.0,4.0,2.0,-0.505361111,,,False,True,
91,2.0,4.0,2.0,8.0,6.0,-0.442208333,,,False,True,
191,2.0,2.0,2.0,6.0,2.0,-0.541027778,,,False,False,
0,4.0,2.0,2.0,4.0,4.0,-0.478763889,,1.0,False,True,0.12523074912865587
139,4.0,4.0,4.0,2.0,6.0,-2.581552792,,0.0009267762568622336,False,True,0.8814595275491912
47,2.0,2.0,4.0,8.0,6.0,-0.339389972,,0.1186460652281242,False,True,0.637466384111997
55,4.0,2.0,2.0,6.0,6.0,-0.347265153,,0.11890642388232522,False,True,0.028984224463235488
101,4.0,2.0,4.0,6.0,2.0,-0.441108292,,0.14406486841385435,False,True,0.17382892216652704
46,2.0,2.0,4.0,8.0,4.0,-0.341116875,,0.10911888572666292,False,True,0.38149820083098185
114,2.0,4.0,2.0,6.0,2.0,-0.45505725,,0.10551311529360811,False,True,0.11067592701031106
163,4.0,2.0,4.0,2.0,6.0,-1.661284764,,0.09652753625346705,False,True,0.013624896303157394
59,4.0,2.0,4.0,8.0,4.0,-0.346334431,,0.16333164398579444,False,True,0.16396738618250334
52,2.0,2.0,2.0,6.0,6.0,-0.341679014,,0.10963200654465063,False,True,0.30575864805287206
