index,parallelism_deepspeech,parallelism_ffmpeg-0,parallelism_ffmpeg-1,parallelism_ffmpeg-2,parallelism_librosa,target,memory_queue,acquisition,terminated,feasible,ml_mape
12,4.0,4.0,4.0,4.0,4.0,-0.457125,,,False,True,
261,4.0,2.0,4.0,6.0,2.0,-0.702819444,,,False,False,
267,4.0,4.0,4.0,8.0,2.0,-0.750095889,,,False,False,
34,4.0,4.0,2.0,6.0,4.0,-0.328441333,,,False,True,
207,2.0,2.0,2.0,2.0,6.0,-2.025200306,,,False,False,
201,4.0,2.0,2.0,6.0,2.0,-0.548472222,,,False,False,
82,4.0,4.0,2.0,4.0,6.0,-0.523083333,,,False,True,
164,4.0,4.0,2.0,2.0,4.0,-1.723588111,,,False,True,
254,2.0,2.0,2.0,2.0,6.0,-1.897097222,,,False,False,
0,4.0,2.0,2.0,4.0,4.0,-0.478763889,,0.6581335246681481,False,True,0.15094964221561555
17,4.0,2.0,2.0,6.0,4.0,-0.3125,,0.8292106861606936,False,True,0.5086432736781976
29,4.0,4.0,2.0,6.0,6.0,-0.329223611,,0.8843898858013963,False,True,0.5059589820409568
5,4.0,4.0,4.0,6.0,6.0,-0.289680556,,0.8966446015642622,False,True,0.6950490314753685
39,4.0,2.0,4.0,4.0,6.0,-0.354505208,,0.8267639736674355,False,True,0.3112119273471296
16,4.0,4.0,4.0,6.0,4.0,-0.309360444,,0.9704932116564843,False,True,0.060942438842586565
9,4.0,4.0,4.0,4.0,6.0,-0.68646125,,0.9749309909350541,False,True,0.17224933131281012
55,4.0,2.0,2.0,6.0,6.0,-0.347265153,,0.9477147459693581,False,True,0.3179521749345448
31,4.0,2.0,4.0,6.0,6.0,-0.327348181,,0.9636758043080249,False,True,0.331742900908314
44,4.0,2.0,4.0,6.0,4.0,-0.349742236,,0.931279238613201,False,True,0.24928660521013973
