index,parallelism_deepspeech,parallelism_ffmpeg-0,parallelism_ffmpeg-1,parallelism_ffmpeg-2,parallelism_librosa,target,memory_queue,acquisition,terminated,feasible,ml_mape
83,4.0,4.0,2.0,4.0,4.0,-0.461416667,,,False,True,
175,2.0,2.0,4.0,2.0,4.0,-1.691752611,,,False,False,
170,4.0,2.0,4.0,2.0,4.0,-1.748654097,,,False,True,
254,2.0,2.0,2.0,2.0,6.0,-1.897097222,,,False,False,
185,4.0,2.0,4.0,6.0,2.0,-0.531611111,,,False,False,
175,2.0,2.0,4.0,2.0,4.0,-1.691752611,,,False,False,
111,2.0,2.0,4.0,4.0,4.0,-0.550722222,,,False,True,
169,4.0,2.0,4.0,2.0,2.0,-0.879925569,,,False,True,
10,4.0,4.0,4.0,4.0,6.0,-0.642764458,,,False,True,
61,2.0,2.0,2.0,8.0,6.0,-0.3464265,,0.3757579878849595,False,True,0.5235860349600232
21,4.0,4.0,2.0,8.0,4.0,-0.313295944,,0.4597685339106971,False,True,0.025379572698564022
33,2.0,4.0,2.0,8.0,6.0,-0.326393083,,0.731177542875402,False,True,0.7494076736863579
13,4.0,4.0,2.0,8.0,6.0,-0.298934014,,0.50174248053651,False,True,0.5415387515171105
19,2.0,4.0,2.0,8.0,4.0,-0.314709528,,0.7737282590093781,False,True,0.22827781232009944
121,4.0,4.0,2.0,8.0,2.0,-0.475219681,,0.5544051855138074,False,True,0.3305731645722397
8,2.0,2.0,2.0,8.0,4.0,-0.240564167,,0.9706773484314846,False,True,0.7233905887747385
73,2.0,2.0,2.0,6.0,4.0,-0.397555556,,1.0531046139425362,False,True,0.004351448296645003
46,2.0,2.0,4.0,8.0,4.0,-0.341116875,,0.9979287501841091,False,True,0.36516052558376016
75,2.0,2.0,4.0,6.0,2.0,-0.391723917,,0.9548580683746793,False,True,0.17573581635990643
