index,parallelism_deepspeech,parallelism_ffmpeg-0,parallelism_ffmpeg-1,parallelism_ffmpeg-2,parallelism_librosa,target,memory_queue,acquisition,terminated,feasible,ml_mape
25,2.0,4.0,4.0,8.0,4.0,-0.322285514,,,False,True,
93,2.0,4.0,2.0,8.0,4.0,-0.449402778,,,False,True,
258,4.0,2.0,2.0,8.0,4.0,-0.680513889,,,False,False,
254,2.0,2.0,2.0,2.0,6.0,-1.897097222,,,False,False,
2,4.0,2.0,2.0,4.0,4.0,-0.498833333,,,False,True,
39,4.0,2.0,4.0,4.0,6.0,-0.354505208,,,False,True,
68,2.0,4.0,4.0,8.0,6.0,-0.358186139,,,False,True,
161,2.0,2.0,2.0,2.0,2.0,-0.920423736,,,False,True,
48,4.0,2.0,4.0,6.0,4.0,-0.342658708,,,False,True,
5,4.0,4.0,4.0,6.0,6.0,-0.289680556,,0.12809995256790896,False,True,0.11543180863754572
31,4.0,2.0,4.0,6.0,6.0,-0.327348181,,0.1021326167885836,False,True,0.3061722452559891
16,4.0,4.0,4.0,6.0,4.0,-0.309360444,,0.088243637919703,False,True,0.6996606416218766
87,4.0,2.0,4.0,4.0,2.0,-0.421543819,,0.06748502091032119,False,True,0.24099550947950812
125,2.0,4.0,4.0,6.0,2.0,-0.4634665,,0.058973563721641795,False,True,0.20283683497045676
12,4.0,4.0,4.0,4.0,4.0,-0.457125,,0.051146825337381574,False,True,0.01818222013121225
3,4.0,4.0,4.0,8.0,6.0,-0.174361111,,0.04688512553669302,False,True,0.45800794962095837
7,4.0,4.0,4.0,8.0,4.0,-0.233569444,,0.024615589306201557,False,True,0.5154423978856407
157,4.0,4.0,4.0,8.0,2.0,-0.507875,,0.019779537058968705,False,True,0.14181240357937924
13,4.0,4.0,2.0,8.0,6.0,-0.298934014,,0.016441901639205746,False,True,0.2994010532525298
