index,parallelism_deepspeech,parallelism_ffmpeg-0,parallelism_ffmpeg-1,parallelism_ffmpeg-2,parallelism_librosa,target,memory_queue,acquisition,terminated,feasible,ml_mape
35,2.0,4.0,2.0,6.0,4.0,-0.329550403,,,False,True,
93,2.0,4.0,2.0,8.0,4.0,-0.449402778,,,False,True,
85,4.0,4.0,4.0,4.0,6.0,-1.020666667,,,False,True,
4,4.0,4.0,4.0,8.0,6.0,-0.177944444,,,False,True,
234,4.0,4.0,4.0,2.0,2.0,-0.777097222,,,False,False,
46,2.0,2.0,4.0,8.0,4.0,-0.341116875,,,False,True,
8,2.0,2.0,2.0,8.0,4.0,-0.240564167,,,False,True,
190,2.0,2.0,2.0,4.0,6.0,-0.527102625,,,False,False,
1,4.0,2.0,2.0,4.0,4.0,-0.351947292,,,False,True,
5,4.0,4.0,4.0,6.0,6.0,-0.289680556,,0.016382466302987328,False,True,0.9868568092923041
7,4.0,4.0,4.0,8.0,4.0,-0.233569444,,0.017186766394802114,False,True,1.7111120851771167
12,4.0,4.0,4.0,4.0,4.0,-0.457125,,0.019227052554888123,False,True,0.18906026119677444
13,4.0,4.0,2.0,8.0,6.0,-0.298934014,,0.01655686953483853,False,True,0.14125545924624483
16,4.0,4.0,4.0,6.0,4.0,-0.309360444,,0.020168337968755584,False,True,0.41089535914983083
15,2.0,4.0,4.0,4.0,6.0,-0.782349653,,0.0162926195227689,False,True,0.18391313505720974
73,2.0,2.0,2.0,6.0,4.0,-0.397555556,,0.026670742595291605,False,True,0.5516144882017499
17,4.0,2.0,2.0,6.0,4.0,-0.3125,,0.014225376597217232,False,True,0.5127122249328805
18,4.0,4.0,2.0,6.0,4.0,-0.312747681,,0.014149119014494387,False,True,0.03480712112533141
20,4.0,4.0,2.0,4.0,4.0,-0.320928667,,0.014018292472129504,False,True,0.033365397688049386
