index,parallelism_deepspeech,parallelism_ffmpeg-0,parallelism_ffmpeg-1,parallelism_ffmpeg-2,parallelism_librosa,target,memory_queue,acquisition,terminated,feasible,ml_mape
127,2.0,2.0,2.0,8.0,6.0,-0.48025,,,False,True,
117,4.0,4.0,2.0,4.0,2.0,-0.462181681,,,False,True,
89,2.0,4.0,4.0,4.0,4.0,-0.765861111,,,False,True,
258,4.0,2.0,2.0,8.0,4.0,-0.680513889,,,False,False,
27,2.0,4.0,4.0,4.0,6.0,-0.852930556,,,False,True,
172,2.0,4.0,2.0,2.0,4.0,-1.909765486,,,False,True,
92,2.0,4.0,4.0,8.0,4.0,-0.452111111,,,False,True,
82,4.0,4.0,2.0,4.0,6.0,-0.523083333,,,False,True,
240,4.0,2.0,4.0,2.0,2.0,-1.144777778,,,False,False,
3,4.0,4.0,4.0,8.0,6.0,-0.174361111,,0.33836977117157596,False,True,1.8921017099156936
13,4.0,4.0,2.0,8.0,6.0,-0.298934014,,0.4480667232552418,False,True,0.06384003893106852
60,2.0,2.0,4.0,6.0,6.0,-0.347250847,,0.4101150261611332,False,True,0.27817226858749916
107,4.0,4.0,4.0,6.0,2.0,-0.446536125,,0.44535917986766016,False,True,0.020113963344638497
5,4.0,4.0,4.0,6.0,6.0,-0.289680556,,0.3930979031117181,False,True,0.3199785754474805
3,4.0,4.0,4.0,8.0,6.0,-0.174361111,,1.0,False,True,0.06633862009758759
55,4.0,2.0,2.0,6.0,6.0,-0.347265153,,0.51361247189781,False,True,0.5934308959439946
47,2.0,2.0,4.0,8.0,6.0,-0.339389972,,0.5062640925246007,False,True,0.34437742507671093
41,2.0,4.0,4.0,8.0,6.0,-0.336847361,,0.4954242688416601,False,True,0.5472450353766036
29,4.0,4.0,2.0,6.0,6.0,-0.329223611,,0.6535711103519081,False,True,0.07909601905502477
