index,parallelism_deepspeech,parallelism_ffmpeg-0,parallelism_ffmpeg-1,parallelism_ffmpeg-2,parallelism_librosa,target,memory_queue,acquisition,terminated,feasible,ml_mape
137,2.0,4.0,4.0,8.0,2.0,-0.471614069,,,False,True,
223,2.0,2.0,2.0,2.0,2.0,-1.058027778,,,False,False,
101,4.0,2.0,4.0,6.0,2.0,-0.441108292,,,False,True,
144,2.0,4.0,4.0,2.0,6.0,-2.553500542,,,False,True,
235,2.0,2.0,2.0,2.0,4.0,-1.583097222,,,False,False,
70,4.0,2.0,4.0,6.0,6.0,-0.376416667,,,False,True,
3,4.0,4.0,4.0,8.0,6.0,-0.174361111,,,False,True,
150,4.0,2.0,2.0,2.0,4.0,-1.702361111,,,False,True,
49,2.0,2.0,2.0,4.0,4.0,-0.340263431,,,False,True,
43,2.0,2.0,4.0,6.0,4.0,-0.338625681,,0.1127669179904704,False,True,0.04714215237313144
121,4.0,4.0,2.0,8.0,2.0,-0.475219681,,0.04410636099919704,False,True,0.9794468359653041
73,2.0,2.0,2.0,6.0,4.0,-0.397555556,,0.1827187030876437,False,True,0.9656616660214481
155,2.0,4.0,4.0,4.0,2.0,-0.489930597,,0.06713544930336476,False,True,0.32793083961910025
44,4.0,2.0,4.0,6.0,4.0,-0.349742236,,0.1303280870845348,False,True,0.27790004875305147
25,2.0,4.0,4.0,8.0,4.0,-0.322285514,,0.05891837422971038,False,True,0.6675065989004193
7,4.0,4.0,4.0,8.0,4.0,-0.233569444,,0.15302671375331137,False,True,0.4804316142612882
65,4.0,2.0,4.0,8.0,6.0,-0.352691847,,0.13092011917857074,False,True,0.368584531419491
41,2.0,4.0,4.0,8.0,6.0,-0.336847361,,0.12358287960967275,False,True,0.48804091446227577
16,4.0,4.0,4.0,6.0,4.0,-0.309360444,,0.11973937822456707,False,True,0.2096806148033287
