index,parallelism_deepspeech,parallelism_ffmpeg-0,parallelism_ffmpeg-1,parallelism_ffmpeg-2,parallelism_librosa,target,memory_queue,acquisition,terminated,feasible,ml_mape
270,2.0,4.0,2.0,8.0,2.0,-0.836875,,,False,False,
83,4.0,4.0,2.0,4.0,4.0,-0.461416667,,,False,True,
262,4.0,2.0,2.0,2.0,6.0,-0.753805556,,,False,False,
159,2.0,2.0,2.0,8.0,4.0,-0.50775,,,False,True,
13,4.0,4.0,2.0,8.0,6.0,-0.298934014,,,False,True,
20,4.0,4.0,2.0,4.0,4.0,-0.320928667,,,False,True,
166,2.0,4.0,4.0,2.0,2.0,-0.686595319,,,False,True,
135,2.0,2.0,4.0,4.0,4.0,-0.525222222,,,False,True,
83,4.0,4.0,2.0,4.0,4.0,-0.461416667,,,False,True,
15,2.0,4.0,4.0,4.0,6.0,-0.782349653,,-0.0,False,True,1.1029810708451264
19,2.0,4.0,2.0,8.0,4.0,-0.314709528,,-0.0,False,True,0.9023937040732325
0,4.0,2.0,2.0,4.0,4.0,-0.478763889,,-0.0,False,True,0.15815586523632852
3,4.0,4.0,4.0,8.0,6.0,-0.174361111,,-0.0,False,True,5.088855898883222
5,4.0,4.0,4.0,6.0,6.0,-0.289680556,,0.0015958447082857763,False,True,0.2843040472698121
7,4.0,4.0,4.0,8.0,4.0,-0.233569444,,0.019555363576473195,False,True,1.8296762133351596
9,4.0,4.0,4.0,4.0,6.0,-0.68646125,,0.04665520243015003,False,True,0.294851887418363
12,4.0,4.0,4.0,4.0,4.0,-0.457125,,0.033786949840589386,False,True,0.6159925915226254
16,4.0,4.0,4.0,6.0,4.0,-0.309360444,,0.143132338035241,False,True,0.28730774158732486
25,2.0,4.0,4.0,8.0,4.0,-0.322285514,,0.02690815158556542,False,True,0.8164978371494135
