index,parallelism_deepspeech,parallelism_ffmpeg-0,parallelism_ffmpeg-1,parallelism_ffmpeg-2,parallelism_librosa,target,memory_queue,acquisition,terminated,feasible,ml_mape
35,2.0,4.0,2.0,6.0,4.0,-0.329550403,,,False,True,
143,2.0,2.0,4.0,8.0,6.0,-0.486527778,,,False,True,
106,4.0,2.0,4.0,8.0,2.0,-0.456300083,,,False,True,
76,4.0,4.0,2.0,6.0,4.0,-0.409236111,,,False,True,
116,2.0,2.0,2.0,4.0,4.0,-0.513097222,,,False,True,
5,4.0,4.0,4.0,6.0,6.0,-0.289680556,,,False,True,
52,2.0,2.0,2.0,6.0,6.0,-0.341679014,,,False,True,
34,4.0,4.0,2.0,6.0,4.0,-0.328441333,,,False,True,
42,2.0,2.0,4.0,4.0,6.0,-0.343127194,,,False,True,
0,4.0,2.0,2.0,4.0,4.0,-0.478763889,,0.0009024661693482163,False,True,0.029185192996434486
30,2.0,4.0,2.0,6.0,6.0,-0.328707986,,0.9454225535501259,False,True,0.7258168206093215
9,4.0,4.0,4.0,4.0,6.0,-0.68646125,,0.7443576918317412,False,True,0.45617692327249715
157,4.0,4.0,4.0,8.0,2.0,-0.507875,,1.0,False,True,0.9218970516495005
58,4.0,2.0,2.0,8.0,6.0,-0.368771528,,1.0,False,True,1.4349979082638258
31,4.0,2.0,4.0,6.0,6.0,-0.327348181,,1.0,False,True,0.7807051299108242
169,4.0,2.0,4.0,2.0,2.0,-0.879925569,,0.9729451439327653,False,True,0.3617273791089695
3,4.0,4.0,4.0,8.0,6.0,-0.174361111,,0.872439014259935,False,True,0.45450975824462014
13,4.0,4.0,2.0,8.0,6.0,-0.298934014,,0.8142312110872075,False,True,0.38112328255076666
41,2.0,4.0,4.0,8.0,6.0,-0.336847361,,0.9196452166822489,False,True,0.09806927333946883
