index,parallelism_deepspeech,parallelism_ffmpeg-0,parallelism_ffmpeg-1,parallelism_ffmpeg-2,parallelism_librosa,target,memory_queue,acquisition,terminated,feasible,ml_mape
274,2.0,2.0,2.0,6.0,4.0,-0.750597222,,,False,False,
36,2.0,4.0,2.0,4.0,4.0,-0.359824042,,,False,True,
175,2.0,2.0,4.0,2.0,4.0,-1.691752611,,,False,False,
123,4.0,2.0,2.0,6.0,2.0,-0.461257611,,,False,True,
87,4.0,2.0,4.0,4.0,2.0,-0.421543819,,,False,True,
204,4.0,4.0,4.0,4.0,2.0,-0.556930556,,,False,False,
143,2.0,2.0,4.0,8.0,6.0,-0.486527778,,,False,True,
203,2.0,2.0,4.0,8.0,2.0,-0.560458333,,,False,False,
209,2.0,4.0,4.0,8.0,2.0,-0.569402778,,,False,False,
3,4.0,4.0,4.0,8.0,6.0,-0.174361111,,0.9976957513625005,False,True,3.698864185388723
22,2.0,4.0,2.0,4.0,6.0,-0.377765889,,0.9387729574959931,False,True,1.283288161851371
65,4.0,2.0,4.0,8.0,6.0,-0.352691847,,0.01310070960984024,False,True,0.28365609947773185
41,2.0,4.0,4.0,8.0,6.0,-0.336847361,,0.01566967563701404,False,True,0.5430692519902824
153,4.0,4.0,2.0,6.0,2.0,-0.487353861,,0.019488472697093525,False,True,0.48502688939192706
60,2.0,2.0,4.0,6.0,6.0,-0.347250847,,0.019477888881992686,False,True,0.22592106243305285
109,4.0,2.0,2.0,4.0,2.0,-0.455934792,,0.8443515102898871,False,True,0.16564065381752927
106,4.0,2.0,4.0,8.0,2.0,-0.456300083,,0.016401260406096414,False,True,0.43330663794735436
29,4.0,4.0,2.0,6.0,6.0,-0.329223611,,0.013604105552654185,False,True,0.262245925153346
5,4.0,4.0,4.0,6.0,6.0,-0.289680556,,0.007349556277839104,False,True,0.9329317582889322
