index,parallelism_deepspeech,parallelism_ffmpeg-0,parallelism_ffmpeg-1,parallelism_ffmpeg-2,parallelism_librosa,target,memory_queue,acquisition,terminated,feasible,ml_mape
268,4.0,4.0,2.0,4.0,2.0,-0.752026028,,,False,False,
267,4.0,4.0,4.0,8.0,2.0,-0.750095889,,,False,False,
91,2.0,4.0,2.0,8.0,6.0,-0.442208333,,,False,True,
8,2.0,2.0,2.0,8.0,4.0,-0.240564167,,,False,True,
236,4.0,2.0,4.0,2.0,2.0,-1.192458333,,,False,False,
89,2.0,4.0,4.0,4.0,4.0,-0.765861111,,,False,True,
17,4.0,2.0,2.0,6.0,4.0,-0.3125,,,False,True,
219,2.0,4.0,2.0,6.0,2.0,-0.582208333,,,False,False,
90,2.0,4.0,4.0,6.0,6.0,-0.589277778,,,False,True,
58,4.0,2.0,2.0,8.0,6.0,-0.368771528,,0.03410521585593168,False,True,0.9105136758828283
52,2.0,2.0,2.0,6.0,6.0,-0.341679014,,0.9076488008875987,False,True,0.17216303772968833
192,4.0,2.0,2.0,8.0,4.0,-0.5575,,0.9725481686099795,False,False,0.6106578495378006
73,2.0,2.0,2.0,6.0,4.0,-0.397555556,,0.932868407943631,False,True,0.7031482951395268
55,4.0,2.0,2.0,6.0,6.0,-0.347265153,,0.653526525539414,False,True,0.9234381667791642
61,2.0,2.0,2.0,8.0,6.0,-0.3464265,,0.9043333110701729,False,True,0.3617142319632684
46,2.0,2.0,4.0,8.0,4.0,-0.341116875,,0.9267859816691641,False,True,0.6886959691654897
128,2.0,2.0,2.0,8.0,2.0,-0.468699931,,0.8940648168046907,False,True,0.2809045501038277
47,2.0,2.0,4.0,8.0,6.0,-0.339389972,,0.8764344351977315,False,True,0.23318144742857433
56,4.0,2.0,2.0,4.0,6.0,-0.352285833,,0.7723903571345587,False,True,0.1251307882181623
