index,parallelism_deepspeech,parallelism_ffmpeg-0,parallelism_ffmpeg-1,parallelism_ffmpeg-2,parallelism_librosa,target,memory_queue,acquisition,terminated,feasible,ml_mape
269,4.0,4.0,2.0,8.0,2.0,-0.818444444,,,False,False,
203,2.0,2.0,4.0,8.0,2.0,-0.560458333,,,False,False,
144,2.0,4.0,4.0,2.0,6.0,-2.553500542,,,False,True,
95,2.0,4.0,2.0,4.0,4.0,-0.576430556,,,False,True,
47,2.0,2.0,4.0,8.0,6.0,-0.339389972,,,False,True,
78,4.0,4.0,2.0,6.0,6.0,-0.430708333,,,False,True,
85,4.0,4.0,4.0,4.0,6.0,-1.020666667,,,False,True,
270,2.0,4.0,2.0,8.0,2.0,-0.836875,,,False,False,
77,4.0,4.0,2.0,8.0,6.0,-0.411388889,,,False,True,
17,4.0,2.0,2.0,6.0,4.0,-0.3125,,0.8829658776396179,False,True,0.38798761388425324
87,4.0,2.0,4.0,4.0,2.0,-0.421543819,,0.9880204631382236,False,True,0.29262615453970625
65,4.0,2.0,4.0,8.0,6.0,-0.352691847,,0.9821732471807179,False,True,0.4997980183086997
0,4.0,2.0,2.0,4.0,4.0,-0.478763889,,1.0,False,True,0.3821967161999755
129,4.0,4.0,4.0,4.0,2.0,-0.469290486,,0.97210109455688,False,True,0.16813928724560637
7,4.0,4.0,4.0,8.0,4.0,-0.233569444,,0.9820155206435778,False,True,1.6273391182475847
73,2.0,2.0,2.0,6.0,4.0,-0.397555556,,0.9824519544076091,False,True,0.04133100148771868
59,4.0,2.0,4.0,8.0,4.0,-0.346334431,,0.9768167020568892,False,True,0.08505313943807218
0,4.0,2.0,2.0,4.0,4.0,-0.478763889,,1.0,False,True,0.08167178886795777
43,2.0,2.0,4.0,6.0,4.0,-0.338625681,,0.9753512318870801,False,True,0.32439822907902255
