index,parallelism_deepspeech,parallelism_ffmpeg-0,parallelism_ffmpeg-1,parallelism_ffmpeg-2,parallelism_librosa,target,memory_queue,acquisition,terminated,feasible,ml_mape
272,4.0,4.0,4.0,8.0,2.0,-0.842475736,,,False,False,
228,2.0,2.0,2.0,2.0,4.0,-1.829888889,,,False,False,
2,4.0,2.0,2.0,4.0,4.0,-0.498833333,,,False,True,
169,4.0,2.0,4.0,2.0,2.0,-0.879925569,,,False,True,
188,2.0,2.0,4.0,4.0,2.0,-0.537317903,,,False,False,
115,2.0,2.0,2.0,8.0,4.0,-0.469847222,,,False,True,
198,2.0,2.0,2.0,4.0,2.0,-0.54725,,,False,False,
17,4.0,2.0,2.0,6.0,4.0,-0.3125,,,False,True,
178,4.0,4.0,4.0,2.0,2.0,-0.674233264,,,False,False,
59,4.0,2.0,4.0,8.0,4.0,-0.346334431,,0.03395445769122505,False,True,0.07405151436448189
109,4.0,2.0,2.0,4.0,2.0,-0.455934792,,0.03902673879001838,False,True,0.05889525860915518
192,4.0,2.0,2.0,8.0,4.0,-0.5575,,0.08097202300094192,False,False,0.7904426319311623
25,2.0,4.0,4.0,8.0,4.0,-0.322285514,,0.03893389248938593,False,True,0.03012339178480491
46,2.0,2.0,4.0,8.0,4.0,-0.341116875,,0.04275391334087697,False,True,0.12661398216059966
129,4.0,4.0,4.0,4.0,2.0,-0.469290486,,0.044281645116768645,False,True,0.2704324587018301
20,4.0,4.0,2.0,4.0,4.0,-0.320928667,,0.040825370540136297,False,True,0.5791673649046717
18,4.0,4.0,2.0,6.0,4.0,-0.312747681,,0.07545731481344674,False,True,0.2846206545317372
44,4.0,2.0,4.0,6.0,4.0,-0.349742236,,0.08124430663241851,False,True,0.1628588996322293
16,4.0,4.0,4.0,6.0,4.0,-0.309360444,,0.07826242247597266,False,True,0.06540102108589534
