index,parallelism_deepspeech,parallelism_ffmpeg-0,parallelism_ffmpeg-1,parallelism_ffmpeg-2,parallelism_librosa,target,memory_queue,acquisition,terminated,feasible,ml_mape
109,4.0,2.0,2.0,4.0,2.0,-0.455934792,,,False,True,
33,2.0,4.0,2.0,8.0,6.0,-0.326393083,,,False,True,
226,4.0,4.0,4.0,2.0,4.0,-2.279416667,,,False,False,
259,4.0,2.0,2.0,2.0,2.0,-0.68475,,,False,False,
176,4.0,2.0,4.0,2.0,4.0,-1.436454722,,,False,False,
106,4.0,2.0,4.0,8.0,2.0,-0.456300083,,,False,True,
154,4.0,4.0,4.0,2.0,6.0,-2.677372167,,,False,True,
103,2.0,4.0,4.0,6.0,6.0,-0.725972222,,,False,True,
13,4.0,4.0,2.0,8.0,6.0,-0.298934014,,,False,True,
7,4.0,4.0,4.0,8.0,4.0,-0.233569444,,0.08733660450075498,False,True,1.6328716475174851
3,4.0,4.0,4.0,8.0,6.0,-0.174361111,,0.27048549725620535,False,True,2.9200750306554872
5,4.0,4.0,4.0,6.0,6.0,-0.289680556,,0.08851452143184563,False,True,1.0981414949667005
59,4.0,2.0,4.0,8.0,4.0,-0.346334431,,0.22510468056380195,False,True,0.343871021382575
21,4.0,4.0,2.0,8.0,4.0,-0.313295944,,0.2164796809093325,False,True,0.292701394463361
65,4.0,2.0,4.0,8.0,6.0,-0.352691847,,0.2085287665054648,False,True,0.4044632633852598
0,4.0,2.0,2.0,4.0,4.0,-0.478763889,,0.09795404948476602,False,True,0.031070073012500452
17,4.0,2.0,2.0,6.0,4.0,-0.3125,,0.22493650358618872,False,True,0.35204326170833317
8,2.0,2.0,2.0,8.0,4.0,-0.240564167,,0.09614824546776354,False,True,1.6383153448146484
19,2.0,4.0,2.0,8.0,4.0,-0.314709528,,0.2161018640332167,False,True,0.04542840740183045
