index,parallelism_deepspeech,parallelism_ffmpeg-0,parallelism_ffmpeg-1,parallelism_ffmpeg-2,parallelism_librosa,target,memory_queue,acquisition,terminated,feasible,ml_mape
133,2.0,2.0,4.0,6.0,4.0,-0.483902778,,,False,True,
89,2.0,4.0,4.0,4.0,4.0,-0.765861111,,,False,True,
193,4.0,2.0,4.0,8.0,2.0,-0.544234181,,,False,False,
61,2.0,2.0,2.0,8.0,6.0,-0.3464265,,,False,True,
69,4.0,2.0,2.0,8.0,6.0,-0.358575153,,,False,True,
63,4.0,2.0,2.0,6.0,6.0,-0.363416389,,,False,True,
219,2.0,4.0,2.0,6.0,2.0,-0.582208333,,,False,False,
162,4.0,4.0,2.0,6.0,2.0,-0.5013195,,,False,True,
82,4.0,4.0,2.0,4.0,6.0,-0.523083333,,,False,True,
52,2.0,2.0,2.0,6.0,6.0,-0.341679014,,0.007841344705945401,False,True,0.023000879895913803
47,2.0,2.0,4.0,8.0,6.0,-0.339389972,,0.0034473381700332755,False,True,0.12348545191654589
65,4.0,2.0,4.0,8.0,6.0,-0.352691847,,0.008448331753560325,False,True,0.08697183689506609
41,2.0,4.0,4.0,8.0,6.0,-0.336847361,,0.0037842940419844048,False,True,0.1186959152906413
33,2.0,4.0,2.0,8.0,6.0,-0.326393083,,0.008640021228974861,False,True,0.23228882619661517
13,4.0,4.0,2.0,8.0,6.0,-0.298934014,,0.00626064809049601,False,True,0.2896979284764986
3,4.0,4.0,4.0,8.0,6.0,-0.174361111,,0.004280287124884554,False,True,1.639431245583456
7,4.0,4.0,4.0,8.0,4.0,-0.233569444,,0.0005058562103344019,False,True,0.4011122484300096
5,4.0,4.0,4.0,6.0,6.0,-0.289680556,,0.0004835999654814596,False,True,0.3866158713658044
169,4.0,2.0,4.0,2.0,2.0,-0.879925569,,8.005273515323416e-05,False,True,0.5314616707347866
