index,parallelism_deepspeech,parallelism_ffmpeg-0,parallelism_ffmpeg-1,parallelism_ffmpeg-2,parallelism_librosa,target,memory_queue,acquisition,terminated,feasible,ml_mape
137,2.0,4.0,4.0,8.0,2.0,-0.471614069,,,False,True,
61,2.0,2.0,2.0,8.0,6.0,-0.3464265,,,False,True,
251,4.0,2.0,2.0,4.0,6.0,-0.624513889,,,False,False,
174,2.0,2.0,2.0,2.0,4.0,-1.632116264,,,False,False,
101,4.0,2.0,4.0,6.0,2.0,-0.441108292,,,False,True,
67,4.0,2.0,4.0,4.0,4.0,-0.356944444,,,False,True,
95,2.0,4.0,2.0,4.0,4.0,-0.576430556,,,False,True,
62,4.0,2.0,4.0,8.0,4.0,-0.374241069,,,False,True,
23,2.0,4.0,4.0,4.0,4.0,-0.457704472,,,False,True,
44,4.0,2.0,4.0,6.0,4.0,-0.349742236,,0.0937800355456321,False,True,0.037909753199079875
12,4.0,4.0,4.0,4.0,4.0,-0.457125,,0.09057099601969812,False,True,0.3636914872666471
0,4.0,2.0,2.0,4.0,4.0,-0.478763889,,0.060482924024501505,False,True,0.1090030784783643
3,4.0,4.0,4.0,8.0,6.0,-0.174361111,,0.05740212289371122,False,True,1.1703158604738124
65,4.0,2.0,4.0,8.0,6.0,-0.352691847,,0.053713606910301206,False,True,0.17237160399472304
5,4.0,4.0,4.0,6.0,6.0,-0.289680556,,0.027030027848881713,False,True,0.7745558066307217
7,4.0,4.0,4.0,8.0,4.0,-0.233569444,,0.052709287302492226,False,True,0.2492555676916551
8,2.0,2.0,2.0,8.0,4.0,-0.240564167,,0.029423452217667248,False,True,0.5766362792568475
16,4.0,4.0,4.0,6.0,4.0,-0.309360444,,0.056035098178916644,False,True,0.16800108220145593
9,4.0,4.0,4.0,4.0,6.0,-0.68646125,,0.030402275925316247,False,True,0.21547245836280907
