index,parallelism_deepspeech,parallelism_ffmpeg-0,parallelism_ffmpeg-1,parallelism_ffmpeg-2,parallelism_librosa,target,memory_queue,acquisition,terminated,feasible,ml_mape
256,2.0,4.0,2.0,4.0,2.0,-0.640430556,,,False,False,
186,2.0,2.0,4.0,6.0,2.0,-0.539194444,,,False,False,
32,4.0,4.0,2.0,4.0,6.0,-0.345415417,,,False,True,
38,2.0,4.0,2.0,6.0,6.0,-0.332537986,,,False,True,
158,4.0,2.0,4.0,8.0,6.0,-0.506138889,,,False,True,
217,2.0,4.0,4.0,4.0,2.0,-0.575930556,,,False,False,
45,4.0,4.0,4.0,8.0,4.0,-0.337648278,,,False,True,
43,2.0,2.0,4.0,6.0,4.0,-0.338625681,,,False,True,
114,2.0,4.0,2.0,6.0,2.0,-0.45505725,,,False,True,
106,4.0,2.0,4.0,8.0,2.0,-0.456300083,,-0.0001681677477176935,False,True,0.9735630533875893
58,4.0,2.0,2.0,8.0,6.0,-0.368771528,,-0.00028135160163502256,False,True,1.9191888019764904
137,2.0,4.0,4.0,8.0,2.0,-0.471614069,,-0.004130627341447651,False,True,0.17035327888822555
87,4.0,2.0,4.0,4.0,2.0,-0.421543819,,-0.005239719331307749,False,True,0.15444472851828872
125,2.0,4.0,4.0,6.0,2.0,-0.4634665,,-0.014892054629529911,False,True,0.3313533261874027
181,2.0,4.0,2.0,2.0,2.0,-0.816021472,,-0.002384240993614175,False,False,0.6864203111711367
39,4.0,2.0,4.0,4.0,6.0,-0.354505208,,-0.029897982884370965,False,True,0.14411850197109288
166,2.0,4.0,4.0,2.0,2.0,-0.686595319,,-0.01960747118295826,False,True,0.20389339196532255
49,2.0,2.0,2.0,4.0,4.0,-0.340263431,,-0.026874323304472834,False,True,0.050244175065012255
128,2.0,2.0,2.0,8.0,2.0,-0.468699931,,-0.005099617959651112,False,True,0.6775013051342502
