index,parallelism_deepspeech,parallelism_ffmpeg-0,parallelism_ffmpeg-1,parallelism_ffmpeg-2,parallelism_librosa,target,memory_queue,acquisition,terminated,feasible,ml_mape
113,4.0,2.0,4.0,4.0,4.0,-0.496375,,,False,True,
59,4.0,2.0,4.0,8.0,4.0,-0.346334431,,,False,True,
30,2.0,4.0,2.0,6.0,6.0,-0.328707986,,,False,True,
169,4.0,2.0,4.0,2.0,2.0,-0.879925569,,,False,True,
59,4.0,2.0,4.0,8.0,4.0,-0.346334431,,,False,True,
230,2.0,4.0,2.0,2.0,4.0,-2.073611111,,,False,False,
170,4.0,2.0,4.0,2.0,4.0,-1.748654097,,,False,True,
180,2.0,4.0,2.0,2.0,6.0,-1.863021056,,,False,False,
177,4.0,2.0,4.0,8.0,2.0,-0.511388458,,,False,False,
52,2.0,2.0,2.0,6.0,6.0,-0.341679014,,0.09478620987841965,False,True,0.5376147550895035
61,2.0,2.0,2.0,8.0,6.0,-0.3464265,,0.11924051940118952,False,True,0.49069139993612576
33,2.0,4.0,2.0,8.0,6.0,-0.326393083,,0.14669096237741144,False,True,0.12394145618004776
65,4.0,2.0,4.0,8.0,6.0,-0.352691847,,0.15014738215750578,False,True,0.6734334115160692
49,2.0,2.0,2.0,4.0,4.0,-0.340263431,,0.06079100328149904,False,True,0.16652324013596068
44,4.0,2.0,4.0,6.0,4.0,-0.349742236,,0.1151718561173196,False,True,0.11632400011143722
73,2.0,2.0,2.0,6.0,4.0,-0.397555556,,0.11254397045298892,False,True,0.15163856984136792
47,2.0,2.0,4.0,8.0,6.0,-0.339389972,,0.055049886241914585,False,True,0.015150313185350631
58,4.0,2.0,2.0,8.0,6.0,-0.368771528,,0.05811973415405846,False,True,0.011726852859330008
54,4.0,2.0,4.0,4.0,4.0,-0.355211889,,0.7701760632163815,False,True,0.2840255877996458
