index,parallelism_deepspeech,parallelism_ffmpeg-0,parallelism_ffmpeg-1,parallelism_ffmpeg-2,parallelism_librosa,target,memory_queue,acquisition,terminated,feasible,ml_mape
58,4.0,2.0,2.0,8.0,6.0,-0.368771528,,,False,True,
7,4.0,4.0,4.0,8.0,4.0,-0.233569444,,,False,True,
76,4.0,4.0,2.0,6.0,4.0,-0.409236111,,,False,True,
268,4.0,4.0,2.0,4.0,2.0,-0.752026028,,,False,False,
106,4.0,2.0,4.0,8.0,2.0,-0.456300083,,,False,True,
104,4.0,2.0,2.0,6.0,2.0,-0.445360833,,,False,True,
34,4.0,4.0,2.0,6.0,4.0,-0.328441333,,,False,True,
266,2.0,4.0,2.0,8.0,2.0,-0.745151792,,,False,False,
46,2.0,2.0,4.0,8.0,4.0,-0.341116875,,,False,True,
3,4.0,4.0,4.0,8.0,6.0,-0.174361111,,0.007386768982723594,False,True,2.142830479229053
192,4.0,2.0,2.0,8.0,4.0,-0.5575,,0.8695132110469478,False,False,0.6538839612064113
152,2.0,2.0,4.0,4.0,2.0,-0.505361111,,0.9893438377762591,False,True,0.8933890795089415
41,2.0,4.0,4.0,8.0,6.0,-0.336847361,,0.012360287347926501,False,True,0.704885864247916
65,4.0,2.0,4.0,8.0,6.0,-0.352691847,,0.009091906833203916,False,True,0.6076359200379895
13,4.0,4.0,2.0,8.0,6.0,-0.298934014,,0.008784192062690044,False,True,0.614101854970526
5,4.0,4.0,4.0,6.0,6.0,-0.289680556,,0.007852893461360028,False,True,1.825976089727373
29,4.0,4.0,2.0,6.0,6.0,-0.329223611,,0.004880207801939598,False,True,0.9364658523576148
60,2.0,2.0,4.0,6.0,6.0,-0.347250847,,0.0033945197808674015,False,True,0.2804842592026639
210,4.0,2.0,2.0,2.0,6.0,-0.572237847,,0.002801996507809443,False,False,0.5635495222896318
