index,parallelism_deepspeech,parallelism_ffmpeg-0,parallelism_ffmpeg-1,parallelism_ffmpeg-2,parallelism_librosa,target,memory_queue,acquisition,terminated,feasible,ml_mape
152,2.0,2.0,4.0,4.0,2.0,-0.505361111,,,False,True,
3,4.0,4.0,4.0,8.0,6.0,-0.174361111,,,False,True,
60,2.0,2.0,4.0,6.0,6.0,-0.347250847,,,False,True,
228,2.0,2.0,2.0,2.0,4.0,-1.829888889,,,False,False,
60,2.0,2.0,4.0,6.0,6.0,-0.347250847,,,False,True,
197,4.0,4.0,4.0,6.0,2.0,-0.543944444,,,False,False,
81,2.0,4.0,2.0,6.0,4.0,-0.425430208,,,False,True,
166,2.0,4.0,4.0,2.0,2.0,-0.686595319,,,False,True,
57,4.0,4.0,4.0,8.0,6.0,-0.411472222,,,False,True,
41,2.0,4.0,4.0,8.0,6.0,-0.336847361,,0.06179411813154097,False,True,0.7625982430228503
58,4.0,2.0,2.0,8.0,6.0,-0.368771528,,0.9994457618956738,False,True,1.1260522235424084
65,4.0,2.0,4.0,8.0,6.0,-0.352691847,,0.9937224483397737,False,True,0.3573855627892872
33,2.0,4.0,2.0,8.0,6.0,-0.326393083,,0.9769744924799131,False,True,0.11615419830219767
21,4.0,4.0,2.0,8.0,4.0,-0.313295944,,0.9356786583047194,False,True,0.23118651707865928
46,2.0,2.0,4.0,8.0,4.0,-0.341116875,,0.8932602948513166,False,True,0.7656973471432268
13,4.0,4.0,2.0,8.0,6.0,-0.298934014,,0.9535960013482634,False,True,0.41202171048288105
208,2.0,4.0,2.0,8.0,2.0,-0.562777778,,0.9127274533758833,False,False,0.33612013992025946
47,2.0,2.0,4.0,8.0,6.0,-0.339389972,,1.0,False,True,0.3594023334049104
40,2.0,4.0,4.0,6.0,6.0,-0.354989264,,0.9606523423059349,False,True,0.1052580298148846
