index,parallelism_deepspeech,parallelism_ffmpeg-0,parallelism_ffmpeg-1,parallelism_ffmpeg-2,parallelism_librosa,target,memory_queue,acquisition,terminated,feasible,ml_mape
208,2.0,4.0,2.0,8.0,2.0,-0.562777778,,,False,False,
129,4.0,4.0,4.0,4.0,2.0,-0.469290486,,,False,True,
151,4.0,2.0,4.0,6.0,4.0,-0.502097222,,,False,True,
217,2.0,4.0,4.0,4.0,2.0,-0.575930556,,,False,False,
230,2.0,4.0,2.0,2.0,4.0,-2.073611111,,,False,False,
15,2.0,4.0,4.0,4.0,6.0,-0.782349653,,,False,True,
12,4.0,4.0,4.0,4.0,4.0,-0.457125,,,False,True,
222,4.0,2.0,2.0,2.0,2.0,-1.028465194,,,False,False,
266,2.0,4.0,2.0,8.0,2.0,-0.745151792,,,False,False,
3,4.0,4.0,4.0,8.0,6.0,-0.174361111,,0.44461078243485774,False,True,0.15949578400972522
0,4.0,2.0,2.0,4.0,4.0,-0.478763889,,1.0,False,True,0.1159903484242252
5,4.0,4.0,4.0,6.0,6.0,-0.289680556,,0.5174523841727241,False,True,0.6120021541097758
16,4.0,4.0,4.0,6.0,4.0,-0.309360444,,0.7932271669100103,False,True,0.1344791722294073
7,4.0,4.0,4.0,8.0,4.0,-0.233569444,,0.7902452437925189,False,True,0.6871399426864833
9,4.0,4.0,4.0,4.0,6.0,-0.68646125,,0.5650362127492,False,True,0.6819943934223072
13,4.0,4.0,2.0,8.0,6.0,-0.298934014,,0.7009912278688165,False,True,0.5481141530172444
21,4.0,4.0,2.0,8.0,4.0,-0.313295944,,0.7186244094613277,False,True,0.06973877877927799
8,2.0,2.0,2.0,8.0,4.0,-0.240564167,,,False,True,2.5886468540129157
192,4.0,2.0,2.0,8.0,4.0,-0.5575,,0.73301372185683,False,False,0.7777472685408925
