index,parallelism_deepspeech,parallelism_ffmpeg-0,parallelism_ffmpeg-1,parallelism_ffmpeg-2,parallelism_librosa,target,memory_queue,acquisition,terminated,feasible,ml_mape
110,2.0,2.0,2.0,4.0,6.0,-0.468694444,,,False,True,
152,2.0,2.0,4.0,4.0,2.0,-0.505361111,,,False,True,
95,2.0,4.0,2.0,4.0,4.0,-0.576430556,,,False,True,
259,4.0,2.0,2.0,2.0,2.0,-0.68475,,,False,False,
264,4.0,4.0,2.0,8.0,2.0,-0.718686361,,,False,False,
204,4.0,4.0,4.0,4.0,2.0,-0.556930556,,,False,False,
89,2.0,4.0,4.0,4.0,4.0,-0.765861111,,,False,True,
181,2.0,4.0,2.0,2.0,2.0,-0.816021472,,,False,False,
219,2.0,4.0,2.0,6.0,2.0,-0.582208333,,,False,False,
13,4.0,4.0,2.0,8.0,6.0,-0.298934014,,0.0036969677649267693,False,True,0.7267453880187141
65,4.0,2.0,4.0,8.0,6.0,-0.352691847,,0.0006652346816708202,False,True,0.10623220247700446
3,4.0,4.0,4.0,8.0,6.0,-0.174361111,,0.008699919153619208,False,True,1.5965385009672701
5,4.0,4.0,4.0,6.0,6.0,-0.289680556,,0.005321260495352682,False,True,0.5502950404229426
41,2.0,4.0,4.0,8.0,6.0,-0.336847361,,0.011830748489521585,False,True,0.09976097058066062
22,2.0,4.0,2.0,4.0,6.0,-0.377765889,,0.9068616518017312,False,True,0.22065027982593916
7,4.0,4.0,4.0,8.0,4.0,-0.233569444,,0.004826868806007041,False,True,0.7271413415300267
30,2.0,4.0,2.0,6.0,6.0,-0.328707986,,0.007450690591267077,False,True,0.31867623364976755
29,4.0,4.0,2.0,6.0,6.0,-0.329223611,,0.013912517771338949,False,True,0.3638820008576497
40,2.0,4.0,4.0,6.0,6.0,-0.354989264,,0.003231336746409075,False,True,0.15217664771514097
