index,parallelism_deepspeech,parallelism_ffmpeg-0,parallelism_ffmpeg-1,parallelism_ffmpeg-2,parallelism_librosa,target,memory_queue,acquisition,terminated,feasible,ml_mape
262,4.0,2.0,2.0,2.0,6.0,-0.753805556,,,False,False,
23,2.0,4.0,4.0,4.0,4.0,-0.457704472,,,False,True,
187,4.0,2.0,2.0,4.0,2.0,-0.527723514,,,False,False,
39,4.0,2.0,4.0,4.0,6.0,-0.354505208,,,False,True,
29,4.0,4.0,2.0,6.0,6.0,-0.329223611,,,False,True,
200,4.0,2.0,4.0,4.0,2.0,-0.547041667,,,False,False,
63,4.0,2.0,2.0,6.0,6.0,-0.363416389,,,False,True,
77,4.0,4.0,2.0,8.0,6.0,-0.411388889,,,False,True,
256,2.0,4.0,2.0,4.0,2.0,-0.640430556,,,False,False,
8,2.0,2.0,2.0,8.0,4.0,-0.240564167,,-0.0,False,True,3.5148100913262246
47,2.0,2.0,4.0,8.0,6.0,-0.339389972,,1.0,False,True,2.7496239167858754
139,4.0,4.0,4.0,2.0,6.0,-2.581552792,,0.9865526729180517,False,True,1.010245451663066
30,2.0,4.0,2.0,6.0,6.0,-0.328707986,,0.9790068586464531,False,True,0.70274068106669
43,2.0,2.0,4.0,6.0,4.0,-0.338625681,,0.9959933710459601,False,True,0.7175100909288108
41,2.0,4.0,4.0,8.0,6.0,-0.336847361,,0.9922883528434254,False,True,0.1290575736900135
169,4.0,2.0,4.0,2.0,2.0,-0.879925569,,0.9696331926100116,False,True,0.39300661844136625
121,4.0,4.0,2.0,8.0,2.0,-0.475219681,,0.8754899473545295,False,True,2.0164763469709537
19,2.0,4.0,2.0,8.0,4.0,-0.314709528,,0.9947445487467834,False,True,0.41982348604559794
16,4.0,4.0,4.0,6.0,4.0,-0.309360444,,0.9937940240879618,False,True,0.7455258117312449
