index,parallelism_deepspeech,parallelism_ffmpeg-0,parallelism_ffmpeg-1,parallelism_ffmpeg-2,parallelism_librosa,target,memory_queue,acquisition,terminated,feasible,ml_mape
100,2.0,4.0,2.0,6.0,4.0,-0.453569444,,,False,True,
212,4.0,2.0,2.0,2.0,6.0,-1.265793236,,,False,False,
252,2.0,2.0,2.0,4.0,2.0,-0.635083333,,,False,False,
273,4.0,4.0,2.0,4.0,2.0,-0.848291667,,,False,False,
42,2.0,2.0,4.0,4.0,6.0,-0.343127194,,,False,True,
37,2.0,4.0,2.0,4.0,6.0,-0.4056085,,,False,True,
159,2.0,2.0,2.0,8.0,4.0,-0.50775,,,False,True,
251,4.0,2.0,2.0,4.0,6.0,-0.624513889,,,False,False,
69,4.0,2.0,2.0,8.0,6.0,-0.358575153,,,False,True,
41,2.0,4.0,4.0,8.0,6.0,-0.336847361,,0.025106113602862044,False,True,0.12142587724502756
61,2.0,2.0,2.0,8.0,6.0,-0.3464265,,0.5161677037490489,False,True,0.9025776054262425
13,4.0,4.0,2.0,8.0,6.0,-0.298934014,,0.5993411247077087,False,True,0.4075529674497649
33,2.0,4.0,2.0,8.0,6.0,-0.326393083,,0.763124093712537,False,True,0.506717044800752
47,2.0,2.0,4.0,8.0,6.0,-0.339389972,,0.635062870863774,False,True,0.5739886060081918
40,2.0,4.0,4.0,6.0,6.0,-0.354989264,,0.6266807488819329,False,True,0.09612726628484655
121,4.0,4.0,2.0,8.0,2.0,-0.475219681,,0.684395052956748,False,True,0.4698808810874016
60,2.0,2.0,4.0,6.0,6.0,-0.347250847,,0.791195910047163,False,True,0.07324302332175288
21,4.0,4.0,2.0,8.0,4.0,-0.313295944,,0.6431718747294478,False,True,0.5890421071109022
30,2.0,4.0,2.0,6.0,6.0,-0.328707986,,0.6415419242058606,False,True,0.08561320253822598
