index,parallelism_deepspeech,parallelism_ffmpeg-0,parallelism_ffmpeg-1,parallelism_ffmpeg-2,parallelism_librosa,target,memory_queue,acquisition,terminated,feasible,ml_mape
123,4.0,2.0,2.0,6.0,2.0,-0.461257611,,,False,True,
251,4.0,2.0,2.0,4.0,6.0,-0.624513889,,,False,False,
246,4.0,2.0,4.0,2.0,6.0,-1.744666667,,,False,False,
111,2.0,2.0,4.0,4.0,4.0,-0.550722222,,,False,True,
122,4.0,2.0,2.0,6.0,6.0,-0.474069444,,,False,True,
151,4.0,2.0,4.0,6.0,4.0,-0.502097222,,,False,True,
199,4.0,2.0,2.0,8.0,2.0,-0.558790042,,,False,False,
251,4.0,2.0,2.0,4.0,6.0,-0.624513889,,,False,False,
78,4.0,4.0,2.0,6.0,6.0,-0.430708333,,,False,True,
117,4.0,4.0,2.0,4.0,2.0,-0.462181681,,0.32283664855757016,False,True,0.3066036417467746
33,2.0,4.0,2.0,8.0,6.0,-0.326393083,,0.2810906953831232,False,True,0.37543041100088026
21,4.0,4.0,2.0,8.0,4.0,-0.313295944,,0.255316011708548,False,True,0.08697030829205134
169,4.0,2.0,4.0,2.0,2.0,-0.879925569,,0.9526035626389832,False,True,0.22109456401332528
3,4.0,4.0,4.0,8.0,6.0,-0.174361111,,0.2228536418845848,False,True,2.116006569700338
40,2.0,4.0,4.0,6.0,6.0,-0.354989264,,0.2259245988395032,False,True,0.5755991023148532
35,2.0,4.0,2.0,6.0,4.0,-0.329550403,,0.18079653929705072,False,True,0.6587576050379209
65,4.0,2.0,4.0,8.0,6.0,-0.352691847,,0.14776448943393725,False,True,0.2534291837228584
198,2.0,2.0,2.0,4.0,2.0,-0.54725,,0.10648637404773904,False,False,0.3383333613838321
41,2.0,4.0,4.0,8.0,6.0,-0.336847361,,0.0797621469446988,False,True,0.26203792313178365
