index,parallelism_deepspeech,parallelism_ffmpeg-0,parallelism_ffmpeg-1,parallelism_ffmpeg-2,parallelism_librosa,target,memory_queue,acquisition,terminated,feasible,ml_mape
153,4.0,4.0,2.0,6.0,2.0,-0.487353861,,,False,True,
229,4.0,4.0,2.0,2.0,4.0,-2.081097222,,,False,False,
228,2.0,2.0,2.0,2.0,4.0,-1.829888889,,,False,False,
152,2.0,2.0,4.0,4.0,2.0,-0.505361111,,,False,True,
161,2.0,2.0,2.0,2.0,2.0,-0.920423736,,,False,True,
136,4.0,2.0,4.0,6.0,6.0,-0.483944444,,,False,True,
191,2.0,2.0,2.0,6.0,2.0,-0.541027778,,,False,False,
43,2.0,2.0,4.0,6.0,4.0,-0.338625681,,,False,True,
57,4.0,4.0,4.0,8.0,6.0,-0.411472222,,,False,True,
44,4.0,2.0,4.0,6.0,4.0,-0.349742236,,0.9850725306316154,False,True,0.48303705542832265
16,4.0,4.0,4.0,6.0,4.0,-0.309360444,,0.9173196148050486,False,True,0.25063735451291824
65,4.0,2.0,4.0,8.0,6.0,-0.352691847,,0.9595710218204607,False,True,0.1357792554135852
47,2.0,2.0,4.0,8.0,6.0,-0.339389972,,0.8723612264927211,False,True,0.15957981323327414
117,4.0,4.0,2.0,4.0,2.0,-0.462181681,,0.8062261899038083,False,True,0.04059396555951628
169,4.0,2.0,4.0,2.0,2.0,-0.879925569,,0.8159720607239569,False,True,0.18704017116957564
7,4.0,4.0,4.0,8.0,4.0,-0.233569444,,0.8270938275482389,False,True,0.41518271166832665
25,2.0,4.0,4.0,8.0,4.0,-0.322285514,,0.8406405052373591,False,True,0.22618642040867007
125,2.0,4.0,4.0,6.0,2.0,-0.4634665,,0.8997859176540108,False,True,0.06048864769959504
129,4.0,4.0,4.0,4.0,2.0,-0.469290486,,0.8405307204657448,False,True,0.1935495116085397
