index,parallelism_deepspeech,parallelism_ffmpeg-0,parallelism_ffmpeg-1,parallelism_ffmpeg-2,parallelism_librosa,target,memory_queue,acquisition,terminated,feasible,ml_mape
57,4.0,4.0,4.0,8.0,6.0,-0.411472222,,,False,True,
12,4.0,4.0,4.0,4.0,4.0,-0.457125,,,False,True,
72,4.0,2.0,2.0,2.0,4.0,-0.389361375,,,False,True,
44,4.0,2.0,4.0,6.0,4.0,-0.349742236,,,False,True,
230,2.0,4.0,2.0,2.0,4.0,-2.073611111,,,False,False,
154,4.0,4.0,4.0,2.0,6.0,-2.677372167,,,False,True,
166,2.0,4.0,4.0,2.0,2.0,-0.686595319,,,False,True,
188,2.0,2.0,4.0,4.0,2.0,-0.537317903,,,False,False,
74,4.0,4.0,2.0,8.0,4.0,-0.413611111,,,False,True,
55,4.0,2.0,2.0,6.0,6.0,-0.347265153,,0.10338905531214182,False,True,0.16176071710497963
117,4.0,4.0,2.0,4.0,2.0,-0.462181681,,0.10769540060256169,False,True,0.43850599761814857
0,4.0,2.0,2.0,4.0,4.0,-0.478763889,,0.10379127597230292,False,True,0.3815483306189306
160,4.0,4.0,4.0,2.0,2.0,-0.833162361,,0.1268669742389877,False,True,0.8810446483173026
0,4.0,2.0,2.0,4.0,4.0,-0.478763889,,1.0,False,True,0.1253390272086267
0,4.0,2.0,2.0,4.0,4.0,-0.478763889,,1.0,False,True,0.07312774893309858
137,2.0,4.0,4.0,8.0,2.0,-0.471614069,,0.11363224357978832,False,True,0.9249296206592652
54,4.0,2.0,4.0,4.0,4.0,-0.355211889,,0.15367919564634475,False,True,0.28513850101157406
31,4.0,2.0,4.0,6.0,6.0,-0.327348181,,0.16505662628699,False,True,0.14180208162640176
0,4.0,2.0,2.0,4.0,4.0,-0.478763889,,1.0,False,True,0.06987679274604118
