index,parallelism_deepspeech,parallelism_ffmpeg-0,parallelism_ffmpeg-1,parallelism_ffmpeg-2,parallelism_librosa,target,memory_queue,acquisition,terminated,feasible,ml_mape
272,4.0,4.0,4.0,8.0,2.0,-0.842475736,,,False,False,
147,2.0,2.0,4.0,8.0,4.0,-0.496416667,,,False,True,
0,4.0,2.0,2.0,4.0,4.0,-0.478763889,,,False,True,
55,4.0,2.0,2.0,6.0,6.0,-0.347265153,,,False,True,
256,2.0,4.0,2.0,4.0,2.0,-0.640430556,,,False,False,
62,4.0,2.0,4.0,8.0,4.0,-0.374241069,,,False,True,
7,4.0,4.0,4.0,8.0,4.0,-0.233569444,,,False,True,
268,4.0,4.0,2.0,4.0,2.0,-0.752026028,,,False,False,
169,4.0,2.0,4.0,2.0,2.0,-0.879925569,,,False,True,
3,4.0,4.0,4.0,8.0,6.0,-0.174361111,,-0.0,False,True,4.8720574546346676
5,4.0,4.0,4.0,6.0,6.0,-0.289680556,,0.08583945123398717,False,True,3.4108523885881925
65,4.0,2.0,4.0,8.0,6.0,-0.352691847,,0.23333485840399187,False,True,0.5149856633763357
16,4.0,4.0,4.0,6.0,4.0,-0.309360444,,0.20488027227650651,False,True,0.30567252665061795
8,2.0,2.0,2.0,8.0,4.0,-0.240564167,,0.10371945985768971,False,True,0.009856418139744055
192,4.0,2.0,2.0,8.0,4.0,-0.5575,,0.21230383034750305,False,False,0.9943336249223822
9,4.0,4.0,4.0,4.0,6.0,-0.68646125,,0.09803449736260628,False,True,0.020267812589247928
31,4.0,2.0,4.0,6.0,6.0,-0.327348181,,0.14750077211814,False,True,0.5746231600006926
44,4.0,2.0,4.0,6.0,4.0,-0.349742236,,0.13789155361494088,False,True,0.0854824072025878
29,4.0,4.0,2.0,6.0,6.0,-0.329223611,,0.12586177535343607,False,True,0.98922022020445
