index,parallelism_deepspeech,parallelism_ffmpeg-0,parallelism_ffmpeg-1,parallelism_ffmpeg-2,parallelism_librosa,target,memory_queue,acquisition,terminated,feasible,ml_mape
269,4.0,4.0,2.0,8.0,2.0,-0.818444444,,,False,False,
155,2.0,4.0,4.0,4.0,2.0,-0.489930597,,,False,True,
137,2.0,4.0,4.0,8.0,2.0,-0.471614069,,,False,True,
70,4.0,2.0,4.0,6.0,6.0,-0.376416667,,,False,True,
31,4.0,2.0,4.0,6.0,6.0,-0.327348181,,,False,True,
71,4.0,4.0,2.0,8.0,4.0,-0.4445,,,False,True,
234,4.0,4.0,4.0,2.0,2.0,-0.777097222,,,False,False,
248,2.0,4.0,4.0,2.0,2.0,-1.079555556,,,False,False,
169,4.0,2.0,4.0,2.0,2.0,-0.879925569,,,False,True,
41,2.0,4.0,4.0,8.0,6.0,-0.336847361,,0.010613925614845218,False,True,1.9001824443590742
3,4.0,4.0,4.0,8.0,6.0,-0.174361111,,0.7187926753949196,False,True,0.20414737638610816
13,4.0,4.0,2.0,8.0,6.0,-0.298934014,,0.8055592836791247,False,True,0.834069247904475
65,4.0,2.0,4.0,8.0,6.0,-0.352691847,,0.8249617834258227,False,True,0.906677090483471
0,4.0,2.0,2.0,4.0,4.0,-0.478763889,,0.9206377323211143,False,True,0.3282993547264289
7,4.0,4.0,4.0,8.0,4.0,-0.233569444,,0.818678124630392,False,True,0.36535682518430007
18,4.0,4.0,2.0,6.0,4.0,-0.312747681,,0.7668328625836949,False,True,0.14342115298133565
25,2.0,4.0,4.0,8.0,4.0,-0.322285514,,0.7778638529773891,False,True,0.3282198525267754
16,4.0,4.0,4.0,6.0,4.0,-0.309360444,,0.8894814649370615,False,True,0.3638466316393702
107,4.0,4.0,4.0,6.0,2.0,-0.446536125,,0.7901715395161752,False,True,0.24894757703448095
