index,parallelism_deepspeech,parallelism_ffmpeg-0,parallelism_ffmpeg-1,parallelism_ffmpeg-2,parallelism_librosa,target,memory_queue,acquisition,terminated,feasible,ml_mape
48,4.0,2.0,4.0,6.0,4.0,-0.342658708,,,False,True,
117,4.0,4.0,2.0,4.0,2.0,-0.462181681,,,False,True,
56,4.0,2.0,2.0,4.0,6.0,-0.352285833,,,False,True,
137,2.0,4.0,4.0,8.0,2.0,-0.471614069,,,False,True,
153,4.0,4.0,2.0,6.0,2.0,-0.487353861,,,False,True,
192,4.0,2.0,2.0,8.0,4.0,-0.5575,,,False,False,
152,2.0,2.0,4.0,4.0,2.0,-0.505361111,,,False,True,
91,2.0,4.0,2.0,8.0,6.0,-0.442208333,,,False,True,
191,2.0,2.0,2.0,6.0,2.0,-0.541027778,,,False,False,
9,4.0,4.0,4.0,4.0,6.0,-0.68646125,,0.9729604597505646,False,True,0.25043392505113804
31,4.0,2.0,4.0,6.0,6.0,-0.327348181,,0.0021567310188154447,False,True,0.3404087312666582
87,4.0,2.0,4.0,4.0,2.0,-0.421543819,,0.0028152677481284483,False,True,0.17889463718110163
3,4.0,4.0,4.0,8.0,6.0,-0.174361111,,0.0028452984226286925,False,True,0.8430932187276975
29,4.0,4.0,2.0,6.0,6.0,-0.329223611,,0.0004320852885586627,False,True,0.3316716931010994
13,4.0,4.0,2.0,8.0,6.0,-0.298934014,,0.001382560617150661,False,True,0.3649982080092823
16,4.0,4.0,4.0,6.0,4.0,-0.309360444,,0.000611412810498997,False,True,0.3144601642169732
41,2.0,4.0,4.0,8.0,6.0,-0.336847361,,0.0007105788668986501,False,True,0.18801444966758124
107,4.0,4.0,4.0,6.0,2.0,-0.446536125,,0.0006617232001313278,False,True,0.03541282497177056
125,2.0,4.0,4.0,6.0,2.0,-0.4634665,,0.0005401203645478294,False,True,0.17308142580540872
