index,parallelism_deepspeech,parallelism_ffmpeg-0,parallelism_ffmpeg-1,parallelism_ffmpeg-2,parallelism_librosa,target,memory_queue,acquisition,terminated,feasible,ml_mape
223,2.0,2.0,2.0,2.0,2.0,-1.058027778,,,False,False,
31,4.0,2.0,4.0,6.0,6.0,-0.327348181,,,False,True,
76,4.0,4.0,2.0,6.0,4.0,-0.409236111,,,False,True,
150,4.0,2.0,2.0,2.0,4.0,-1.702361111,,,False,True,
179,4.0,4.0,2.0,2.0,2.0,-0.773426778,,,False,False,
202,2.0,2.0,2.0,4.0,2.0,-0.544842333,,,False,False,
145,2.0,2.0,4.0,6.0,4.0,-0.503777778,,,False,True,
60,2.0,2.0,4.0,6.0,6.0,-0.347250847,,,False,True,
240,4.0,2.0,4.0,2.0,2.0,-1.144777778,,,False,False,
165,4.0,4.0,2.0,2.0,6.0,-1.700916667,,0.9862309184741359,False,True,0.227740097538285
58,4.0,2.0,2.0,8.0,6.0,-0.368771528,,0.31726054334211334,False,True,0.9260804627906235
41,2.0,4.0,4.0,8.0,6.0,-0.336847361,,0.9741040466945058,False,True,0.08864963588627525
121,4.0,4.0,2.0,8.0,2.0,-0.475219681,,0.2001327280854031,False,True,0.28575811935905926
59,4.0,2.0,4.0,8.0,4.0,-0.346334431,,0.18043413651241222,False,True,0.34893318306021165
3,4.0,4.0,4.0,8.0,6.0,-0.174361111,,0.151190873451412,False,True,1.2978705484486288
13,4.0,4.0,2.0,8.0,6.0,-0.298934014,,0.8494204170182645,False,True,0.07310528883764353
137,2.0,4.0,4.0,8.0,2.0,-0.471614069,,0.09693097923964518,False,True,0.3920893364374183
65,4.0,2.0,4.0,8.0,6.0,-0.352691847,,0.0786763531907181,False,True,0.3714770398543425
210,4.0,2.0,2.0,2.0,6.0,-0.572237847,,0.8349014145175893,False,False,0.28971016765921703
